applicant_id,age,occupation_type,monthly_upi_txn_count,monthly_upi_turnover,avg_daily_balance,cashflow_volatility,utility_payment_reliability,rent_payment_reliability,months_of_transaction_history,requested_loan_amount,alternate_credit_score,approved
THIN-000000,20,Shopkeeper,220,22300.0,7330.0,0.309,0.843,0.609,45,108000.0,530,1
THIN-000001,33,Vendor,350,70000.0,10590.0,0.171,0.828,0.57,7,173000.0,537,1
THIN-000002,53,Vendor,27,75200.0,6030.0,0.421,0.771,0.674,21,249000.0,446,1
THIN-000003,43,Gig Worker,224,164100.0,8240.0,0.237,0.88,0.506,17,5000.0,524,1
THIN-000004,20,Vendor,223,42600.0,13270.0,0.112,0.871,0.759,41,139000.0,637,1
THIN-000005,35,Vendor,376,166200.0,6920.0,0.331,0.631,0.355,37,88000.0,523,1
THIN-000006,40,Gig Worker,451,49900.0,13990.0,0.303,0.659,0.848,58,28000.0,573,1
THIN-000007,44,Shopkeeper,353,56900.0,13460.0,0.63,0.886,0.704,30,48000.0,501,1
THIN-000008,55,Vendor,247,65400.0,12140.0,0.288,0.522,0.801,42,69000.0,537,1
THIN-000009,45,Vendor,737,117000.0,13950.0,0.563,0.733,0.572,33,58000.0,503,1
THIN-000010,43,Gig Worker,567,7700.0,17420.0,0.173,0.742,0.293,40,131000.0,560,1
THIN-000011,19,Shopkeeper,307,7800.0,12360.0,0.36,0.928,0.392,4,147000.0,430,1
THIN-000012,38,Vendor,269,8800.0,930.0,0.563,0.642,0.579,27,12000.0,416,0
THIN-000013,50,Vendor,575,131000.0,8500.0,0.457,0.844,0.761,52,172000.0,556,1
THIN-000014,31,Vendor,376,80000.0,4020.0,0.157,0.825,0.836,54,69000.0,640,1
THIN-000015,59,Freelancer,501,5000.0,9840.0,0.287,0.788,0.887,5,61000.0,490,0
THIN-000016,19,Gig Worker,158,77100.0,7830.0,0.047,0.474,0.753,45,8000.0,625,1
THIN-000017,39,Freelancer,724,67500.0,16180.0,0.677,0.627,0.557,55,227000.0,479,1
THIN-000018,25,Gig Worker,771,169400.0,17750.0,0.36,0.834,0.78,42,244000.0,585,1
THIN-000019,23,Shopkeeper,597,15400.0,18930.0,0.284,0.851,0.586,56,114000.0,565,1
THIN-000020,29,Shopkeeper,433,79100.0,13420.0,0.1,0.902,0.665,5,140000.0,595,1
THIN-000021,55,Gig Worker,449,98400.0,200.0,0.016,0.677,0.622,24,82000.0,646,1
THIN-000022,21,Shopkeeper,98,71000.0,12190.0,0.516,0.904,0.67,23,5000.0,461,1
THIN-000023,44,Shopkeeper,304,42800.0,25970.0,0.039,0.951,0.356,30,40000.0,654,1
THIN-000024,20,Freelancer,402,39600.0,6320.0,0.585,0.759,0.604,13,71000.0,440,0
THIN-000025,34,Freelancer,633,33000.0,2420.0,0.551,0.628,0.69,6,143000.0,413,0
THIN-000026,50,Freelancer,125,77300.0,5050.0,0.522,0.835,0.816,46,136000.0,498,1
THIN-000027,48,Vendor,523,9900.0,12660.0,0.048,0.842,0.432,23,117000.0,620,1
THIN-000028,28,Gig Worker,279,141800.0,200.0,0.279,0.816,0.562,12,54000.0,482,1
THIN-000029,57,Vendor,135,177600.0,200.0,0.196,0.875,0.938,38,219000.0,593,1
THIN-000030,31,Gig Worker,789,77900.0,200.0,0.212,0.776,0.77,25,259000.0,564,1
THIN-000031,42,Shopkeeper,720,51700.0,8910.0,0.375,0.889,0.763,9,139000.0,501,1
THIN-000032,52,Shopkeeper,303,116800.0,10000.0,0.201,0.649,0.856,54,151000.0,601,1
THIN-000033,19,Vendor,162,6600.0,7330.0,0.21,0.758,0.6,7,242000.0,459,1
THIN-000034,32,Vendor,259,62700.0,8590.0,0.244,0.719,0.829,37,13000.0,576,1
THIN-000035,24,Gig Worker,99,136300.0,15630.0,0.144,0.822,0.588,5,186000.0,518,1
THIN-000036,45,Vendor,164,66100.0,3420.0,0.298,0.56,0.492,23,236000.0,459,1
THIN-000037,51,Shopkeeper,293,96700.0,10450.0,0.111,0.562,0.764,26,49000.0,598,1
THIN-000038,47,Shopkeeper,385,75900.0,200.0,0.207,0.789,0.51,48,141000.0,569,1
THIN-000039,20,Vendor,330,112000.0,8310.0,0.265,0.851,0.849,33,210000.0,594,1
THIN-000040,27,Gig Worker,263,95700.0,200.0,0.511,0.861,0.904,41,5000.0,516,1
THIN-000041,53,Shopkeeper,383,44900.0,2770.0,0.324,0.819,0.793,18,209000.0,521,1
THIN-000042,42,Shopkeeper,64,129000.0,24130.0,0.079,0.726,0.458,21,12000.0,567,1
THIN-000043,35,Vendor,112,51600.0,12830.0,0.257,0.881,0.896,12,143000.0,513,1
THIN-000044,26,Vendor,347,106400.0,7930.0,0.194,0.747,0.78,47,105000.0,612,1
THIN-000045,20,Vendor,579,158600.0,26650.0,0.041,0.905,0.785,44,157000.0,731,1
THIN-000046,27,Gig Worker,161,12400.0,1630.0,0.329,0.784,0.774,50,111000.0,509,1
THIN-000047,23,Gig Worker,711,152000.0,19480.0,0.01,0.736,0.701,50,251000.0,724,1
THIN-000048,33,Shopkeeper,609,105300.0,12300.0,0.19,0.952,0.811,6,180000.0,575,1
THIN-000049,53,Freelancer,94,107400.0,1680.0,0.117,0.661,0.622,30,93000.0,564,1
THIN-000050,34,Vendor,151,134200.0,8470.0,0.136,0.759,0.584,9,9000.0,529,1
THIN-000051,42,Vendor,549,97000.0,10440.0,0.528,0.848,0.935,11,204000.0,495,0
THIN-000052,58,Shopkeeper,153,78800.0,2430.0,0.389,0.763,0.511,8,98000.0,419,0
THIN-000053,54,Freelancer,766,153000.0,14280.0,0.292,0.624,0.813,56,200000.0,582,1
THIN-000054,57,Vendor,543,184500.0,20420.0,0.6,0.741,0.793,31,14000.0,521,1
THIN-000055,46,Vendor,260,54800.0,5980.0,0.326,0.617,0.702,6,54000.0,448,0
THIN-000056,37,Vendor,294,92500.0,16690.0,0.243,0.771,0.851,36,78000.0,597,1
THIN-000057,53,Freelancer,307,6500.0,13640.0,0.104,0.695,0.595,37,15000.0,599,1
THIN-000058,33,Shopkeeper,250,75500.0,18120.0,0.412,0.98,0.881,17,5000.0,519,1
THIN-000059,29,Shopkeeper,661,170300.0,8160.0,0.314,0.621,0.641,18,6000.0,512,1
THIN-000060,39,Shopkeeper,270,118600.0,15590.0,0.176,0.863,0.899,45,136000.0,637,1
THIN-000061,21,Vendor,233,53600.0,14730.0,0.35,0.778,0.419,40,95000.0,510,1
THIN-000062,30,Shopkeeper,747,112100.0,17360.0,0.178,0.785,0.884,28,235000.0,626,1
THIN-000063,42,Shopkeeper,337,5000.0,8750.0,0.461,0.896,0.907,39,315000.0,528,1
THIN-000064,37,Vendor,84,45100.0,13190.0,0.241,0.79,0.612,30,71000.0,522,1
THIN-000065,21,Shopkeeper,203,64100.0,8100.0,0.25,0.877,0.682,16,17000.0,519,1
THIN-000066,27,Shopkeeper,479,90900.0,11580.0,0.142,0.657,0.798,39,172000.0,636,1
THIN-000067,26,Shopkeeper,74,13600.0,1490.0,0.135,0.799,0.495,35,301000.0,544,1
THIN-000068,53,Shopkeeper,708,28200.0,200.0,0.425,0.656,0.566,55,130000.0,486,1
THIN-000069,50,Shopkeeper,774,5000.0,14150.0,0.461,0.607,0.602,4,39000.0,401,0
THIN-000070,23,Vendor,99,22800.0,200.0,0.529,0.479,0.871,51,242000.0,428,1
THIN-000071,40,Gig Worker,699,96200.0,10190.0,0.155,0.936,0.333,15,65000.0,566,1
THIN-000072,37,Vendor,277,56600.0,13580.0,0.326,0.679,0.856,18,160000.0,507,1
THIN-000073,55,Shopkeeper,772,5000.0,23800.0,0.31,0.84,0.75,4,131000.0,479,1
THIN-000074,27,Shopkeeper,158,143200.0,200.0,0.127,0.708,0.959,51,227000.0,610,1
THIN-000075,41,Shopkeeper,224,71100.0,4490.0,0.108,0.753,0.936,36,127000.0,642,1
THIN-000076,26,Shopkeeper,420,131300.0,10640.0,0.62,0.93,0.923,19,79000.0,514,1
THIN-000077,44,Gig Worker,36,48100.0,200.0,0.275,0.698,0.631,47,120000.0,488,1
THIN-000078,38,Freelancer,418,26200.0,23860.0,0.239,0.914,0.853,31,124000.0,606,1
THIN-000079,36,Gig Worker,168,97400.0,11730.0,0.277,0.804,0.456,55,55000.0,533,1
THIN-000080,34,Vendor,109,84900.0,7970.0,0.12,0.65,0.595,32,386000.0,572,1
THIN-000081,47,Vendor,105,128400.0,10160.0,0.414,0.447,0.632,21,91000.0,428,0
THIN-000082,55,Gig Worker,189,116700.0,10490.0,0.208,0.498,0.625,36,127000.0,544,1
THIN-000083,30,Vendor,712,107600.0,200.0,0.259,0.821,0.789,4,156000.0,504,1
THIN-000084,26,Shopkeeper,555,98000.0,19300.0,0.246,0.718,0.487,21,190000.0,537,1
THIN-000085,34,Gig Worker,360,5000.0,200.0,0.17,0.649,0.758,12,23000.0,498,1
THIN-000086,45,Gig Worker,116,65100.0,200.0,0.202,0.892,0.594,15,288000.0,495,1
THIN-000087,59,Vendor,98,132000.0,200.0,0.223,0.772,0.668,54,156000.0,538,1
THIN-000088,37,Vendor,727,151200.0,200.0,0.41,0.908,0.577,26,135000.0,512,1
THIN-000089,27,Gig Worker,179,147200.0,10750.0,0.34,0.908,0.66,31,156000.0,537,1
THIN-000090,35,Vendor,576,5000.0,200.0,0.161,0.493,0.615,58,58000.0,538,1
THIN-000091,41,Vendor,745,76000.0,1080.0,0.124,0.908,0.709,18,130000.0,604,1
THIN-000092,49,Freelancer,443,58400.0,200.0,0.15,0.783,0.863,26,289000.0,600,1
THIN-000093,40,Gig Worker,175,41000.0,800.0,0.151,0.893,0.551,38,5000.0,578,1
THIN-000094,54,Shopkeeper,651,142600.0,1630.0,0.37,0.907,0.633,26,91000.0,537,1
THIN-000095,56,Vendor,67,62300.0,12770.0,0.265,0.864,0.702,3,229000.0,464,1
THIN-000096,31,Shopkeeper,651,101500.0,14520.0,0.319,0.752,0.369,7,5000.0,471,1
THIN-000097,36,Vendor,365,93200.0,3160.0,0.136,0.462,0.397,47,59000.0,569,1
THIN-000098,19,Vendor,238,114300.0,560.0,0.147,0.852,0.275,18,21000.0,524,1
THIN-000099,25,Shopkeeper,139,77200.0,11310.0,0.352,0.655,0.772,41,143000.0,516,1
THIN-000100,54,Shopkeeper,274,66900.0,7300.0,0.124,0.658,0.846,31,152000.0,612,1
THIN-000101,55,Shopkeeper,91,23100.0,15020.0,0.096,0.549,0.76,29,140000.0,567,1
THIN-000102,45,Freelancer,300,221700.0,10580.0,0.311,0.853,0.615,16,8000.0,520,1
THIN-000103,30,Freelancer,658,70200.0,4270.0,0.43,0.838,0.781,42,82000.0,552,1
THIN-000104,23,Shopkeeper,88,31600.0,9510.0,0.178,0.855,0.841,40,151000.0,585,1
THIN-000105,48,Shopkeeper,529,76400.0,18540.0,0.082,0.531,0.44,47,152000.0,623,1
THIN-000106,44,Vendor,312,164400.0,2820.0,0.374,0.803,0.816,54,181000.0,557,1
THIN-000107,50,Vendor,65,172200.0,10180.0,0.108,0.783,0.694,18,109000.0,569,1
THIN-000108,39,Vendor,174,13700.0,200.0,0.237,0.69,0.713,27,77000.0,492,1
THIN-000109,24,Vendor,113,90700.0,200.0,0.304,0.365,0.723,56,142000.0,469,1
THIN-000110,55,Freelancer,330,103300.0,200.0,0.064,0.695,0.858,24,54000.0,627,1
THIN-000111,56,Gig Worker,788,116200.0,780.0,0.054,0.919,0.833,31,5000.0,693,1
THIN-000112,36,Vendor,536,105400.0,19850.0,0.154,0.892,0.306,16,5000.0,566,1
THIN-000113,22,Vendor,123,129600.0,510.0,0.478,0.817,0.239,46,174000.0,445,1
THIN-000114,25,Gig Worker,410,93600.0,8610.0,0.205,0.757,0.689,41,166000.0,608,1
THIN-000115,55,Vendor,163,56600.0,1500.0,0.498,0.57,0.74,20,63000.0,422,0
THIN-000116,41,Gig Worker,636,77900.0,24090.0,0.354,0.644,0.516,41,184000.0,535,1
THIN-000117,53,Vendor,81,49900.0,8290.0,0.158,0.558,0.873,6,71000.0,493,1
THIN-000118,59,Shopkeeper,590,131300.0,10910.0,0.219,0.91,0.586,38,74000.0,615,1
THIN-000119,43,Gig Worker,786,5000.0,10170.0,0.389,0.813,0.967,12,264000.0,490,1
THIN-000120,44,Gig Worker,191,147700.0,200.0,0.083,0.87,0.989,37,97000.0,660,1
THIN-000121,36,Vendor,621,5000.0,12340.0,0.146,0.736,0.769,58,142000.0,608,1
THIN-000122,56,Gig Worker,55,5000.0,8260.0,0.192,0.701,0.789,9,165000.0,464,1
THIN-000123,36,Freelancer,403,53600.0,12530.0,0.183,0.711,0.388,9,321000.0,513,1
THIN-000124,54,Freelancer,421,85100.0,18450.0,0.064,0.833,0.804,23,162000.0,668,1
THIN-000125,22,Shopkeeper,152,39400.0,13940.0,0.342,0.944,0.808,3,115000.0,467,1
THIN-000126,43,Vendor,630,50600.0,15440.0,0.104,0.688,0.894,57,79000.0,663,1
THIN-000127,43,Vendor,794,5000.0,3850.0,0.045,0.65,0.587,7,283000.0,561,1
THIN-000128,26,Gig Worker,436,152200.0,20060.0,0.342,0.693,0.771,26,238000.0,548,1
THIN-000129,21,Gig Worker,771,47700.0,200.0,0.319,0.629,0.713,28,71000.0,508,1
THIN-000130,51,Shopkeeper,538,86300.0,13280.0,0.167,0.794,0.664,35,134000.0,625,1
THIN-000131,28,Vendor,153,94900.0,12470.0,0.083,0.659,0.687,57,109000.0,622,1
THIN-000132,59,Gig Worker,56,154500.0,14980.0,0.535,0.499,0.622,9,208000.0,378,0
THIN-000133,30,Gig Worker,742,77100.0,1460.0,0.213,0.933,0.486,18,183000.0,549,1
THIN-000134,50,Shopkeeper,769,95400.0,5490.0,0.221,0.477,0.79,29,125000.0,560,1
THIN-000135,24,Freelancer,326,5000.0,12160.0,0.327,0.868,0.708,14,267000.0,484,1
THIN-000136,47,Shopkeeper,253,132200.0,200.0,0.098,0.774,0.619,37,67000.0,615,1
THIN-000137,52,Vendor,181,40500.0,32440.0,0.12,0.849,0.82,53,211000.0,634,1
THIN-000138,45,Freelancer,266,185300.0,24280.0,0.15,0.812,0.508,30,84000.0,600,1
THIN-000139,36,Vendor,438,124700.0,9230.0,0.338,0.668,0.706,14,96000.0,504,1
THIN-000140,24,Shopkeeper,342,87100.0,13620.0,0.072,0.724,0.611,37,108000.0,656,1
THIN-000141,25,Gig Worker,626,38400.0,11230.0,0.224,0.728,0.747,48,209000.0,594,1
THIN-000142,39,Vendor,532,110000.0,5180.0,0.033,0.371,0.531,57,50000.0,641,1
THIN-000143,41,Vendor,769,119600.0,11750.0,0.357,0.611,0.924,29,38000.0,550,1
THIN-000144,59,Freelancer,420,41800.0,17930.0,0.115,0.74,0.625,40,187000.0,637,1
THIN-000145,29,Gig Worker,452,98500.0,200.0,0.203,0.801,0.712,10,216000.0,530,1
THIN-000146,42,Gig Worker,602,70700.0,2540.0,0.264,0.832,0.787,22,164000.0,558,1
THIN-000147,38,Gig Worker,619,61100.0,5770.0,0.235,0.768,0.609,7,183000.0,511,1
THIN-000148,27,Vendor,439,70500.0,200.0,0.241,0.817,0.536,27,181000.0,540,1
THIN-000149,58,Gig Worker,361,82200.0,16790.0,0.085,0.957,0.591,38,14000.0,676,1
THIN-000150,27,Freelancer,158,174000.0,6000.0,0.195,0.554,0.324,40,210000.0,525,1
THIN-000151,27,Shopkeeper,617,58800.0,12850.0,0.442,0.659,0.476,33,222000.0,499,1
THIN-000152,51,Shopkeeper,752,165000.0,6590.0,0.167,0.817,0.926,4,100000.0,577,1
THIN-000153,25,Vendor,372,56000.0,7060.0,0.454,0.466,0.914,26,45000.0,489,1
THIN-000154,34,Vendor,210,93100.0,24930.0,0.507,0.813,0.557,6,5000.0,424,0
THIN-000155,57,Vendor,510,62800.0,3980.0,0.13,0.688,0.853,18,166000.0,595,1
THIN-000156,53,Gig Worker,439,166100.0,12280.0,0.07,0.546,0.865,16,85000.0,626,1
THIN-000157,58,Gig Worker,402,61500.0,15110.0,0.326,0.975,0.77,10,141000.0,531,1
THIN-000158,52,Vendor,432,87800.0,7570.0,0.234,0.843,0.949,24,77000.0,598,1
THIN-000159,50,Gig Worker,558,101400.0,200.0,0.293,0.77,0.479,6,155000.0,464,1
THIN-000160,30,Gig Worker,516,17800.0,16300.0,0.288,0.963,0.673,26,44000.0,559,1
THIN-000161,52,Shopkeeper,221,29800.0,200.0,0.125,0.677,0.688,36,41000.0,575,1
THIN-000162,44,Shopkeeper,122,106700.0,6570.0,0.413,0.551,0.743,59,200000.0,486,1
THIN-000163,47,Shopkeeper,278,108400.0,29070.0,0.261,0.822,0.627,21,127000.0,541,1
THIN-000164,33,Shopkeeper,22,5000.0,6640.0,0.308,0.685,0.807,15,242000.0,431,0
THIN-000165,46,Freelancer,621,106300.0,15340.0,0.256,0.972,0.755,31,193000.0,610,1
THIN-000166,56,Vendor,693,5000.0,200.0,0.155,0.585,0.534,47,136000.0,543,1
THIN-000167,50,Freelancer,261,5000.0,200.0,0.207,0.714,0.67,31,5000.0,514,1
THIN-000168,30,Shopkeeper,208,230900.0,10570.0,0.23,0.784,0.833,50,117000.0,596,1
THIN-000169,25,Freelancer,149,81700.0,8110.0,0.384,0.531,0.608,11,126000.0,418,0
THIN-000170,55,Vendor,385,111100.0,14070.0,0.254,0.715,0.547,3,71000.0,492,1
THIN-000171,40,Vendor,727,68400.0,7240.0,0.1,0.706,0.492,57,138000.0,630,1
THIN-000172,38,Gig Worker,515,49800.0,21500.0,0.015,0.898,0.738,15,27000.0,677,1
THIN-000173,29,Freelancer,277,138500.0,5430.0,0.489,0.848,0.588,43,62000.0,514,1
THIN-000174,45,Vendor,297,5000.0,2590.0,0.244,0.846,0.67,26,5000.0,521,1
THIN-000175,37,Shopkeeper,762,111400.0,10610.0,0.232,0.825,0.627,28,5000.0,582,1
THIN-000176,37,Shopkeeper,481,27000.0,20280.0,0.249,0.871,0.758,5,75000.0,523,1
THIN-000177,23,Freelancer,493,176700.0,1100.0,0.488,0.676,0.822,54,97000.0,529,1
THIN-000178,36,Shopkeeper,372,170800.0,200.0,0.118,0.955,0.612,46,5000.0,645,1
THIN-000179,39,Shopkeeper,334,90100.0,14420.0,0.361,0.895,0.959,52,59000.0,589,1
THIN-000180,36,Shopkeeper,137,48800.0,12780.0,0.207,0.661,0.67,21,241000.0,513,1
THIN-000181,46,Vendor,702,119500.0,8020.0,0.363,0.741,0.734,31,5000.0,549,1
THIN-000182,34,Shopkeeper,500,170800.0,6310.0,0.145,0.856,0.774,6,5000.0,583,1
THIN-000183,46,Vendor,128,14600.0,19980.0,0.265,0.751,0.789,56,50000.0,537,1
THIN-000184,54,Gig Worker,75,82900.0,6190.0,0.554,0.876,0.765,33,129000.0,480,1
THIN-000185,52,Vendor,716,137400.0,2960.0,0.086,0.683,0.738,27,165000.0,638,1
THIN-000186,55,Shopkeeper,670,115700.0,11800.0,0.135,0.496,0.757,38,164000.0,621,1
THIN-000187,27,Shopkeeper,369,41000.0,11750.0,0.132,0.896,0.643,38,163000.0,640,1
THIN-000188,55,Vendor,721,70800.0,12730.0,0.08,0.592,0.683,25,64000.0,622,1
THIN-000189,49,Shopkeeper,420,92500.0,2850.0,0.211,0.798,0.537,9,125000.0,522,1
THIN-000190,53,Shopkeeper,262,143800.0,21500.0,0.181,0.812,0.692,31,147000.0,601,1
THIN-000191,23,Vendor,84,30700.0,17960.0,0.278,0.747,0.713,59,222000.0,526,1
THIN-000192,22,Gig Worker,171,5000.0,6180.0,0.194,0.985,0.811,44,173000.0,580,1
THIN-000193,28,Shopkeeper,776,159500.0,14350.0,0.29,0.773,0.669,33,90000.0,578,1
THIN-000194,42,Vendor,260,110900.0,14770.0,0.393,0.637,0.664,39,256000.0,518,1
THIN-000195,40,Shopkeeper,459,152100.0,19220.0,0.372,0.937,0.671,37,69000.0,582,1
THIN-000196,25,Freelancer,491,45100.0,10110.0,0.362,0.658,0.363,30,226000.0,494,1
THIN-000197,20,Freelancer,266,116700.0,15960.0,0.516,0.597,0.806,8,130000.0,434,0
THIN-000198,46,Freelancer,176,93600.0,9350.0,0.426,0.815,0.499,30,63000.0,483,1
THIN-000199,31,Gig Worker,80,52300.0,200.0,0.201,0.888,0.837,52,158000.0,562,1
THIN-000200,50,Vendor,169,12700.0,830.0,0.316,0.863,0.492,27,282000.0,471,1
THIN-000201,19,Vendor,717,32900.0,10130.0,0.064,0.542,0.603,50,389000.0,637,1
THIN-000202,45,Vendor,611,97000.0,12700.0,0.264,0.879,0.771,58,179000.0,609,1
THIN-000203,50,Vendor,714,99100.0,11080.0,0.066,0.499,0.861,22,284000.0,632,1
THIN-000204,30,Gig Worker,533,90200.0,19560.0,0.124,0.803,0.728,48,131000.0,658,1
THIN-000205,43,Vendor,254,8700.0,200.0,0.43,0.806,0.62,58,38000.0,472,1
THIN-000206,57,Vendor,160,106200.0,200.0,0.297,0.854,0.776,47,32000.0,538,1
THIN-000207,36,Shopkeeper,363,5000.0,8210.0,0.081,0.703,0.531,9,219000.0,543,1
THIN-000208,50,Shopkeeper,518,73200.0,33640.0,0.351,0.721,0.682,33,6000.0,552,1
THIN-000209,39,Vendor,99,5000.0,20790.0,0.361,0.518,0.562,12,43000.0,387,0
THIN-000210,42,Gig Worker,470,53700.0,10780.0,0.39,0.689,0.423,25,5000.0,486,0
THIN-000211,48,Freelancer,78,5000.0,11330.0,0.202,0.676,0.808,48,321000.0,532,1
THIN-000212,38,Shopkeeper,687,80700.0,12370.0,0.059,0.896,0.725,31,103000.0,688,1
THIN-000213,36,Shopkeeper,521,25000.0,14310.0,0.245,0.814,0.851,38,287000.0,602,1
THIN-000214,21,Freelancer,773,136700.0,200.0,0.025,0.668,0.78,42,98000.0,686,1
THIN-000215,32,Freelancer,347,130500.0,7680.0,0.466,0.916,0.818,24,17000.0,529,1
THIN-000216,31,Shopkeeper,427,88800.0,4480.0,0.378,0.866,0.641,35,122000.0,554,1
THIN-000217,37,Shopkeeper,253,91400.0,13540.0,0.035,0.865,0.544,7,168000.0,604,1
THIN-000218,37,Shopkeeper,565,33900.0,22130.0,0.2,0.505,0.918,11,210000.0,534,1
THIN-000219,32,Freelancer,792,65200.0,13200.0,0.155,0.811,0.65,33,5000.0,623,1
THIN-000220,26,Vendor,91,154100.0,3110.0,0.328,0.459,0.782,16,158000.0,445,1
THIN-000221,27,Vendor,529,83200.0,200.0,0.168,0.817,0.741,13,122000.0,555,1
THIN-000222,57,Vendor,737,125900.0,10320.0,0.084,0.815,0.625,41,190000.0,672,1
THIN-000223,21,Gig Worker,221,95800.0,8670.0,0.076,0.972,0.839,15,188000.0,630,1
THIN-000224,42,Shopkeeper,376,89200.0,4390.0,0.284,0.677,0.693,52,173000.0,563,1
THIN-000225,50,Vendor,769,91300.0,10340.0,0.667,0.748,0.652,32,201000.0,493,1
THIN-000226,51,Gig Worker,715,84600.0,10220.0,0.246,0.69,0.622,13,44000.0,521,1
THIN-000227,57,Vendor,547,101500.0,16000.0,0.023,0.741,0.523,20,61000.0,654,1
THIN-000228,27,Vendor,750,14000.0,9460.0,0.369,0.857,0.881,34,108000.0,558,1
THIN-000229,24,Vendor,647,125800.0,4390.0,0.08,0.992,0.67,8,40000.0,623,1
THIN-000230,35,Vendor,491,126300.0,21030.0,0.165,0.647,0.77,34,182000.0,624,1
THIN-000231,57,Shopkeeper,24,69000.0,5980.0,0.314,0.606,0.857,52,154000.0,507,1
THIN-000232,41,Gig Worker,513,79800.0,3850.0,0.559,0.9,0.41,35,40000.0,501,1
THIN-000233,46,Shopkeeper,178,97700.0,10300.0,0.417,0.694,0.655,58,5000.0,502,1
THIN-000234,20,Gig Worker,644,9000.0,7440.0,0.074,0.876,0.332,8,115000.0,557,1
THIN-000235,51,Gig Worker,705,61800.0,2910.0,0.773,0.807,0.498,23,150000.0,442,0
THIN-000236,46,Shopkeeper,787,136400.0,200.0,0.055,0.535,0.657,38,219000.0,641,1
THIN-000237,44,Shopkeeper,469,115000.0,12150.0,0.06,0.884,0.634,42,184000.0,695,1
THIN-000238,29,Gig Worker,439,68700.0,10460.0,0.523,0.628,0.541,46,5000.0,495,1
THIN-000239,51,Gig Worker,656,5000.0,7630.0,0.19,0.749,0.456,4,30000.0,479,1
THIN-000240,24,Vendor,613,56400.0,11550.0,0.527,0.785,0.823,49,42000.0,535,1
THIN-000241,44,Vendor,362,99000.0,15820.0,0.33,0.689,0.874,20,26000.0,533,1
THIN-000242,27,Vendor,536,77000.0,7470.0,0.066,0.667,0.835,27,142000.0,656,1
THIN-000243,26,Vendor,622,53700.0,8150.0,0.49,0.817,0.834,19,98000.0,501,0
THIN-000244,58,Vendor,461,117100.0,10670.0,0.104,0.878,0.533,55,205000.0,658,1
THIN-000245,40,Freelancer,569,138500.0,2190.0,0.282,0.799,0.456,5,166000.0,483,1
THIN-000246,19,Shopkeeper,146,122400.0,17940.0,0.481,0.75,0.807,11,151000.0,448,1
THIN-000247,52,Shopkeeper,384,90300.0,14800.0,0.205,0.572,0.621,29,252000.0,564,1
THIN-000248,51,Freelancer,622,151200.0,15110.0,0.474,0.665,0.69,53,136000.0,531,1
THIN-000249,21,Freelancer,449,79000.0,3710.0,0.632,0.955,0.378,13,28000.0,440,0
THIN-000250,37,Shopkeeper,172,114400.0,4050.0,0.576,0.743,0.761,55,175000.0,486,1
THIN-000251,27,Vendor,117,32100.0,1890.0,0.124,0.752,0.394,20,152000.0,515,1
THIN-000252,29,Gig Worker,219,61200.0,600.0,0.198,0.832,0.543,23,27000.0,527,1
THIN-000253,57,Gig Worker,217,172600.0,20000.0,0.208,0.676,0.92,31,143000.0,590,1
THIN-000254,37,Gig Worker,556,86700.0,200.0,0.473,0.641,0.615,11,77000.0,430,1
THIN-000255,27,Gig Worker,538,46600.0,200.0,0.234,0.634,0.722,50,177000.0,557,1
THIN-000256,40,Gig Worker,464,183000.0,18610.0,0.105,0.742,0.915,49,307000.0,686,1
THIN-000257,33,Vendor,371,163600.0,12490.0,0.22,0.799,0.632,32,5000.0,595,1
THIN-000258,36,Gig Worker,282,143900.0,4010.0,0.347,0.83,0.756,50,221000.0,558,1
THIN-000259,19,Shopkeeper,614,186300.0,200.0,0.124,0.88,0.363,31,69000.0,603,1
THIN-000260,41,Shopkeeper,168,83200.0,9170.0,0.077,0.879,0.708,24,177000.0,620,1
THIN-000261,36,Shopkeeper,587,76100.0,200.0,0.233,0.502,0.388,43,120000.0,519,1
THIN-000262,51,Vendor,320,140400.0,10480.0,0.548,0.949,0.663,8,5000.0,463,1
THIN-000263,49,Gig Worker,204,89000.0,6720.0,0.203,0.775,0.935,28,185000.0,581,1
THIN-000264,30,Vendor,501,88500.0,22270.0,0.193,0.566,0.867,22,109000.0,577,1
THIN-000265,30,Gig Worker,339,128200.0,8870.0,0.375,0.925,0.702,59,59000.0,568,1
THIN-000266,52,Freelancer,184,20200.0,11420.0,0.209,0.521,0.903,32,213000.0,542,1
THIN-000267,51,Vendor,31,67700.0,11160.0,0.165,0.675,0.738,19,51000.0,520,1
THIN-000268,20,Gig Worker,479,51800.0,8830.0,0.046,0.619,0.91,59,56000.0,689,1
THIN-000269,28,Gig Worker,99,44300.0,12720.0,0.216,0.864,0.793,56,65000.0,573,1
THIN-000270,32,Freelancer,241,149000.0,13480.0,0.072,0.342,0.756,50,57000.0,618,1
THIN-000271,44,Vendor,331,5000.0,7990.0,0.221,0.826,0.676,22,134000.0,530,1
THIN-000272,30,Freelancer,667,101400.0,6970.0,0.448,0.824,0.639,58,148000.0,540,1
THIN-000273,38,Freelancer,298,9200.0,11310.0,0.211,0.934,0.876,52,72000.0,602,1
THIN-000274,38,Gig Worker,174,98500.0,200.0,0.46,0.711,0.642,9,57000.0,404,0
THIN-000275,30,Vendor,269,135000.0,23670.0,0.3,0.723,0.622,33,122000.0,547,1
THIN-000276,47,Shopkeeper,591,87300.0,5290.0,0.222,0.971,0.959,39,102000.0,645,1
THIN-000277,40,Shopkeeper,671,5000.0,200.0,0.356,0.907,0.767,8,215000.0,459,0
THIN-000278,55,Vendor,702,130100.0,11040.0,0.106,0.616,0.747,16,124000.0,599,1
THIN-000279,56,Shopkeeper,150,16600.0,200.0,0.284,0.876,0.514,50,20000.0,499,1
THIN-000280,41,Vendor,514,198900.0,21010.0,0.361,0.673,0.874,43,50000.0,578,1
THIN-000281,38,Gig Worker,587,91600.0,200.0,0.13,0.635,0.487,52,55000.0,589,1
THIN-000282,49,Gig Worker,606,98800.0,9880.0,0.319,0.688,0.792,14,51000.0,517,1
THIN-000283,56,Vendor,535,71400.0,20850.0,0.193,0.83,0.836,7,166000.0,563,1
THIN-000284,55,Vendor,556,142300.0,20100.0,0.25,0.885,0.616,51,182000.0,608,1
THIN-000285,24,Shopkeeper,238,40700.0,200.0,0.161,0.775,0.344,14,6000.0,488,1
THIN-000286,45,Gig Worker,40,85700.0,19270.0,0.271,0.885,0.441,14,100000.0,470,1
THIN-000287,58,Freelancer,556,114200.0,16880.0,0.3,0.741,0.866,57,5000.0,594,1
THIN-000288,48,Shopkeeper,134,81100.0,6920.0,0.113,0.895,0.601,17,197000.0,568,1
THIN-000289,19,Shopkeeper,432,77600.0,16090.0,0.102,0.781,0.626,13,5000.0,598,1
THIN-000290,56,Gig Worker,250,128100.0,7940.0,0.167,0.725,0.636,42,41000.0,596,1
THIN-000291,37,Shopkeeper,171,56500.0,22310.0,0.114,0.705,0.26,51,80000.0,571,1
THIN-000292,48,Gig Worker,385,36900.0,17010.0,0.148,0.823,0.829,37,216000.0,644,1
THIN-000293,45,Gig Worker,219,107400.0,12000.0,0.183,0.542,0.557,46,198000.0,558,1
THIN-000294,43,Gig Worker,81,111500.0,200.0,0.586,0.252,0.835,19,94000.0,364,0
THIN-000295,23,Shopkeeper,650,97800.0,16640.0,0.177,0.858,0.766,39,174000.0,642,1
THIN-000296,36,Shopkeeper,45,48200.0,9360.0,0.134,0.511,0.599,37,329000.0,544,1
THIN-000297,44,Gig Worker,789,46600.0,15930.0,0.205,0.924,0.778,10,63000.0,565,1
THIN-000298,35,Vendor,116,80700.0,7110.0,0.101,0.971,0.624,56,79000.0,630,1
THIN-000299,26,Vendor,97,72200.0,1150.0,0.278,0.952,0.473,46,202000.0,524,1
THIN-000300,22,Gig Worker,240,95100.0,13380.0,0.313,0.86,0.578,28,95000.0,530,1
THIN-000301,52,Vendor,732,5000.0,6780.0,0.356,0.937,0.607,5,299000.0,460,0
THIN-000302,49,Gig Worker,487,56100.0,200.0,0.178,0.629,0.733,22,73000.0,548,1
THIN-000303,21,Vendor,19,235800.0,5100.0,0.128,0.536,0.787,31,173000.0,565,1
THIN-000304,57,Shopkeeper,133,39300.0,10910.0,0.164,0.563,0.413,33,38000.0,523,1
THIN-000305,19,Vendor,207,107400.0,23610.0,0.544,0.978,0.282,6,69000.0,412,0
THIN-000306,33,Shopkeeper,398,108800.0,19700.0,0.09,0.583,0.603,31,56000.0,630,1
THIN-000307,39,Gig Worker,564,5000.0,6370.0,0.216,0.834,0.96,19,33000.0,560,1
THIN-000308,58,Freelancer,373,64500.0,810.0,0.095,0.951,0.74,43,228000.0,665,1
THIN-000309,42,Shopkeeper,419,21400.0,200.0,0.242,0.94,0.701,48,131000.0,578,1
THIN-000310,47,Vendor,118,91900.0,200.0,0.202,0.52,0.802,56,55000.0,530,1
THIN-000311,20,Shopkeeper,261,6400.0,11290.0,0.064,0.733,0.819,19,245000.0,596,1
THIN-000312,50,Vendor,270,40200.0,12530.0,0.22,0.815,0.937,4,54000.0,524,1
THIN-000313,23,Shopkeeper,553,115700.0,7350.0,0.449,0.915,0.836,4,5000.0,490,1
THIN-000314,51,Gig Worker,150,33700.0,15210.0,0.261,0.944,0.83,20,75000.0,534,1
THIN-000315,44,Gig Worker,491,100700.0,24010.0,0.334,0.778,0.39,10,156000.0,481,1
THIN-000316,57,Vendor,547,209500.0,9630.0,0.207,0.87,0.486,51,52000.0,611,1
THIN-000317,32,Shopkeeper,364,5000.0,4800.0,0.307,0.911,0.494,6,188000.0,455,0
THIN-000318,55,Freelancer,115,91300.0,15050.0,0.421,0.935,0.619,15,5000.0,464,1
THIN-000319,37,Vendor,297,80300.0,5280.0,0.346,0.881,0.935,3,152000.0,495,0
THIN-000320,35,Gig Worker,132,34500.0,6980.0,0.406,0.863,0.823,14,60000.0,463,0
THIN-000321,29,Freelancer,619,94000.0,18620.0,0.058,0.787,0.547,4,56000.0,598,1
THIN-000322,48,Shopkeeper,134,95600.0,23210.0,0.32,0.789,0.596,16,160000.0,479,0
THIN-000323,59,Shopkeeper,371,80700.0,22700.0,0.357,0.821,0.461,49,174000.0,544,1
THIN-000324,33,Vendor,358,85600.0,200.0,0.292,0.502,0.746,46,5000.0,526,1
THIN-000325,50,Gig Worker,346,62200.0,200.0,0.414,0.867,0.52,28,214000.0,488,1
THIN-000326,57,Vendor,167,147200.0,200.0,0.105,0.946,0.564,28,112000.0,594,1
THIN-000327,57,Gig Worker,578,110500.0,2950.0,0.193,0.733,0.312,38,36000.0,572,1
THIN-000328,54,Shopkeeper,427,67900.0,2610.0,0.251,0.876,0.72,30,260000.0,581,1
THIN-000329,26,Shopkeeper,164,5000.0,15480.0,0.421,0.638,0.829,40,52000.0,478,1
THIN-000330,47,Gig Worker,626,70400.0,5180.0,0.271,0.857,0.599,23,252000.0,548,1
THIN-000331,27,Shopkeeper,576,155500.0,200.0,0.199,0.38,0.924,19,220000.0,532,1
THIN-000332,19,Shopkeeper,112,60600.0,200.0,0.227,0.725,0.542,13,5000.0,456,1
THIN-000333,39,Gig Worker,726,44200.0,14500.0,0.118,0.884,0.586,9,170000.0,580,1
THIN-000334,52,Gig Worker,704,58200.0,11320.0,0.075,0.846,0.523,16,74000.0,613,1
THIN-000335,49,Gig Worker,123,63100.0,10730.0,0.425,0.986,0.829,22,5000.0,500,1
THIN-000336,33,Shopkeeper,611,78600.0,3670.0,0.155,0.951,0.754,51,163000.0,650,1
THIN-000337,55,Vendor,634,10900.0,27780.0,0.16,0.611,0.699,20,77000.0,555,1
THIN-000338,49,Shopkeeper,423,220900.0,8450.0,0.113,0.911,0.512,19,186000.0,619,1
THIN-000339,33,Freelancer,270,43200.0,11990.0,0.118,0.82,0.713,52,134000.0,631,1
THIN-000340,59,Gig Worker,435,39400.0,17240.0,0.328,0.739,0.657,12,106000.0,495,1
THIN-000341,58,Shopkeeper,169,5000.0,2590.0,0.163,0.858,0.697,46,317000.0,564,1
THIN-000342,20,Vendor,531,120300.0,16290.0,0.463,0.565,0.689,50,53000.0,520,1
THIN-000343,36,Vendor,398,5000.0,1920.0,0.197,0.675,0.68,15,276000.0,508,1
THIN-000344,49,Gig Worker,658,114700.0,12980.0,0.103,0.66,0.627,48,85000.0,644,1
THIN-000345,41,Vendor,368,241600.0,17200.0,0.565,0.904,0.568,52,302000.0,533,1
THIN-000346,19,Gig Worker,632,9000.0,4450.0,0.595,0.873,0.532,48,21000.0,484,0
THIN-000347,49,Shopkeeper,190,126900.0,19410.0,0.118,0.928,0.877,6,228000.0,585,1
THIN-000348,47,Shopkeeper,445,78700.0,2180.0,0.359,0.981,0.599,29,132000.0,547,1
THIN-000349,56,Shopkeeper,191,148400.0,11400.0,0.51,0.84,0.547,59,33000.0,498,1
THIN-000350,48,Vendor,76,104500.0,5540.0,0.289,0.909,0.773,49,271000.0,552,1
THIN-000351,23,Vendor,537,51200.0,29440.0,0.241,0.684,0.772,7,63000.0,521,1
THIN-000352,57,Vendor,171,5000.0,13120.0,0.2,0.791,0.69,13,152000.0,492,1
THIN-000353,48,Freelancer,107,79700.0,670.0,0.241,0.64,0.68,8,227000.0,450,0
THIN-000354,48,Vendor,708,183400.0,5290.0,0.037,0.851,0.388,39,226000.0,684,1
THIN-000355,52,Vendor,779,63400.0,12690.0,0.442,0.843,0.412,4,109000.0,441,1
THIN-000356,36,Vendor,271,137900.0,11940.0,0.078,0.878,0.804,29,80000.0,663,1
THIN-000357,34,Vendor,429,79700.0,200.0,0.441,0.924,0.855,59,67000.0,550,1
THIN-000358,22,Shopkeeper,793,83300.0,17900.0,0.195,0.753,0.561,51,201000.0,603,1
THIN-000359,29,Gig Worker,169,64200.0,16750.0,0.124,0.69,0.894,58,88000.0,621,1
THIN-000360,25,Gig Worker,751,13200.0,30640.0,0.303,0.991,0.719,50,134000.0,587,1
THIN-000361,52,Shopkeeper,692,81800.0,9460.0,0.139,0.793,0.913,20,5000.0,620,1
THIN-000362,47,Gig Worker,219,133000.0,200.0,0.28,0.538,0.727,25,84000.0,488,1
THIN-000363,56,Freelancer,336,91800.0,8600.0,0.132,0.806,0.312,47,138000.0,602,1
THIN-000364,58,Gig Worker,639,5000.0,200.0,0.103,0.853,0.556,20,154000.0,561,1
THIN-000365,37,Freelancer,265,5100.0,5260.0,0.228,0.838,0.671,23,103000.0,518,1
THIN-000366,52,Shopkeeper,465,99000.0,200.0,0.419,0.59,0.745,58,20000.0,510,1
THIN-000367,35,Gig Worker,697,98700.0,14460.0,0.121,0.71,0.73,29,5000.0,631,1
THIN-000368,27,Vendor,538,122600.0,14280.0,0.486,0.834,0.624,45,275000.0,539,1
THIN-000369,32,Shopkeeper,466,179400.0,19550.0,0.397,0.677,0.68,34,107000.0,546,1
THIN-000370,35,Gig Worker,652,55400.0,17020.0,0.213,0.477,0.575,20,105000.0,521,1
THIN-000371,48,Gig Worker,539,85200.0,200.0,0.125,0.581,0.749,43,161000.0,609,1
THIN-000372,59,Vendor,421,54400.0,27720.0,0.333,0.855,0.736,10,149000.0,515,1
THIN-000373,51,Gig Worker,348,54300.0,9660.0,0.143,0.965,0.763,56,175000.0,652,1
THIN-000374,40,Vendor,509,89300.0,11630.0,0.593,0.598,0.565,22,312000.0,452,1
THIN-000375,43,Vendor,296,145900.0,200.0,0.106,0.75,0.241,50,120000.0,582,1
THIN-000376,56,Freelancer,174,74700.0,11830.0,0.166,0.578,0.695,18,75000.0,526,1
THIN-000377,46,Gig Worker,643,49400.0,8240.0,0.596,0.834,0.533,14,5000.0,446,1
THIN-000378,19,Shopkeeper,315,34800.0,4640.0,0.295,0.869,0.844,52,163000.0,575,1
THIN-000379,31,Vendor,125,148500.0,8990.0,0.194,0.807,0.616,55,61000.0,575,1
THIN-000380,57,Freelancer,233,129600.0,3690.0,0.225,0.888,0.785,49,99000.0,597,1
THIN-000381,49,Vendor,75,59400.0,17980.0,0.119,0.683,0.74,23,208000.0,562,1
THIN-000382,48,Shopkeeper,435,23500.0,4780.0,0.06,0.503,0.388,46,166000.0,608,1
THIN-000383,46,Vendor,340,5000.0,3400.0,0.426,0.752,0.49,24,62000.0,447,1
THIN-000384,23,Vendor,425,8600.0,2670.0,0.106,0.36,0.832,32,139000.0,581,1
THIN-000385,31,Gig Worker,439,117900.0,19140.0,0.174,0.41,0.647,31,209000.0,574,1
THIN-000386,29,Vendor,218,166400.0,21040.0,0.389,0.788,0.73,27,117000.0,519,1
THIN-000387,55,Shopkeeper,334,26000.0,1370.0,0.252,0.625,0.756,11,209000.0,485,1
THIN-000388,34,Gig Worker,795,133300.0,11210.0,0.394,0.911,0.528,52,63000.0,557,1
THIN-000389,44,Shopkeeper,247,130200.0,8650.0,0.191,0.693,0.647,5,122000.0,506,1
THIN-000390,34,Shopkeeper,395,105300.0,21790.0,0.166,0.831,0.783,35,70000.0,644,1
THIN-000391,22,Vendor,770,66200.0,200.0,0.349,0.723,0.713,47,138000.0,534,1
THIN-000392,52,Gig Worker,740,76200.0,230.0,0.26,0.552,0.785,11,290000.0,488,1
THIN-000393,44,Shopkeeper,351,124500.0,430.0,0.057,0.891,0.872,23,286000.0,661,1
THIN-000394,33,Shopkeeper,746,6200.0,200.0,0.357,0.699,0.582,16,14000.0,441,0
THIN-000395,26,Freelancer,61,220400.0,15940.0,0.411,0.559,0.755,11,168000.0,429,1
THIN-000396,19,Vendor,227,22300.0,4660.0,0.308,0.825,0.792,13,160000.0,486,0
THIN-000397,32,Shopkeeper,760,57500.0,9960.0,0.33,0.87,0.559,17,160000.0,514,1
THIN-000398,46,Freelancer,70,94800.0,200.0,0.46,0.858,0.864,26,50000.0,467,1
THIN-000399,52,Vendor,299,141300.0,4880.0,0.209,0.569,0.835,4,161000.0,505,1
THIN-000400,19,Vendor,195,104100.0,15660.0,0.21,0.741,0.517,22,249000.0,527,1
THIN-000401,57,Freelancer,528,5000.0,5950.0,0.077,0.333,0.346,7,252000.0,486,1
THIN-000402,38,Shopkeeper,123,69100.0,18330.0,0.434,0.66,0.705,20,162000.0,451,1
THIN-000403,52,Gig Worker,144,79200.0,200.0,0.056,0.868,0.347,18,251000.0,559,1
THIN-000404,25,Gig Worker,122,25300.0,12670.0,0.187,0.559,0.84,6,30000.0,478,1
THIN-000405,38,Freelancer,286,5000.0,16240.0,0.12,0.649,0.794,15,79000.0,546,1
THIN-000406,39,Gig Worker,261,50000.0,22370.0,0.237,0.402,0.58,48,103000.0,524,1
THIN-000407,48,Gig Worker,766,5000.0,15360.0,0.119,0.561,0.795,10,189000.0,541,1
THIN-000408,19,Shopkeeper,776,78300.0,570.0,0.43,0.915,0.63,12,175000.0,476,0
THIN-000409,27,Shopkeeper,67,191900.0,11400.0,0.306,0.797,0.931,14,149000.0,503,1
THIN-000410,25,Freelancer,544,124000.0,17780.0,0.295,0.67,0.422,21,143000.0,512,1
THIN-000411,38,Vendor,444,31600.0,2590.0,0.103,0.428,0.689,31,190000.0,589,1
THIN-000412,35,Vendor,271,60300.0,2370.0,0.499,0.61,0.718,36,113000.0,484,1
THIN-000413,47,Freelancer,407,84300.0,7100.0,0.166,0.678,0.757,11,238000.0,557,1
THIN-000414,44,Shopkeeper,709,28600.0,12830.0,0.337,0.782,0.813,5,9000.0,489,1
THIN-000415,27,Gig Worker,463,128400.0,4380.0,0.338,0.697,0.74,56,173000.0,561,1
THIN-000416,50,Shopkeeper,783,130300.0,4280.0,0.13,0.752,0.674,45,151000.0,640,1
THIN-000417,28,Shopkeeper,798,126900.0,21330.0,0.14,0.844,0.814,34,209000.0,661,1
THIN-000418,25,Gig Worker,755,91500.0,6790.0,0.18,0.815,0.783,12,5000.0,572,1
THIN-000419,30,Gig Worker,221,15800.0,5990.0,0.184,0.728,0.584,25,182000.0,528,1
THIN-000420,41,Shopkeeper,212,111300.0,200.0,0.127,0.848,0.73,42,203000.0,610,1
THIN-000421,20,Vendor,786,74600.0,15230.0,0.238,0.669,0.578,26,94000.0,551,1
THIN-000422,44,Vendor,178,132500.0,9880.0,0.299,0.74,0.743,57,210000.0,549,1
THIN-000423,24,Vendor,592,51100.0,7050.0,0.154,0.847,0.681,14,67000.0,576,1
THIN-000424,35,Gig Worker,559,52900.0,9850.0,0.078,0.666,0.792,13,5000.0,607,1
THIN-000425,23,Vendor,403,74300.0,16350.0,0.208,0.798,0.788,31,175000.0,608,1
THIN-000426,29,Shopkeeper,189,155400.0,7640.0,0.529,0.642,0.385,13,170000.0,400,0
THIN-000427,23,Shopkeeper,365,75600.0,4450.0,0.117,0.917,0.444,18,31000.0,588,1
THIN-000428,19,Shopkeeper,382,99800.0,200.0,0.136,0.226,0.859,49,113000.0,573,1
THIN-000429,48,Freelancer,86,97000.0,1720.0,0.223,0.851,0.586,10,180000.0,481,1
THIN-000430,20,Shopkeeper,191,99900.0,23720.0,0.235,0.91,0.714,12,51000.0,530,1
THIN-000431,21,Freelancer,209,102400.0,17320.0,0.102,0.676,0.862,17,114000.0,592,1
THIN-000432,37,Gig Worker,296,138000.0,4050.0,0.361,0.9,0.543,32,330000.0,534,1
THIN-000433,29,Vendor,720,94500.0,11950.0,0.15,0.573,0.555,33,21000.0,594,1
THIN-000434,51,Freelancer,648,91200.0,13160.0,0.229,0.826,0.807,59,109000.0,619,1
THIN-000435,35,Vendor,343,23000.0,6000.0,0.072,0.765,0.612,15,143000.0,589,1
THIN-000436,42,Shopkeeper,588,34100.0,200.0,0.328,0.815,0.755,40,13000.0,546,1
THIN-000437,56,Shopkeeper,322,63200.0,8660.0,0.206,0.764,0.628,39,254000.0,587,1
THIN-000438,36,Vendor,452,159600.0,14410.0,0.608,0.76,0.708,42,16000.0,524,1
THIN-000439,43,Gig Worker,124,5000.0,22110.0,0.357,0.749,0.325,5,107000.0,378,0
THIN-000440,22,Gig Worker,618,144000.0,14790.0,0.185,0.79,0.784,23,91000.0,604,1
THIN-000441,39,Vendor,421,5000.0,200.0,0.329,0.777,0.258,39,154000.0,476,1
THIN-000442,59,Gig Worker,326,102800.0,8410.0,0.236,0.764,0.554,19,135000.0,532,1
THIN-000443,46,Shopkeeper,423,5000.0,20470.0,0.375,0.609,0.689,15,79000.0,457,0
THIN-000444,20,Vendor,442,100300.0,12040.0,0.238,0.964,0.645,33,221000.0,609,1
THIN-000445,57,Vendor,559,38100.0,14830.0,0.533,0.811,0.768,13,68000.0,472,0
THIN-000446,57,Vendor,513,144800.0,8050.0,0.057,0.666,0.526,55,5000.0,663,1
THIN-000447,43,Vendor,660,116100.0,5970.0,0.378,0.746,0.734,26,133000.0,531,1
THIN-000448,47,Shopkeeper,367,53200.0,8720.0,0.13,0.749,0.455,52,156000.0,609,1
THIN-000449,35,Freelancer,665,74700.0,19080.0,0.222,0.594,0.385,27,144000.0,535,1
THIN-000450,30,Freelancer,549,41200.0,21640.0,0.443,0.893,0.765,43,199000.0,557,1
THIN-000451,52,Shopkeeper,174,29400.0,24790.0,0.459,0.277,0.291,12,221000.0,346,0
THIN-000452,25,Shopkeeper,515,44700.0,19680.0,0.293,0.964,0.801,24,38000.0,576,1
THIN-000453,38,Shopkeeper,163,9300.0,5370.0,0.423,0.715,0.77,56,226000.0,482,1
THIN-000454,59,Freelancer,86,96600.0,5220.0,0.407,0.5,0.779,54,136000.0,477,1
THIN-000455,30,Freelancer,562,126500.0,7260.0,0.129,0.958,0.667,6,55000.0,590,1
THIN-000456,40,Shopkeeper,76,103500.0,11240.0,0.133,0.709,0.893,53,221000.0,607,1
THIN-000457,27,Gig Worker,120,99000.0,17440.0,0.306,0.748,0.722,24,109000.0,507,1
THIN-000458,41,Gig Worker,77,5000.0,18690.0,0.21,0.952,0.629,57,290000.0,545,1
THIN-000459,29,Shopkeeper,680,96600.0,10000.0,0.142,0.779,0.731,14,231000.0,588,1
THIN-000460,49,Shopkeeper,390,69700.0,200.0,0.342,0.776,0.75,32,216000.0,534,1
THIN-000461,24,Vendor,136,71000.0,17800.0,0.114,0.881,0.365,18,101000.0,551,1
THIN-000462,19,Gig Worker,371,41800.0,10060.0,0.361,0.689,0.713,50,5000.0,540,1
THIN-000463,34,Gig Worker,365,90700.0,3250.0,0.291,0.803,0.73,40,170000.0,575,1
THIN-000464,34,Gig Worker,257,10400.0,15110.0,0.257,0.512,0.775,59,146000.0,526,1
THIN-000465,58,Gig Worker,691,108100.0,10770.0,0.506,0.816,0.7,29,27000.0,520,1
THIN-000466,24,Freelancer,346,26600.0,18660.0,0.298,0.793,0.524,9,30000.0,479,0
THIN-000467,45,Gig Worker,703,130300.0,3340.0,0.211,0.834,0.489,30,123000.0,579,1
THIN-000468,42,Freelancer,26,27300.0,13790.0,0.068,0.437,0.501,54,136000.0,557,1
THIN-000469,24,Gig Worker,738,55500.0,7720.0,0.082,0.668,0.903,4,100000.0,591,1
THIN-000470,22,Freelancer,150,135200.0,200.0,0.637,0.464,0.684,26,194000.0,398,0
THIN-000471,53,Shopkeeper,716,101600.0,6450.0,0.364,0.631,0.803,12,180000.0,492,1
THIN-000472,25,Shopkeeper,438,121900.0,9160.0,0.348,0.839,0.777,27,16000.0,558,1
THIN-000473,41,Gig Worker,112,10200.0,11170.0,0.213,0.596,0.825,36,129000.0,533,1
THIN-000474,56,Freelancer,729,9900.0,14630.0,0.181,0.74,0.748,40,119000.0,599,1
THIN-000475,56,Vendor,795,68900.0,10400.0,0.266,0.883,0.778,16,232000.0,555,1
THIN-000476,24,Gig Worker,54,103900.0,8660.0,0.227,0.778,0.631,5,122000.0,468,1
THIN-000477,51,Gig Worker,362,77400.0,2020.0,0.169,0.521,0.554,4,199000.0,489,1
THIN-000478,53,Shopkeeper,329,57700.0,10890.0,0.301,0.92,0.746,33,52000.0,575,1
THIN-000479,45,Freelancer,205,82800.0,9870.0,0.213,0.826,0.58,50,146000.0,572,1
THIN-000480,59,Vendor,277,40800.0,200.0,0.436,0.941,0.269,57,84000.0,474,1
THIN-000481,30,Gig Worker,26,137200.0,15310.0,0.201,0.666,0.541,50,21000.0,537,1
THIN-000482,24,Freelancer,607,77100.0,7460.0,0.369,0.685,0.501,4,160000.0,447,0
THIN-000483,20,Gig Worker,41,84900.0,10970.0,0.259,0.848,0.658,5,227000.0,464,1
THIN-000484,47,Freelancer,348,153600.0,7150.0,0.411,0.68,0.533,21,120000.0,482,1
THIN-000485,44,Gig Worker,142,126200.0,8140.0,0.272,0.86,0.77,7,5000.0,494,1
THIN-000486,51,Shopkeeper,112,165800.0,19240.0,0.253,0.554,0.565,36,123000.0,524,1
THIN-000487,35,Vendor,674,28300.0,1480.0,0.109,0.725,0.824,3,263000.0,556,1
THIN-000488,50,Freelancer,29,108500.0,6830.0,0.371,0.808,0.506,37,118000.0,489,1
THIN-000489,34,Vendor,528,111300.0,11700.0,0.05,0.753,0.818,43,179000.0,703,1
THIN-000490,22,Vendor,585,106000.0,200.0,0.318,0.739,0.39,27,49000.0,498,1
THIN-000491,59,Vendor,472,60900.0,13790.0,0.045,0.93,0.656,59,90000.0,705,1
THIN-000492,38,Freelancer,131,36800.0,2330.0,0.125,0.707,0.963,46,92000.0,606,1
THIN-000493,44,Shopkeeper,255,108700.0,9330.0,0.351,0.598,0.675,56,206000.0,521,1
THIN-000494,33,Gig Worker,498,177000.0,14860.0,0.254,0.643,0.83,19,295000.0,557,1
THIN-000495,48,Vendor,794,112900.0,4640.0,0.218,0.514,0.65,26,182000.0,546,1
THIN-000496,20,Gig Worker,516,195500.0,200.0,0.469,0.625,0.715,18,171000.0,464,1
THIN-000497,33,Vendor,84,84100.0,4140.0,0.152,0.712,0.783,18,63000.0,537,1
THIN-000498,54,Gig Worker,123,100600.0,11300.0,0.07,0.375,0.774,51,143000.0,602,1
THIN-000499,20,Gig Worker,401,106900.0,200.0,0.355,0.922,0.587,40,84000.0,548,1
THIN-000500,25,Shopkeeper,631,5000.0,200.0,0.185,0.775,0.904,57,166000.0,584,1
THIN-000501,55,Shopkeeper,144,136400.0,16250.0,0.162,0.433,0.779,19,52000.0,526,1
THIN-000502,33,Shopkeeper,30,133100.0,15630.0,0.24,0.665,0.534,52,5000.0,522,1
THIN-000503,26,Gig Worker,329,170000.0,5550.0,0.248,0.582,0.752,52,194000.0,571,1
THIN-000504,53,Vendor,23,148700.0,9080.0,0.187,0.748,0.487,45,12000.0,545,1
THIN-000505,26,Vendor,466,80900.0,16390.0,0.39,0.932,0.833,7,5000.0,512,0
THIN-000506,28,Vendor,388,52300.0,13230.0,0.342,0.611,0.717,58,71000.0,543,1
THIN-000507,22,Shopkeeper,231,87800.0,200.0,0.063,0.773,0.413,38,97000.0,610,1
THIN-000508,38,Vendor,593,78800.0,12230.0,0.437,0.679,0.297,23,29000.0,464,1
THIN-000509,45,Gig Worker,283,39700.0,12540.0,0.213,0.43,0.689,33,196000.0,536,1
THIN-000510,37,Vendor,271,111200.0,13560.0,0.059,0.887,0.632,54,53000.0,676,1
THIN-000511,50,Gig Worker,715,69000.0,200.0,0.457,0.601,0.567,33,122000.0,476,1
THIN-000512,29,Freelancer,792,5000.0,15390.0,0.191,0.642,0.804,21,127000.0,544,1
THIN-000513,53,Shopkeeper,667,128000.0,200.0,0.096,0.929,0.621,11,172000.0,593,1
THIN-000514,39,Shopkeeper,222,40100.0,3400.0,0.41,0.919,0.773,37,236000.0,530,1
THIN-000515,50,Gig Worker,103,94200.0,10210.0,0.65,0.862,0.693,19,40000.0,434,1
THIN-000516,34,Vendor,516,23400.0,11760.0,0.528,0.553,0.764,58,119000.0,494,1
THIN-000517,55,Shopkeeper,191,150800.0,8490.0,0.145,0.962,0.773,30,110000.0,623,1
THIN-000518,28,Vendor,111,110900.0,15420.0,0.096,0.947,0.636,55,119000.0,638,1
THIN-000519,37,Vendor,697,65400.0,12110.0,0.255,0.641,0.649,6,129000.0,496,1
THIN-000520,55,Gig Worker,255,81800.0,7880.0,0.281,0.665,0.668,49,5000.0,544,1
THIN-000521,47,Gig Worker,735,17400.0,10700.0,0.249,0.841,0.746,59,136000.0,588,1
THIN-000522,24,Shopkeeper,606,191100.0,7380.0,0.128,0.856,0.929,3,172000.0,600,1
THIN-000523,36,Gig Worker,762,136900.0,18190.0,0.24,0.692,0.604,12,110000.0,528,1
THIN-000524,47,Shopkeeper,309,148800.0,14680.0,0.202,0.918,0.748,55,313000.0,626,1
THIN-000525,41,Freelancer,186,105200.0,4300.0,0.35,0.954,0.549,51,69000.0,534,1
THIN-000526,49,Shopkeeper,505,111200.0,2370.0,0.121,0.724,0.568,18,5000.0,582,1
THIN-000527,45,Gig Worker,354,5000.0,11640.0,0.392,0.54,0.704,27,5000.0,467,1
THIN-000528,20,Freelancer,570,94700.0,9740.0,0.134,0.625,0.794,22,207000.0,601,1
THIN-000529,59,Freelancer,593,100300.0,3840.0,0.217,0.994,0.427,18,99000.0,557,1
THIN-000530,57,Freelancer,429,36100.0,12120.0,0.071,0.679,0.691,11,169000.0,595,1
THIN-000531,47,Gig Worker,779,142000.0,7860.0,0.343,0.953,0.626,49,222000.0,582,1
THIN-000532,54,Gig Worker,327,45200.0,11030.0,0.158,0.732,0.657,29,255000.0,587,1
THIN-000533,59,Vendor,434,249500.0,18160.0,0.32,0.852,0.834,38,40000.0,607,1
THIN-000534,30,Freelancer,149,115100.0,5180.0,0.146,0.913,0.862,6,81000.0,554,1
THIN-000535,27,Freelancer,495,100900.0,570.0,0.293,0.793,0.454,15,121000.0,492,1
THIN-000536,56,Vendor,193,90000.0,2030.0,0.249,0.912,0.312,59,205000.0,535,1
THIN-000537,25,Vendor,398,52900.0,6870.0,0.141,0.844,0.319,32,40000.0,595,1
THIN-000538,55,Shopkeeper,116,49400.0,8730.0,0.175,0.555,0.534,15,5000.0,482,1
THIN-000539,55,Shopkeeper,646,114200.0,16970.0,0.131,0.689,0.749,37,83000.0,645,1
THIN-000540,24,Vendor,519,196600.0,21240.0,0.31,0.746,0.207,8,88000.0,470,1
THIN-000541,32,Freelancer,126,58800.0,9720.0,0.126,0.665,0.703,56,81000.0,590,1
THIN-000542,32,Shopkeeper,274,126900.0,3700.0,0.331,0.761,0.831,4,167000.0,478,1
THIN-000543,56,Shopkeeper,598,5000.0,200.0,0.371,0.797,0.804,30,95000.0,501,1
THIN-000544,23,Vendor,617,78600.0,1670.0,0.495,0.772,0.839,36,229000.0,533,1
THIN-000545,49,Shopkeeper,541,36200.0,4420.0,0.247,0.712,0.954,29,127000.0,579,1
THIN-000546,51,Shopkeeper,581,15400.0,5160.0,0.094,0.923,0.576,18,89000.0,601,1
THIN-000547,49,Vendor,567,99900.0,18850.0,0.191,0.883,0.758,38,181000.0,639,1
THIN-000548,48,Freelancer,208,93600.0,200.0,0.259,0.737,0.613,37,133000.0,529,1
THIN-000549,54,Gig Worker,229,5000.0,12410.0,0.201,0.838,0.656,18,96000.0,514,0
THIN-000550,32,Shopkeeper,388,140300.0,18340.0,0.093,0.897,0.879,31,250000.0,689,1
THIN-000551,56,Shopkeeper,270,10900.0,12970.0,0.339,0.831,0.638,18,65000.0,480,1
THIN-000552,45,Gig Worker,46,67900.0,3860.0,0.476,0.919,0.557,16,94000.0,427,0
THIN-000553,38,Shopkeeper,456,116400.0,15140.0,0.2,0.813,0.934,49,210000.0,644,1
THIN-000554,58,Gig Worker,502,178600.0,9130.0,0.429,0.876,0.923,59,215000.0,583,1
THIN-000555,57,Vendor,548,76900.0,1660.0,0.156,0.659,0.547,52,73000.0,594,1
THIN-000556,51,Gig Worker,54,67300.0,13560.0,0.242,0.68,0.438,26,143000.0,484,1
THIN-000557,34,Shopkeeper,587,44100.0,9300.0,0.151,0.862,0.438,8,7000.0,543,1
THIN-000558,33,Shopkeeper,241,95500.0,200.0,0.376,0.598,0.524,30,62000.0,462,1
THIN-000559,58,Shopkeeper,306,97900.0,7540.0,0.251,0.878,0.842,46,121000.0,603,1
THIN-000560,36,Freelancer,188,10100.0,11660.0,0.275,0.993,0.689,52,25000.0,553,1
THIN-000561,41,Freelancer,189,127300.0,1530.0,0.164,0.939,0.545,15,104000.0,542,1
THIN-000562,55,Gig Worker,477,5000.0,13290.0,0.146,0.847,0.676,4,248000.0,532,0
THIN-000563,50,Shopkeeper,85,54300.0,13310.0,0.427,0.809,0.896,58,182000.0,516,1
THIN-000564,45,Gig Worker,772,145800.0,26650.0,0.434,0.912,0.633,22,205000.0,529,1
THIN-000565,40,Freelancer,788,146300.0,24340.0,0.443,0.838,0.666,59,63000.0,556,1
THIN-000566,48,Vendor,631,6800.0,2460.0,0.417,0.756,0.741,40,36000.0,513,1
THIN-000567,41,Vendor,69,123400.0,15040.0,0.268,0.654,0.607,31,240000.0,510,1
THIN-000568,52,Shopkeeper,490,96100.0,2360.0,0.394,0.559,0.656,11,89000.0,455,0
THIN-000569,29,Vendor,738,201400.0,200.0,0.286,0.853,0.617,30,23000.0,555,1
THIN-000570,37,Vendor,280,214800.0,200.0,0.065,0.621,0.54,18,191000.0,575,1
THIN-000571,45,Vendor,116,54200.0,3530.0,0.322,0.64,0.738,25,124000.0,478,1
THIN-000572,52,Freelancer,420,222300.0,6690.0,0.445,0.523,0.887,28,157000.0,519,1
THIN-000573,41,Vendor,277,112200.0,16480.0,0.498,0.864,0.778,3,5000.0,453,1
THIN-000574,23,Vendor,707,140300.0,3460.0,0.111,0.707,0.659,30,58000.0,628,1
THIN-000575,28,Vendor,426,101700.0,8320.0,0.364,0.807,0.76,53,238000.0,569,1
THIN-000576,29,Gig Worker,568,27400.0,17890.0,0.382,0.849,0.566,25,103000.0,514,0
THIN-000577,50,Shopkeeper,315,28000.0,12490.0,0.065,0.951,0.824,26,131000.0,663,1
THIN-000578,25,Vendor,69,100900.0,8340.0,0.346,0.608,0.351,7,9000.0,393,0
THIN-000579,59,Vendor,691,5000.0,12080.0,0.05,0.902,0.754,59,213000.0,679,1
THIN-000580,41,Vendor,359,27900.0,200.0,0.141,0.632,0.565,9,225000.0,504,1
THIN-000581,47,Gig Worker,437,101600.0,3170.0,0.126,0.366,0.739,11,64000.0,538,1
THIN-000582,59,Shopkeeper,797,76600.0,15720.0,0.067,0.873,0.704,29,5000.0,675,1
THIN-000583,29,Gig Worker,52,79200.0,15100.0,0.508,0.649,0.798,35,205000.0,472,1
THIN-000584,35,Shopkeeper,435,57900.0,15160.0,0.282,0.902,0.661,42,25000.0,591,1
THIN-000585,58,Vendor,371,64400.0,20770.0,0.138,0.7,0.61,39,67000.0,621,1
THIN-000586,29,Vendor,138,20700.0,7750.0,0.339,0.911,0.944,28,5000.0,526,1
THIN-000587,53,Vendor,180,5000.0,200.0,0.046,0.545,0.622,18,145000.0,530,1
THIN-000588,48,Vendor,85,65100.0,22320.0,0.214,0.64,0.852,30,105000.0,545,1
THIN-000589,25,Shopkeeper,270,31600.0,2090.0,0.153,0.696,0.834,47,5000.0,598,1
THIN-000590,56,Gig Worker,647,94300.0,7250.0,0.254,0.848,0.67,19,135000.0,554,1
THIN-000591,31,Vendor,787,168300.0,4420.0,0.245,0.738,0.628,22,69000.0,553,1
THIN-000592,35,Vendor,472,27300.0,16020.0,0.475,0.925,0.853,8,55000.0,486,0
THIN-000593,31,Gig Worker,322,70200.0,9450.0,0.047,0.616,0.761,22,264000.0,631,1
THIN-000594,54,Vendor,601,139700.0,600.0,0.056,0.826,0.66,47,182000.0,679,1
THIN-000595,30,Freelancer,281,36900.0,4800.0,0.116,0.795,0.904,53,122000.0,641,1
THIN-000596,52,Vendor,142,131800.0,200.0,0.513,0.631,0.619,33,70000.0,443,1
THIN-000597,43,Vendor,536,94700.0,7270.0,0.072,0.838,0.714,20,134000.0,644,1
THIN-000598,32,Vendor,712,148500.0,26130.0,0.063,0.69,0.759,50,134000.0,690,1
THIN-000599,36,Gig Worker,431,111500.0,15010.0,0.354,0.91,0.493,21,9000.0,526,1
THIN-000600,36,Vendor,594,54600.0,9540.0,0.183,0.711,0.638,23,29000.0,569,1
THIN-000601,52,Vendor,632,23200.0,12650.0,0.549,0.832,0.865,46,317000.0,532,1
THIN-000602,22,Gig Worker,605,47700.0,1240.0,0.458,0.801,0.611,58,174000.0,516,1
THIN-000603,48,Shopkeeper,277,51300.0,200.0,0.196,0.346,0.686,28,224000.0,500,1
THIN-000604,50,Gig Worker,579,194400.0,7210.0,0.096,0.907,0.692,45,95000.0,684,1
THIN-000605,24,Vendor,119,61100.0,200.0,0.216,0.874,0.764,13,81000.0,498,1
THIN-000606,36,Vendor,618,46600.0,18850.0,0.337,0.8,0.55,25,5000.0,525,1
THIN-000607,25,Freelancer,190,67500.0,17460.0,0.589,0.884,0.773,32,34000.0,496,1
THIN-000608,31,Shopkeeper,792,84700.0,5050.0,0.169,0.911,0.775,12,143000.0,584,1
THIN-000609,59,Shopkeeper,592,118700.0,5720.0,0.136,0.913,0.655,34,97000.0,648,1
THIN-000610,52,Gig Worker,99,28500.0,9120.0,0.13,0.963,0.487,42,73000.0,588,1
THIN-000611,26,Freelancer,515,27500.0,21960.0,0.436,0.792,0.628,35,88000.0,528,1
THIN-000612,37,Vendor,333,59400.0,16020.0,0.347,0.653,0.886,56,170000.0,556,1
THIN-000613,40,Shopkeeper,463,66500.0,200.0,0.094,0.697,0.575,20,295000.0,580,1
THIN-000614,31,Vendor,680,51500.0,5330.0,0.188,0.956,0.407,9,106000.0,534,1
THIN-000615,34,Shopkeeper,395,55900.0,16430.0,0.488,0.468,0.656,17,90000.0,445,0
THIN-000616,42,Freelancer,364,83200.0,950.0,0.405,0.972,0.882,16,154000.0,519,1
THIN-000617,54,Shopkeeper,55,66900.0,20060.0,0.102,0.968,0.709,4,103000.0,551,1
THIN-000618,23,Shopkeeper,565,80900.0,32720.0,0.589,0.867,0.856,23,24000.0,516,1
THIN-000619,24,Shopkeeper,759,65200.0,200.0,0.444,0.864,0.622,42,181000.0,520,1
THIN-000620,44,Gig Worker,383,73200.0,14410.0,0.064,0.948,0.758,44,55000.0,704,1
THIN-000621,39,Vendor,330,113600.0,7030.0,0.017,0.694,0.831,31,121000.0,694,1
THIN-000622,26,Shopkeeper,323,63100.0,19080.0,0.125,0.69,0.663,6,117000.0,548,1
THIN-000623,19,Gig Worker,122,72100.0,5740.0,0.43,0.938,0.291,48,264000.0,479,1
THIN-000624,30,Freelancer,794,89500.0,310.0,0.277,0.688,0.688,54,5000.0,555,1
THIN-000625,20,Gig Worker,494,144000.0,13150.0,0.364,0.744,0.44,5,63000.0,462,1
THIN-000626,58,Vendor,445,129200.0,12420.0,0.435,0.777,0.347,20,152000.0,477,1
THIN-000627,53,Shopkeeper,139,97200.0,11580.0,0.131,0.881,0.671,36,5000.0,616,1
THIN-000628,40,Freelancer,103,25900.0,200.0,0.15,0.915,0.463,24,129000.0,519,1
THIN-000629,48,Shopkeeper,116,30300.0,11390.0,0.025,0.686,0.415,59,173000.0,618,1
THIN-000630,23,Vendor,123,163900.0,5820.0,0.107,0.835,0.835,46,235000.0,638,1
THIN-000631,41,Vendor,194,49800.0,10550.0,0.17,0.699,0.812,51,36000.0,591,1
THIN-000632,59,Shopkeeper,571,20800.0,200.0,0.082,0.952,0.596,48,285000.0,644,1
THIN-000633,22,Vendor,18,110300.0,23670.0,0.359,0.691,0.275,47,337000.0,463,1
THIN-000634,20,Shopkeeper,273,134400.0,12290.0,0.133,0.474,0.877,29,25000.0,596,1
THIN-000635,41,Freelancer,210,187500.0,7280.0,0.103,0.637,0.666,33,28000.0,612,1
THIN-000636,47,Shopkeeper,87,88400.0,6640.0,0.373,0.871,0.568,57,77000.0,507,1
THIN-000637,39,Vendor,164,77000.0,6760.0,0.06,0.526,0.569,40,5000.0,606,1
THIN-000638,40,Gig Worker,98,5300.0,15810.0,0.229,0.596,0.851,49,5000.0,521,1
THIN-000639,56,Vendor,560,89400.0,12190.0,0.185,0.931,0.478,42,81000.0,618,1
THIN-000640,57,Vendor,181,82300.0,200.0,0.363,0.9,0.55,38,75000.0,505,1
THIN-000641,46,Freelancer,298,147400.0,2870.0,0.422,0.685,0.585,37,122000.0,510,1
THIN-000642,33,Gig Worker,30,178200.0,5270.0,0.095,0.94,0.607,21,5000.0,585,1
THIN-000643,51,Gig Worker,26,126900.0,12790.0,0.336,0.919,0.569,19,151000.0,478,1
THIN-000644,54,Gig Worker,533,100800.0,17640.0,0.413,0.877,0.765,24,118000.0,540,1
THIN-000645,33,Shopkeeper,253,5700.0,12010.0,0.173,0.866,0.568,30,5000.0,556,1
THIN-000646,52,Vendor,27,5000.0,1550.0,0.388,0.601,0.521,45,181000.0,420,0
THIN-000647,25,Gig Worker,119,43500.0,9680.0,0.099,0.468,0.843,20,228000.0,550,1
THIN-000648,41,Vendor,706,39900.0,200.0,0.414,0.783,0.864,18,139000.0,488,0
THIN-000649,41,Vendor,131,94900.0,2880.0,0.44,0.684,0.558,14,38000.0,418,0
THIN-000650,40,Vendor,698,107900.0,1860.0,0.443,0.865,0.649,21,327000.0,503,1
THIN-000651,49,Gig Worker,782,88400.0,15880.0,0.258,0.653,0.259,16,110000.0,490,0
THIN-000652,55,Freelancer,121,79500.0,9590.0,0.407,0.339,0.578,38,35000.0,447,1
THIN-000653,39,Gig Worker,407,153600.0,21760.0,0.21,0.559,0.529,46,120000.0,580,1
THIN-000654,57,Shopkeeper,508,96000.0,9570.0,0.255,0.586,0.764,6,92000.0,503,1
THIN-000655,44,Freelancer,38,109500.0,5590.0,0.415,0.707,0.847,40,195000.0,498,1
THIN-000656,22,Shopkeeper,93,5000.0,15360.0,0.275,0.67,0.758,52,177000.0,503,1
THIN-000657,45,Shopkeeper,253,102500.0,200.0,0.175,0.772,0.673,52,182000.0,579,1
THIN-000658,19,Shopkeeper,391,71500.0,12950.0,0.173,0.639,0.468,4,64000.0,506,1
THIN-000659,47,Shopkeeper,414,134100.0,20150.0,0.42,0.87,0.879,59,126000.0,582,1
THIN-000660,24,Freelancer,783,87800.0,1530.0,0.122,0.491,0.575,37,139000.0,596,1
THIN-000661,55,Vendor,279,75000.0,4100.0,0.13,0.597,0.711,53,255000.0,602,1
THIN-000662,42,Vendor,224,121900.0,2610.0,0.335,0.724,0.276,6,134000.0,418,1
THIN-000663,37,Shopkeeper,78,75500.0,3390.0,0.074,0.772,0.616,11,117000.0,550,1
THIN-000664,46,Gig Worker,237,87900.0,5120.0,0.199,0.775,0.754,34,5000.0,585,1
THIN-000665,22,Shopkeeper,428,48000.0,3610.0,0.18,0.763,0.599,59,198000.0,599,1
THIN-000666,41,Vendor,35,160600.0,8740.0,0.084,0.891,0.855,11,210000.0,585,1
THIN-000667,33,Gig Worker,392,56400.0,9880.0,0.015,0.78,0.675,12,188000.0,647,1
THIN-000668,54,Vendor,20,19500.0,14430.0,0.12,0.735,0.74,34,113000.0,573,1
THIN-000669,19,Shopkeeper,298,130400.0,10490.0,0.048,0.479,0.966,33,148000.0,665,1
THIN-000670,24,Freelancer,276,13000.0,17500.0,0.512,0.921,0.637,27,171000.0,481,0
THIN-000671,43,Vendor,671,84300.0,2240.0,0.156,0.584,0.808,46,89000.0,612,1
THIN-000672,22,Freelancer,338,149100.0,14490.0,0.215,0.788,0.511,47,5000.0,590,1
THIN-000673,42,Shopkeeper,204,5000.0,13340.0,0.03,0.708,0.759,42,232000.0,642,1
THIN-000674,28,Gig Worker,361,109300.0,4430.0,0.166,0.576,0.824,4,193000.0,529,1
THIN-000675,19,Gig Worker,21,154100.0,7950.0,0.252,0.986,0.635,16,25000.0,509,1
THIN-000676,35,Gig Worker,219,23200.0,11780.0,0.542,0.853,0.873,55,182000.0,508,1
THIN-000677,43,Vendor,434,143800.0,11550.0,0.202,0.835,0.53,14,80000.0,555,1
THIN-000678,22,Freelancer,527,221800.0,12880.0,0.278,0.882,0.789,40,207000.0,616,1
THIN-000679,23,Vendor,309,55600.0,200.0,0.377,0.744,0.717,39,133000.0,514,1
THIN-000680,20,Vendor,165,28500.0,11010.0,0.115,0.734,0.846,42,71000.0,614,1
THIN-000681,49,Freelancer,519,109200.0,3630.0,0.376,0.856,0.614,52,160000.0,555,1
THIN-000682,33,Shopkeeper,535,49100.0,21340.0,0.398,0.687,0.849,4,5000.0,473,0
THIN-000683,40,Freelancer,593,53000.0,19030.0,0.048,0.66,0.848,31,67000.0,678,1
THIN-000684,20,Gig Worker,295,18900.0,3560.0,0.534,0.924,0.725,27,341000.0,484,0
THIN-000685,21,Vendor,583,214400.0,800.0,0.325,0.96,0.382,8,333000.0,488,1
THIN-000686,50,Vendor,791,52800.0,17380.0,0.327,0.56,0.623,24,210000.0,506,1
THIN-000687,31,Gig Worker,523,60300.0,22630.0,0.478,0.89,0.332,33,154000.0,508,1
THIN-000688,52,Gig Worker,710,132500.0,2110.0,0.318,0.428,0.59,34,216000.0,515,1
THIN-000689,32,Shopkeeper,660,5000.0,8140.0,0.217,0.753,0.792,40,211000.0,579,1
THIN-000690,31,Shopkeeper,207,76700.0,12080.0,0.124,0.652,0.771,54,166000.0,612,1
THIN-000691,31,Shopkeeper,344,123900.0,20040.0,0.265,0.938,0.658,5,301000.0,524,1
THIN-000692,24,Vendor,244,117500.0,14400.0,0.474,0.618,0.596,59,8000.0,491,1
THIN-000693,27,Gig Worker,778,179800.0,14550.0,0.185,0.922,0.7,37,304000.0,645,1
THIN-000694,55,Gig Worker,781,82900.0,8080.0,0.266,0.934,0.93,14,122000.0,570,1
THIN-000695,47,Gig Worker,150,135400.0,15540.0,0.035,0.851,0.796,50,196000.0,688,1
THIN-000696,30,Gig Worker,713,100200.0,910.0,0.096,0.885,0.823,53,106000.0,674,1
THIN-000697,25,Vendor,482,78900.0,13290.0,0.05,0.808,0.585,44,345000.0,684,1
THIN-000698,55,Gig Worker,116,146200.0,2200.0,0.219,0.875,0.309,48,50000.0,536,1
THIN-000699,56,Shopkeeper,52,112500.0,10220.0,0.497,0.369,0.423,25,64000.0,386,0
THIN-000700,33,Shopkeeper,572,33800.0,10820.0,0.265,0.783,0.742,12,200000.0,523,1
THIN-000701,33,Shopkeeper,683,103700.0,3110.0,0.138,0.876,0.435,54,244000.0,624,1
THIN-000702,33,Freelancer,730,107700.0,35970.0,0.061,0.888,0.501,8,97000.0,618,1
THIN-000703,47,Shopkeeper,616,108200.0,18520.0,0.25,0.929,0.683,26,192000.0,590,1
THIN-000704,25,Shopkeeper,582,47100.0,1600.0,0.307,0.851,0.89,34,5000.0,579,1
THIN-000705,21,Shopkeeper,675,164800.0,6420.0,0.498,0.632,0.532,48,128000.0,506,1
THIN-000706,19,Gig Worker,387,36400.0,200.0,0.486,0.764,0.375,13,182000.0,412,0
THIN-000707,32,Vendor,603,99100.0,200.0,0.3,0.773,0.673,24,14000.0,524,1
THIN-000708,39,Vendor,274,162800.0,10090.0,0.358,0.807,0.825,17,181000.0,516,1
THIN-000709,47,Vendor,478,97800.0,15630.0,0.262,0.392,0.596,35,196000.0,539,1
THIN-000710,30,Gig Worker,285,5000.0,1400.0,0.179,0.851,0.746,41,30000.0,574,1
THIN-000711,24,Shopkeeper,419,74300.0,13680.0,0.237,0.843,0.482,48,5000.0,586,1
THIN-000712,51,Vendor,249,51000.0,7310.0,0.256,0.486,0.913,12,150000.0,489,1
THIN-000713,56,Gig Worker,161,55400.0,12130.0,0.095,0.89,0.629,50,48000.0,630,1
THIN-000714,19,Freelancer,439,95800.0,7590.0,0.103,0.868,0.703,14,118000.0,614,1
THIN-000715,49,Shopkeeper,468,21100.0,9160.0,0.306,0.94,0.712,50,239000.0,578,1
THIN-000716,56,Shopkeeper,247,31900.0,8030.0,0.141,0.771,0.701,22,5000.0,569,1
THIN-000717,40,Gig Worker,143,104400.0,11730.0,0.034,0.545,0.678,52,150000.0,638,1
THIN-000718,53,Shopkeeper,174,122100.0,16390.0,0.171,0.969,0.542,24,84000.0,575,1
THIN-000719,23,Shopkeeper,542,175900.0,19730.0,0.177,0.872,0.394,12,49000.0,557,1
THIN-000720,31,Freelancer,321,103500.0,5180.0,0.394,0.527,0.743,58,67000.0,515,1
THIN-000721,31,Gig Worker,678,93000.0,15900.0,0.337,0.621,0.789,34,5000.0,556,1
THIN-000722,29,Gig Worker,762,14600.0,3560.0,0.178,0.528,0.763,31,202000.0,563,1
THIN-000723,34,Shopkeeper,322,51300.0,14460.0,0.202,0.832,0.688,10,79000.0,537,1
THIN-000724,39,Vendor,323,141700.0,25680.0,0.119,0.775,0.474,34,180000.0,624,1
THIN-000725,26,Shopkeeper,773,95400.0,18410.0,0.067,0.816,0.602,8,77000.0,610,1
THIN-000726,48,Shopkeeper,571,141400.0,4700.0,0.139,0.824,0.688,4,126000.0,566,1
THIN-000727,52,Gig Worker,261,78300.0,10690.0,0.209,0.834,0.82,32,152000.0,595,1
THIN-000728,49,Vendor,675,55100.0,12170.0,0.51,0.735,0.752,50,114000.0,526,1
THIN-000729,54,Gig Worker,708,136300.0,6140.0,0.325,0.784,0.88,26,181000.0,564,1
THIN-000730,52,Vendor,780,78200.0,6930.0,0.116,0.857,0.602,53,24000.0,649,1
THIN-000731,21,Vendor,621,123100.0,6570.0,0.431,0.824,0.492,5,138000.0,455,0
THIN-000732,43,Shopkeeper,556,6000.0,8720.0,0.045,0.798,0.765,45,159000.0,672,1
THIN-000733,26,Freelancer,771,135600.0,10730.0,0.272,0.879,0.648,44,25000.0,598,1
THIN-000734,48,Vendor,543,85300.0,13210.0,0.307,0.601,0.523,51,72000.0,541,1
THIN-000735,43,Freelancer,147,77500.0,9300.0,0.058,0.802,0.964,56,244000.0,673,1
THIN-000736,40,Gig Worker,190,107100.0,9860.0,0.184,0.932,0.63,47,65000.0,601,1
THIN-000737,29,Freelancer,117,38400.0,6230.0,0.089,0.963,0.711,59,130000.0,634,1
THIN-000738,26,Vendor,706,72000.0,200.0,0.444,0.779,0.719,11,76000.0,458,0
THIN-000739,23,Shopkeeper,390,35500.0,8160.0,0.538,0.838,0.695,41,91000.0,519,1
THIN-000740,31,Gig Worker,652,115200.0,3220.0,0.529,0.816,0.741,31,40000.0,519,1
THIN-000741,34,Freelancer,101,110900.0,10280.0,0.361,0.563,0.615,50,112000.0,487,1
THIN-000742,52,Freelancer,366,56800.0,3870.0,0.024,0.578,0.752,16,5000.0,626,1
THIN-000743,32,Vendor,194,157000.0,360.0,0.264,0.873,0.881,20,111000.0,533,1
THIN-000744,34,Gig Worker,480,163400.0,14390.0,0.159,0.774,0.233,58,76000.0,598,1
THIN-000745,43,Gig Worker,467,118100.0,8340.0,0.23,0.943,0.826,25,101000.0,606,1
THIN-000746,59,Shopkeeper,144,55300.0,15330.0,0.224,0.584,0.644,4,225000.0,456,0
THIN-000747,41,Vendor,434,66200.0,6530.0,0.127,0.852,0.802,30,71000.0,644,1
THIN-000748,52,Gig Worker,22,71100.0,200.0,0.241,0.702,0.711,11,267000.0,447,1
THIN-000749,43,Gig Worker,25,153100.0,8110.0,0.253,0.789,0.694,24,215000.0,512,1
THIN-000750,25,Vendor,607,136900.0,5750.0,0.068,0.863,0.702,32,135000.0,681,1
THIN-000751,43,Freelancer,64,140500.0,7460.0,0.174,0.764,0.69,34,122000.0,570,1
THIN-000752,35,Gig Worker,331,137700.0,20210.0,0.324,0.785,0.83,51,167000.0,582,1
THIN-000753,40,Gig Worker,646,31400.0,200.0,0.194,0.854,0.788,43,182000.0,599,1
THIN-000754,44,Vendor,108,55300.0,200.0,0.321,0.803,0.786,13,37000.0,454,1
THIN-000755,35,Shopkeeper,703,260200.0,19920.0,0.015,0.624,0.558,39,118000.0,701,1
THIN-000756,55,Shopkeeper,386,109100.0,17260.0,0.109,0.834,0.707,58,182000.0,666,1
THIN-000757,31,Gig Worker,771,87100.0,11990.0,0.401,0.786,0.608,12,15000.0,485,1
THIN-000758,33,Shopkeeper,351,157300.0,3950.0,0.42,0.578,0.353,40,76000.0,488,1
THIN-000759,58,Gig Worker,448,70200.0,3990.0,0.074,0.735,0.811,3,210000.0,591,1
THIN-000760,41,Shopkeeper,658,59100.0,5510.0,0.018,0.767,0.751,7,88000.0,636,1
THIN-000761,59,Vendor,82,112800.0,15650.0,0.136,0.847,0.502,33,235000.0,582,1
THIN-000762,58,Shopkeeper,214,86200.0,14740.0,0.153,0.467,0.343,5,122000.0,464,1
THIN-000763,47,Gig Worker,645,112600.0,8340.0,0.288,0.807,0.532,19,241000.0,529,1
THIN-000764,55,Shopkeeper,162,147000.0,18980.0,0.018,0.592,0.467,29,150000.0,628,1
THIN-000765,48,Shopkeeper,144,71800.0,15110.0,0.116,0.978,0.622,22,95000.0,594,1
THIN-000766,21,Vendor,538,36700.0,13830.0,0.184,0.678,0.445,9,224000.0,511,1
THIN-000767,59,Vendor,589,164200.0,13970.0,0.3,0.905,0.57,25,153000.0,561,1
THIN-000768,40,Gig Worker,366,139400.0,2540.0,0.353,0.688,0.755,54,171000.0,550,1
THIN-000769,21,Vendor,24,63500.0,9260.0,0.152,0.767,0.414,53,5000.0,547,1
THIN-000770,33,Shopkeeper,41,54300.0,21080.0,0.084,0.765,0.851,8,80000.0,557,1
THIN-000771,36,Vendor,508,72200.0,16480.0,0.112,0.597,0.525,40,223000.0,620,1
THIN-000772,20,Vendor,332,70800.0,26780.0,0.519,0.884,0.896,6,10000.0,476,0
THIN-000773,35,Gig Worker,571,82900.0,20040.0,0.208,0.486,0.699,14,306000.0,526,1
THIN-000774,22,Shopkeeper,637,37000.0,200.0,0.144,0.87,0.567,32,138000.0,595,1
THIN-000775,26,Gig Worker,344,158400.0,10510.0,0.374,0.785,0.564,32,12000.0,534,1
THIN-000776,34,Freelancer,43,126600.0,16410.0,0.349,0.783,0.461,31,306000.0,484,1
THIN-000777,48,Shopkeeper,730,22800.0,12950.0,0.181,0.77,0.661,40,139000.0,603,1
THIN-000778,26,Vendor,796,92500.0,200.0,0.08,0.747,0.866,50,146000.0,663,1
THIN-000779,42,Freelancer,274,122300.0,7990.0,0.248,0.674,0.841,10,241000.0,515,1
THIN-000780,43,Vendor,295,65900.0,920.0,0.604,0.586,0.506,20,146000.0,406,0
THIN-000781,41,Vendor,375,133900.0,200.0,0.591,0.803,0.646,44,107000.0,496,1
THIN-000782,59,Shopkeeper,772,94100.0,200.0,0.18,0.579,0.691,9,205000.0,511,1
THIN-000783,21,Gig Worker,507,48500.0,200.0,0.138,0.928,0.754,29,84000.0,617,1
THIN-000784,46,Shopkeeper,617,129100.0,6180.0,0.26,0.786,0.405,46,55000.0,567,1
THIN-000785,26,Gig Worker,505,150900.0,15080.0,0.392,0.675,0.544,41,210000.0,536,1
THIN-000786,59,Vendor,665,33900.0,10490.0,0.273,0.526,0.729,21,5000.0,513,1
THIN-000787,59,Vendor,117,73900.0,920.0,0.034,0.795,0.568,39,136000.0,634,1
THIN-000788,55,Vendor,674,75100.0,4570.0,0.383,0.829,0.31,53,147000.0,520,1
THIN-000789,49,Vendor,424,91400.0,4750.0,0.68,0.661,0.816,20,61000.0,462,0
THIN-000790,51,Shopkeeper,748,5000.0,9050.0,0.349,0.897,0.506,10,103000.0,462,0
THIN-000791,30,Vendor,665,30300.0,2120.0,0.425,0.953,0.556,35,115000.0,529,1
THIN-000792,23,Vendor,251,13100.0,21370.0,0.447,0.853,0.792,6,208000.0,444,0
THIN-000793,34,Vendor,396,82700.0,12470.0,0.132,0.868,0.405,5,159000.0,550,1
THIN-000794,50,Freelancer,722,72100.0,9510.0,0.451,0.91,0.57,11,5000.0,478,1
THIN-000795,20,Vendor,286,33200.0,200.0,0.15,0.925,0.491,4,27000.0,503,1
THIN-000796,52,Shopkeeper,466,26700.0,16810.0,0.052,0.817,0.661,56,294000.0,680,1
THIN-000797,52,Freelancer,580,50000.0,13140.0,0.17,0.845,0.598,26,122000.0,595,1
THIN-000798,57,Vendor,94,151400.0,18540.0,0.04,0.545,0.781,20,5000.0,603,1
THIN-000799,26,Gig Worker,287,50000.0,200.0,0.212,0.98,0.629,20,304000.0,539,1
THIN-000800,51,Freelancer,764,50000.0,5690.0,0.117,0.702,0.741,46,162000.0,638,1
THIN-000801,40,Shopkeeper,374,31900.0,16550.0,0.29,0.956,0.584,8,130000.0,508,1
THIN-000802,36,Vendor,681,52500.0,200.0,0.362,0.914,0.845,33,212000.0,554,1
THIN-000803,56,Vendor,394,103700.0,1340.0,0.371,0.7,0.594,50,262000.0,530,1
THIN-000804,33,Shopkeeper,698,70300.0,17630.0,0.443,0.82,0.565,33,133000.0,528,1
THIN-000805,55,Vendor,432,87400.0,8360.0,0.535,0.898,0.652,36,184000.0,534,1
THIN-000806,42,Gig Worker,477,158100.0,1860.0,0.278,0.863,0.701,17,87000.0,544,1
THIN-000807,32,Shopkeeper,362,26900.0,10810.0,0.441,0.517,0.646,50,169000.0,491,1
THIN-000808,38,Vendor,528,54900.0,1490.0,0.336,0.398,0.548,54,10000.0,496,1
THIN-000809,37,Gig Worker,654,24500.0,16570.0,0.194,0.867,0.639,55,91000.0,609,1
THIN-000810,47,Vendor,151,5000.0,6870.0,0.212,0.682,0.624,57,168000.0,520,1
THIN-000811,25,Shopkeeper,351,145600.0,10760.0,0.467,0.748,0.584,35,60000.0,520,1
THIN-000812,31,Gig Worker,578,126000.0,530.0,0.146,0.47,0.823,3,83000.0,520,1
THIN-000813,29,Shopkeeper,297,181200.0,12210.0,0.574,0.735,0.471,37,5000.0,489,1
THIN-000814,50,Vendor,352,159600.0,850.0,0.322,0.926,0.473,57,189000.0,553,1
THIN-000815,50,Gig Worker,662,104600.0,19550.0,0.256,0.811,0.727,43,149000.0,604,1
THIN-000816,21,Freelancer,264,128000.0,200.0,0.073,0.688,0.735,45,129000.0,632,1
THIN-000817,48,Shopkeeper,486,114700.0,15800.0,0.138,0.821,0.819,36,26000.0,662,1
THIN-000818,55,Freelancer,600,161500.0,1440.0,0.799,0.865,0.328,56,86000.0,471,1
THIN-000819,49,Shopkeeper,737,5000.0,200.0,0.152,0.79,0.825,17,89000.0,546,1
THIN-000820,56,Gig Worker,185,61600.0,2530.0,0.313,0.847,0.802,37,127000.0,547,1
THIN-000821,53,Shopkeeper,701,70500.0,6290.0,0.127,0.902,0.598,32,298000.0,636,1
THIN-000822,52,Gig Worker,185,89100.0,6160.0,0.102,0.764,0.692,37,19000.0,623,1
THIN-000823,55,Gig Worker,344,186900.0,200.0,0.459,0.533,0.561,32,225000.0,468,1
THIN-000824,22,Shopkeeper,547,26000.0,15500.0,0.418,0.861,0.652,50,66000.0,541,1
THIN-000825,35,Vendor,611,134300.0,25470.0,0.195,0.965,0.815,23,5000.0,624,1
THIN-000826,56,Shopkeeper,276,25500.0,12770.0,0.161,0.879,0.795,29,118000.0,601,1
THIN-000827,41,Vendor,198,76600.0,21810.0,0.264,0.906,0.765,34,11000.0,577,1
THIN-000828,45,Gig Worker,523,5000.0,200.0,0.047,0.424,0.597,34,194000.0,586,1
THIN-000829,45,Shopkeeper,543,105100.0,10480.0,0.131,0.843,0.539,43,268000.0,640,1
THIN-000830,23,Shopkeeper,416,80000.0,17370.0,0.467,0.919,0.48,4,147000.0,455,0
THIN-000831,47,Gig Worker,483,36700.0,200.0,0.372,0.783,0.821,17,79000.0,490,0
THIN-000832,45,Vendor,793,65000.0,200.0,0.193,0.691,0.5,53,160000.0,564,1
THIN-000833,58,Freelancer,145,137900.0,10230.0,0.115,0.801,0.654,38,167000.0,618,1
THIN-000834,37,Shopkeeper,82,27700.0,9150.0,0.079,0.944,0.455,19,232000.0,566,1
THIN-000835,53,Shopkeeper,721,191200.0,200.0,0.61,0.78,0.684,25,23000.0,474,1
THIN-000836,53,Shopkeeper,170,5000.0,200.0,0.275,0.682,0.625,36,167000.0,480,1
THIN-000837,44,Vendor,18,78100.0,18350.0,0.132,0.945,0.841,47,50000.0,620,1
THIN-000838,36,Vendor,779,5000.0,16770.0,0.223,0.714,0.692,5,192000.0,490,1
THIN-000839,58,Shopkeeper,90,126000.0,4800.0,0.191,0.87,0.853,12,26000.0,534,1
THIN-000840,45,Vendor,592,165700.0,12290.0,0.566,0.63,0.809,10,286000.0,458,0
THIN-000841,48,Vendor,532,67800.0,19230.0,0.347,0.703,0.425,38,5000.0,532,1
THIN-000842,55,Shopkeeper,280,24200.0,10620.0,0.336,0.701,0.748,27,110000.0,509,1
THIN-000843,43,Gig Worker,670,97600.0,18300.0,0.095,0.761,0.408,10,130000.0,575,1
THIN-000844,31,Shopkeeper,49,90300.0,14080.0,0.186,0.587,0.676,29,24000.0,528,1
THIN-000845,19,Shopkeeper,510,98800.0,200.0,0.195,0.364,0.698,6,22000.0,474,1
THIN-000846,56,Vendor,139,87000.0,10060.0,0.103,0.933,0.707,8,180000.0,568,1
THIN-000847,42,Vendor,674,33100.0,4060.0,0.181,0.64,0.708,43,96000.0,591,1
THIN-000848,59,Vendor,647,90900.0,1640.0,0.187,0.731,0.706,41,157000.0,604,1
THIN-000849,39,Vendor,271,84800.0,4590.0,0.431,0.767,0.4,59,134000.0,492,1
THIN-000850,59,Shopkeeper,636,137600.0,1590.0,0.313,0.688,0.782,19,138000.0,524,1
THIN-000851,19,Gig Worker,264,5300.0,4450.0,0.249,0.844,0.745,47,58000.0,550,1
THIN-000852,48,Gig Worker,37,170000.0,15120.0,0.237,0.96,0.789,54,38000.0,582,1
THIN-000853,46,Shopkeeper,790,95200.0,1370.0,0.204,0.603,0.62,40,226000.0,575,1
THIN-000854,24,Freelancer,222,115600.0,200.0,0.189,0.905,0.982,59,152000.0,612,1
THIN-000855,48,Vendor,105,49400.0,10900.0,0.485,0.735,0.84,42,6000.0,492,1
THIN-000856,38,Vendor,754,148400.0,16780.0,0.156,0.897,0.913,5,49000.0,596,1
THIN-000857,23,Gig Worker,496,6300.0,750.0,0.091,0.695,0.603,14,29000.0,550,1
THIN-000858,23,Shopkeeper,462,51700.0,200.0,0.563,0.733,0.802,56,115000.0,499,0
THIN-000859,21,Vendor,774,54700.0,19170.0,0.315,0.788,0.422,29,99000.0,530,1
THIN-000860,39,Vendor,59,111900.0,200.0,0.12,0.679,0.832,19,133000.0,539,1
THIN-000861,27,Freelancer,777,28600.0,18220.0,0.102,0.957,0.854,19,273000.0,642,1
THIN-000862,51,Freelancer,677,110500.0,200.0,0.286,0.8,0.778,55,261000.0,572,1
THIN-000863,30,Gig Worker,563,13300.0,16570.0,0.264,0.76,0.569,29,139000.0,540,1
THIN-000864,30,Vendor,320,129800.0,6210.0,0.192,0.529,0.855,20,27000.0,553,1
THIN-000865,48,Shopkeeper,438,53600.0,14370.0,0.292,0.653,0.738,37,123000.0,566,1
THIN-000866,37,Freelancer,205,51800.0,200.0,0.288,0.977,0.65,9,38000.0,474,1
THIN-000867,34,Vendor,349,113200.0,21170.0,0.059,0.968,0.447,56,5000.0,683,1
THIN-000868,39,Freelancer,598,124900.0,19140.0,0.377,0.595,0.857,24,87000.0,528,1
THIN-000869,20,Gig Worker,205,100700.0,7880.0,0.115,0.784,0.826,38,213000.0,636,1
THIN-000870,55,Vendor,285,100900.0,13120.0,0.305,0.684,0.51,55,197000.0,534,1
THIN-000871,58,Gig Worker,248,57700.0,10320.0,0.667,0.68,0.631,25,114000.0,438,1
THIN-000872,56,Freelancer,128,99200.0,24540.0,0.047,0.722,0.855,49,175000.0,666,1
THIN-000873,22,Gig Worker,666,5000.0,24570.0,0.095,0.954,0.775,15,5000.0,611,1
THIN-000874,55,Gig Worker,749,103100.0,200.0,0.24,0.673,0.963,56,146000.0,590,1
THIN-000875,48,Shopkeeper,666,127500.0,9920.0,0.068,0.977,0.298,53,172000.0,670,1
THIN-000876,50,Shopkeeper,593,14600.0,14010.0,0.372,0.657,0.849,14,174000.0,485,0
THIN-000877,54,Vendor,390,21800.0,30110.0,0.114,0.912,0.901,44,234000.0,676,1
THIN-000878,19,Shopkeeper,32,70300.0,9070.0,0.476,0.878,0.317,23,166000.0,422,0
THIN-000879,45,Vendor,777,5000.0,6180.0,0.276,0.84,0.399,26,32000.0,506,1
THIN-000880,33,Vendor,96,60700.0,9510.0,0.546,0.844,0.809,29,72000.0,474,1
THIN-000881,35,Gig Worker,32,79300.0,11480.0,0.201,0.875,0.4,41,5000.0,541,1
THIN-000882,42,Vendor,550,43600.0,18830.0,0.332,0.83,0.895,51,51000.0,587,1
THIN-000883,34,Shopkeeper,401,135900.0,28090.0,0.657,0.943,0.85,24,169000.0,523,1
THIN-000884,27,Shopkeeper,124,81200.0,9840.0,0.202,0.894,0.648,50,116000.0,578,1
THIN-000885,39,Gig Worker,294,100900.0,15890.0,0.374,0.753,0.479,54,163000.0,523,1
THIN-000886,41,Shopkeeper,625,198600.0,8580.0,0.509,0.899,0.581,43,62000.0,541,1
THIN-000887,35,Freelancer,103,43200.0,4480.0,0.205,0.837,0.614,51,160000.0,553,1
THIN-000888,23,Shopkeeper,363,104400.0,14110.0,0.295,0.944,0.61,25,5000.0,560,1
THIN-000889,36,Vendor,79,84100.0,4620.0,0.235,0.767,0.829,50,97000.0,557,1
THIN-000890,54,Shopkeeper,172,165800.0,4810.0,0.133,0.543,0.419,28,10000.0,541,1
THIN-000891,30,Gig Worker,511,75800.0,12550.0,0.152,0.551,0.797,53,89000.0,618,1
THIN-000892,54,Gig Worker,482,28800.0,11920.0,0.144,0.656,0.628,3,204000.0,524,1
THIN-000893,53,Freelancer,723,84900.0,1980.0,0.31,0.591,0.664,54,89000.0,542,1
THIN-000894,30,Shopkeeper,363,156200.0,16720.0,0.194,0.871,0.682,12,278000.0,568,1
THIN-000895,55,Vendor,715,12900.0,11300.0,0.241,0.632,0.649,37,254000.0,556,1
THIN-000896,35,Gig Worker,184,126100.0,11980.0,0.231,0.852,0.454,27,5000.0,537,1
THIN-000897,58,Gig Worker,258,96000.0,14630.0,0.189,0.829,0.406,26,125000.0,554,1
THIN-000898,19,Shopkeeper,300,83300.0,20980.0,0.381,0.727,0.725,43,284000.0,541,1
THIN-000899,30,Shopkeeper,412,38100.0,9350.0,0.274,0.663,0.494,13,28000.0,488,1
THIN-000900,51,Gig Worker,18,124500.0,7270.0,0.231,0.807,0.679,27,5000.0,525,1
THIN-000901,39,Freelancer,220,57300.0,11750.0,0.222,0.716,0.566,23,199000.0,522,1
THIN-000902,32,Vendor,528,160100.0,4920.0,0.466,0.838,0.535,11,148000.0,470,1
THIN-000903,20,Shopkeeper,759,5000.0,2390.0,0.139,0.899,0.648,21,207000.0,572,1
THIN-000904,58,Shopkeeper,515,199300.0,19300.0,0.14,0.456,0.391,17,101000.0,542,1
THIN-000905,25,Vendor,536,31100.0,6030.0,0.254,0.739,0.248,46,47000.0,533,1
THIN-000906,41,Shopkeeper,484,45900.0,530.0,0.214,0.67,0.42,23,85000.0,514,1
THIN-000907,41,Freelancer,307,40200.0,200.0,0.119,0.615,0.746,14,226000.0,538,1
THIN-000908,45,Vendor,770,171400.0,20010.0,0.126,0.769,0.755,15,53000.0,610,1
THIN-000909,36,Vendor,450,47400.0,10990.0,0.4,0.833,0.834,57,60000.0,563,1
THIN-000910,21,Shopkeeper,578,80400.0,5840.0,0.172,0.704,0.682,27,383000.0,589,1
THIN-000911,44,Vendor,101,139000.0,1750.0,0.174,0.657,0.481,14,56000.0,487,1
THIN-000912,22,Shopkeeper,184,108100.0,8330.0,0.073,0.889,0.464,21,154000.0,599,1
THIN-000913,33,Vendor,311,72100.0,6370.0,0.312,0.809,0.527,49,139000.0,544,1
THIN-000914,46,Vendor,57,138600.0,9470.0,0.444,0.792,0.639,10,202000.0,426,1
THIN-000915,47,Shopkeeper,145,5000.0,13610.0,0.283,0.827,0.437,45,110000.0,496,1
THIN-000916,21,Vendor,85,122900.0,280.0,0.291,0.291,0.868,11,110000.0,416,1
THIN-000917,19,Vendor,213,163100.0,13990.0,0.524,0.798,0.665,41,80000.0,508,1
THIN-000918,48,Shopkeeper,531,91600.0,15620.0,0.723,0.861,0.924,25,111000.0,509,1
THIN-000919,46,Shopkeeper,386,97400.0,20100.0,0.301,0.758,0.51,10,73000.0,496,1
THIN-000920,33,Gig Worker,278,49600.0,1360.0,0.113,0.769,0.642,28,5000.0,592,1
THIN-000921,50,Vendor,530,155600.0,6940.0,0.152,0.694,0.702,4,5000.0,550,1
THIN-000922,41,Shopkeeper,584,140000.0,200.0,0.289,0.608,0.563,37,5000.0,534,1
THIN-000923,45,Vendor,395,141500.0,7450.0,0.215,0.97,0.553,46,65000.0,618,1
THIN-000924,51,Freelancer,350,84600.0,7800.0,0.355,0.806,0.635,21,85000.0,513,1
THIN-000925,34,Vendor,768,34500.0,6860.0,0.599,0.773,0.743,46,212000.0,508,1
THIN-000926,20,Gig Worker,528,115300.0,3210.0,0.503,0.597,0.781,12,146000.0,455,1
THIN-000927,57,Vendor,257,137400.0,5010.0,0.512,0.636,0.878,32,150000.0,500,1
THIN-000928,27,Gig Worker,130,5000.0,2900.0,0.196,0.835,0.65,5,132000.0,460,0
THIN-000929,52,Freelancer,553,34400.0,8760.0,0.236,0.792,0.676,26,5000.0,562,1
THIN-000930,44,Gig Worker,255,165100.0,8450.0,0.434,0.71,0.426,49,165000.0,496,1
THIN-000931,19,Shopkeeper,533,69100.0,9840.0,0.434,0.822,0.744,57,138000.0,550,1
THIN-000932,20,Shopkeeper,212,75900.0,20010.0,0.32,0.881,0.554,14,119000.0,489,1
THIN-000933,19,Freelancer,276,5000.0,200.0,0.235,0.814,0.838,32,254000.0,534,1
THIN-000934,54,Shopkeeper,720,160800.0,14990.0,0.232,0.878,0.832,30,190000.0,618,1
THIN-000935,37,Gig Worker,316,42300.0,13040.0,0.099,0.599,0.736,58,107000.0,626,1
THIN-000936,58,Gig Worker,254,5000.0,14160.0,0.106,0.893,0.799,15,138000.0,575,1
THIN-000937,21,Gig Worker,796,134900.0,8310.0,0.112,0.919,0.798,31,74000.0,670,1
THIN-000938,41,Gig Worker,692,21500.0,200.0,0.224,0.475,0.475,48,182000.0,513,1
THIN-000939,25,Gig Worker,715,5000.0,11800.0,0.232,0.815,0.652,42,144000.0,570,1
THIN-000940,45,Shopkeeper,439,70300.0,200.0,0.151,0.726,0.831,36,235000.0,617,1
THIN-000941,40,Gig Worker,279,113100.0,5900.0,0.042,0.801,0.479,31,76000.0,648,1
THIN-000942,45,Vendor,600,66000.0,200.0,0.412,0.658,0.635,26,192000.0,480,1
THIN-000943,52,Gig Worker,776,73900.0,10270.0,0.036,0.768,0.489,22,96000.0,644,1
THIN-000944,52,Shopkeeper,625,84900.0,10850.0,0.492,0.727,0.649,57,5000.0,523,1
THIN-000945,38,Freelancer,441,126200.0,3400.0,0.088,0.913,0.503,33,99000.0,656,1
THIN-000946,33,Vendor,562,44600.0,13240.0,0.267,0.637,0.511,30,50000.0,535,1
THIN-000947,34,Shopkeeper,284,107200.0,12830.0,0.11,0.709,0.396,52,23000.0,607,1
THIN-000948,53,Gig Worker,319,37000.0,4810.0,0.105,0.824,0.87,40,138000.0,653,1
THIN-000949,30,Freelancer,531,101500.0,16060.0,0.485,0.88,0.675,24,129000.0,518,1
THIN-000950,34,Shopkeeper,225,82000.0,23160.0,0.207,0.738,0.873,37,20000.0,599,1
THIN-000951,30,Shopkeeper,172,118700.0,1030.0,0.129,0.733,0.381,40,217000.0,569,1
THIN-000952,53,Shopkeeper,97,47700.0,12900.0,0.481,0.921,0.689,20,207000.0,459,0
THIN-000953,23,Freelancer,686,99300.0,12510.0,0.119,0.815,0.788,25,186000.0,638,1
THIN-000954,37,Freelancer,182,102700.0,200.0,0.345,0.773,0.854,57,104000.0,526,1
THIN-000955,36,Vendor,204,128500.0,27310.0,0.287,0.475,0.88,36,131000.0,545,1
THIN-000956,36,Vendor,34,142300.0,11830.0,0.148,0.671,0.717,18,128000.0,532,1
THIN-000957,27,Freelancer,498,113500.0,3800.0,0.217,0.654,0.866,55,5000.0,605,1
THIN-000958,36,Vendor,749,6500.0,2310.0,0.045,0.86,0.813,14,80000.0,622,1
THIN-000959,24,Freelancer,460,112100.0,9730.0,0.235,0.894,0.511,38,39000.0,598,1
THIN-000960,57,Vendor,600,41400.0,21050.0,0.282,0.852,0.492,27,70000.0,546,1
THIN-000961,43,Shopkeeper,230,131300.0,8840.0,0.052,0.773,0.899,46,53000.0,686,1
THIN-000962,36,Gig Worker,201,54700.0,25310.0,0.185,0.829,0.635,35,257000.0,587,1
THIN-000963,55,Vendor,722,114600.0,13160.0,0.34,0.886,0.558,21,137000.0,532,1
THIN-000964,28,Vendor,679,161400.0,3840.0,0.114,0.635,0.639,23,238000.0,601,1
THIN-000965,31,Gig Worker,410,62800.0,7330.0,0.211,0.896,0.917,16,115000.0,586,1
THIN-000966,25,Vendor,263,152100.0,21000.0,0.438,0.717,0.595,11,125000.0,454,1
THIN-000967,43,Freelancer,157,14200.0,10100.0,0.325,0.885,0.679,56,5000.0,524,1
THIN-000968,44,Shopkeeper,578,40500.0,200.0,0.229,0.902,0.838,9,97000.0,530,1
THIN-000969,46,Vendor,60,99400.0,200.0,0.577,0.72,0.658,51,149000.0,439,1
THIN-000970,48,Shopkeeper,442,103500.0,7430.0,0.066,0.897,0.666,19,152000.0,649,1
THIN-000971,38,Shopkeeper,669,6100.0,9170.0,0.261,0.957,0.834,51,113000.0,592,1
THIN-000972,59,Vendor,360,118500.0,4530.0,0.236,0.852,0.748,56,293000.0,605,1
THIN-000973,29,Freelancer,94,5000.0,8270.0,0.113,0.767,0.729,25,187000.0,549,1
THIN-000974,59,Shopkeeper,112,5000.0,19690.0,0.33,0.641,0.908,36,150000.0,501,1
THIN-000975,45,Gig Worker,24,116700.0,2090.0,0.544,0.781,0.604,30,154000.0,440,1
THIN-000976,47,Vendor,418,89800.0,10900.0,0.599,0.709,0.678,41,233000.0,509,1
THIN-000977,51,Shopkeeper,631,32100.0,4820.0,0.105,0.864,0.551,13,122000.0,582,1
THIN-000978,23,Gig Worker,690,23000.0,15740.0,0.444,0.726,0.801,33,160000.0,526,1
THIN-000979,46,Gig Worker,116,86300.0,6590.0,0.054,0.77,0.568,43,140000.0,631,1
THIN-000980,49,Gig Worker,64,128900.0,5040.0,0.178,0.775,0.594,51,5000.0,563,1
THIN-000981,40,Shopkeeper,563,72300.0,12660.0,0.17,0.694,0.777,18,241000.0,578,1
THIN-000982,58,Gig Worker,466,119000.0,26610.0,0.133,0.85,0.879,59,122000.0,677,1
THIN-000983,50,Gig Worker,96,102700.0,14530.0,0.056,0.779,0.519,32,130000.0,619,1
THIN-000984,56,Gig Worker,436,117600.0,270.0,0.081,0.767,0.472,11,99000.0,571,1
THIN-000985,27,Shopkeeper,716,114600.0,12040.0,0.136,0.829,0.448,48,116000.0,629,1
THIN-000986,25,Gig Worker,796,5000.0,13290.0,0.291,0.832,0.525,6,25000.0,465,1
THIN-000987,49,Shopkeeper,279,87600.0,16760.0,0.147,0.582,0.655,47,107000.0,596,1
THIN-000988,36,Vendor,236,48000.0,6060.0,0.167,0.574,0.68,15,159000.0,517,0
THIN-000989,55,Freelancer,139,94400.0,200.0,0.286,0.557,0.559,27,168000.0,462,1
THIN-000990,33,Gig Worker,617,106400.0,5010.0,0.502,0.841,0.734,18,59000.0,495,1
THIN-000991,20,Shopkeeper,67,72500.0,15780.0,0.128,0.599,0.412,43,13000.0,551,1
THIN-000992,54,Shopkeeper,759,115200.0,8020.0,0.062,0.509,0.533,47,5000.0,641,1
THIN-000993,20,Gig Worker,570,85800.0,3280.0,0.199,0.938,0.466,3,120000.0,521,1
THIN-000994,37,Shopkeeper,171,119300.0,200.0,0.189,0.733,0.819,54,5000.0,571,1
THIN-000995,38,Shopkeeper,627,69900.0,200.0,0.225,0.6,0.547,59,188000.0,546,1
THIN-000996,49,Vendor,656,174000.0,540.0,0.187,0.666,0.513,47,14000.0,581,1
THIN-000997,39,Freelancer,514,35400.0,5920.0,0.267,0.662,0.77,35,208000.0,566,1
THIN-000998,21,Shopkeeper,518,119400.0,9440.0,0.469,0.817,0.8,31,144000.0,541,1
THIN-000999,27,Vendor,338,31700.0,10990.0,0.432,0.412,0.69,11,241000.0,421,0
THIN-001000,26,Gig Worker,149,43500.0,7360.0,0.242,0.939,0.391,8,166000.0,470,0
THIN-001001,23,Shopkeeper,535,62600.0,16440.0,0.151,0.884,0.616,26,147000.0,613,1
THIN-001002,43,Shopkeeper,119,216200.0,200.0,0.304,0.861,0.528,26,199000.0,491,1
THIN-001003,24,Vendor,397,161100.0,200.0,0.392,0.782,0.289,21,5000.0,464,1
THIN-001004,30,Vendor,638,70600.0,7260.0,0.151,0.526,0.464,14,144000.0,527,1
THIN-001005,51,Vendor,559,156300.0,15940.0,0.208,0.854,0.947,47,85000.0,650,1
THIN-001006,36,Shopkeeper,77,5000.0,14560.0,0.132,0.38,0.519,13,113000.0,448,0
THIN-001007,32,Vendor,499,152500.0,12710.0,0.184,0.903,0.749,23,117000.0,613,1
THIN-001008,43,Gig Worker,761,118500.0,200.0,0.336,0.743,0.803,57,5000.0,554,1
THIN-001009,35,Vendor,744,66800.0,9190.0,0.438,0.675,0.667,29,159000.0,508,1
THIN-001010,20,Gig Worker,228,48200.0,4690.0,0.429,0.659,0.433,41,8000.0,471,1
THIN-001011,35,Gig Worker,181,61900.0,2760.0,0.107,0.874,0.747,7,151000.0,556,1
THIN-001012,58,Vendor,299,118700.0,2690.0,0.646,0.633,0.711,9,67000.0,410,0
THIN-001013,52,Gig Worker,446,84300.0,4860.0,0.356,0.659,0.913,50,142000.0,564,1
THIN-001014,45,Vendor,338,102100.0,200.0,0.191,0.776,0.546,54,268000.0,574,1
THIN-001015,25,Shopkeeper,723,5000.0,26940.0,0.392,0.645,0.945,29,123000.0,517,0
THIN-001016,23,Shopkeeper,715,105700.0,9440.0,0.086,0.656,0.481,51,264000.0,638,1
THIN-001017,19,Freelancer,543,143300.0,8820.0,0.107,0.751,0.545,45,35000.0,645,1
THIN-001018,30,Gig Worker,83,54900.0,7980.0,0.216,0.686,0.885,3,106000.0,477,1
THIN-001019,40,Shopkeeper,479,79500.0,5680.0,0.123,0.971,0.768,4,180000.0,592,1
THIN-001020,26,Vendor,139,84800.0,14710.0,0.492,0.914,0.575,33,5000.0,492,1
THIN-001021,50,Gig Worker,189,94200.0,16640.0,0.544,0.797,0.826,52,106000.0,510,1
THIN-001022,50,Freelancer,723,92200.0,18590.0,0.295,0.812,0.545,59,97000.0,573,1
THIN-001023,47,Shopkeeper,362,170300.0,13710.0,0.435,0.94,0.472,23,5000.0,512,1
THIN-001024,21,Freelancer,152,131200.0,21460.0,0.282,0.66,0.293,37,89000.0,505,1
THIN-001025,36,Vendor,364,121300.0,11670.0,0.351,0.601,0.647,40,54000.0,538,1
THIN-001026,56,Gig Worker,532,146900.0,4470.0,0.159,0.721,0.71,25,10000.0,600,1
THIN-001027,49,Gig Worker,244,32900.0,16280.0,0.156,0.709,0.749,30,172000.0,583,1
THIN-001028,58,Gig Worker,107,133900.0,18770.0,0.122,0.778,0.651,48,25000.0,609,1
THIN-001029,54,Vendor,34,100600.0,12630.0,0.104,0.752,0.301,29,5000.0,551,1
THIN-001030,41,Vendor,37,174000.0,6030.0,0.081,0.865,0.854,50,28000.0,646,1
THIN-001031,59,Vendor,439,21900.0,12990.0,0.223,0.824,0.597,37,5000.0,586,1
THIN-001032,58,Gig Worker,571,85500.0,25880.0,0.325,0.754,0.613,43,68000.0,565,1
THIN-001033,47,Shopkeeper,747,25500.0,24260.0,0.064,0.503,0.324,25,223000.0,582,1
THIN-001034,46,Shopkeeper,563,100500.0,28090.0,0.72,0.584,0.754,24,51000.0,466,0
THIN-001035,23,Gig Worker,663,59700.0,10220.0,0.212,0.467,0.593,48,223000.0,560,1
THIN-001036,44,Freelancer,461,104400.0,7330.0,0.478,0.786,0.344,55,57000.0,505,1
THIN-001037,19,Gig Worker,646,98900.0,2960.0,0.157,0.67,0.642,46,138000.0,610,1
THIN-001038,51,Vendor,21,110100.0,6840.0,0.155,0.864,0.658,8,89000.0,512,1
THIN-001039,43,Freelancer,630,26100.0,15430.0,0.319,0.715,0.74,20,216000.0,518,1
THIN-001040,33,Gig Worker,49,139300.0,8110.0,0.192,0.725,0.221,38,30000.0,519,1
THIN-001041,26,Vendor,620,142500.0,7290.0,0.115,0.845,0.522,21,142000.0,610,1
THIN-001042,54,Freelancer,345,121100.0,22450.0,0.189,0.647,0.604,28,73000.0,575,1
THIN-001043,29,Shopkeeper,336,157000.0,3830.0,0.587,0.803,0.637,24,239000.0,478,1
THIN-001044,23,Gig Worker,797,97600.0,12270.0,0.195,0.784,0.943,44,155000.0,640,1
THIN-001045,31,Gig Worker,138,62100.0,13470.0,0.364,0.911,0.504,43,143000.0,515,1
THIN-001046,51,Vendor,300,171700.0,14330.0,0.298,0.615,0.753,7,23000.0,487,1
THIN-001047,22,Shopkeeper,264,35900.0,15540.0,0.134,0.951,0.801,42,43000.0,644,1
THIN-001048,45,Shopkeeper,295,49800.0,12880.0,0.07,0.934,0.976,47,68000.0,700,1
THIN-001049,24,Shopkeeper,421,5000.0,12160.0,0.406,0.814,0.537,34,74000.0,504,0
THIN-001050,45,Vendor,128,63500.0,14790.0,0.132,0.729,0.787,48,314000.0,604,1
THIN-001051,42,Freelancer,781,24300.0,31020.0,0.347,0.881,0.642,22,46000.0,527,1
THIN-001052,44,Shopkeeper,487,112400.0,10770.0,0.23,0.849,0.672,24,130000.0,580,1
THIN-001053,33,Shopkeeper,738,39600.0,10270.0,0.118,0.933,0.646,21,300000.0,618,1
THIN-001054,38,Shopkeeper,455,76400.0,9610.0,0.049,0.793,0.661,59,220000.0,688,1
THIN-001055,39,Freelancer,725,95300.0,2930.0,0.37,0.647,0.819,8,137000.0,479,1
THIN-001056,54,Gig Worker,168,48500.0,200.0,0.145,0.945,0.767,28,126000.0,579,1
THIN-001057,32,Freelancer,370,130900.0,9490.0,0.065,0.915,0.81,34,132000.0,701,1
THIN-001058,52,Shopkeeper,755,62500.0,2800.0,0.192,0.676,0.416,7,116000.0,496,1
THIN-001059,42,Gig Worker,589,172100.0,200.0,0.231,0.519,0.72,15,153000.0,508,1
THIN-001060,27,Gig Worker,355,46500.0,200.0,0.618,0.93,0.68,23,12000.0,462,0
THIN-001061,52,Vendor,247,110400.0,14980.0,0.211,0.624,0.678,32,241000.0,562,1
THIN-001062,43,Gig Worker,385,98200.0,22330.0,0.13,0.887,0.584,48,274000.0,650,1
THIN-001063,25,Gig Worker,585,5000.0,16860.0,0.256,0.731,0.763,10,90000.0,499,1
THIN-001064,46,Vendor,370,137100.0,3530.0,0.199,0.576,0.878,39,163000.0,602,1
THIN-001065,44,Gig Worker,132,31100.0,200.0,0.18,0.936,0.562,45,5000.0,553,1
THIN-001066,56,Freelancer,357,53800.0,4360.0,0.116,0.917,0.827,53,65000.0,663,1
THIN-001067,32,Shopkeeper,578,5000.0,2250.0,0.049,0.923,0.723,58,43000.0,670,1
THIN-001068,54,Vendor,163,5000.0,6870.0,0.424,0.666,0.663,42,70000.0,461,1
THIN-001069,27,Shopkeeper,279,87300.0,200.0,0.269,0.865,0.489,51,19000.0,538,1
THIN-001070,37,Vendor,22,29500.0,7410.0,0.043,0.706,0.573,13,60000.0,548,1
THIN-001071,40,Vendor,281,48600.0,8600.0,0.403,0.68,0.93,49,159000.0,535,1
THIN-001072,40,Vendor,154,138500.0,9270.0,0.095,0.599,0.673,12,57000.0,550,1
THIN-001073,43,Freelancer,530,175900.0,13360.0,0.39,0.89,0.872,21,5000.0,553,1
THIN-001074,53,Vendor,213,67700.0,8010.0,0.129,0.755,0.549,10,21000.0,532,1
THIN-001075,34,Vendor,797,95400.0,8970.0,0.362,0.803,0.969,47,237000.0,588,1
THIN-001076,48,Freelancer,206,14100.0,200.0,0.271,0.565,0.527,13,221000.0,419,0
THIN-001077,47,Shopkeeper,504,68100.0,6940.0,0.212,0.803,0.483,33,37000.0,579,1
THIN-001078,28,Gig Worker,737,127100.0,200.0,0.368,0.549,0.634,57,109000.0,510,1
THIN-001079,20,Vendor,371,14900.0,8460.0,0.476,0.64,0.849,40,56000.0,509,1
THIN-001080,35,Shopkeeper,97,73400.0,8600.0,0.265,0.728,0.901,24,201000.0,523,1
THIN-001081,27,Vendor,90,60500.0,9770.0,0.451,0.569,0.746,32,150000.0,461,0
THIN-001082,25,Gig Worker,154,71700.0,11110.0,0.19,0.823,0.588,44,162000.0,574,1
THIN-001083,53,Vendor,457,85500.0,200.0,0.069,0.428,0.772,44,253000.0,625,1
THIN-001084,33,Gig Worker,462,127300.0,21500.0,0.124,0.649,0.475,36,155000.0,622,1
THIN-001085,46,Freelancer,322,129200.0,8890.0,0.083,0.937,0.579,4,168000.0,589,1
THIN-001086,20,Vendor,566,148000.0,10380.0,0.107,0.971,0.708,14,166000.0,630,1
THIN-001087,58,Vendor,105,140300.0,24350.0,0.176,0.626,0.615,24,72000.0,535,1
THIN-001088,25,Shopkeeper,161,142200.0,15260.0,0.301,0.836,0.717,41,249000.0,557,1
THIN-001089,42,Shopkeeper,745,149400.0,14930.0,0.331,0.826,0.664,14,258000.0,524,1
THIN-001090,32,Vendor,621,70100.0,1180.0,0.398,0.731,0.401,31,119000.0,493,1
THIN-001091,33,Vendor,323,40600.0,17990.0,0.126,0.694,0.712,46,168000.0,622,1
THIN-001092,45,Vendor,40,21700.0,18510.0,0.375,0.973,0.353,47,320000.0,481,1
THIN-001093,53,Shopkeeper,409,64000.0,21920.0,0.17,0.953,0.871,47,104000.0,662,1
THIN-001094,56,Freelancer,183,20300.0,14220.0,0.276,0.815,0.679,50,106000.0,541,1
THIN-001095,35,Vendor,410,105300.0,200.0,0.294,0.982,0.764,22,88000.0,553,1
THIN-001096,41,Shopkeeper,341,71900.0,24020.0,0.452,0.79,0.799,36,238000.0,544,1
THIN-001097,53,Gig Worker,783,160500.0,18890.0,0.826,0.847,0.498,52,112000.0,497,1
THIN-001098,40,Freelancer,139,5000.0,11140.0,0.13,0.8,0.565,19,77000.0,523,1
THIN-001099,32,Vendor,716,120300.0,17150.0,0.222,0.434,0.815,3,187000.0,501,1
THIN-001100,59,Gig Worker,763,63100.0,7550.0,0.089,0.747,0.859,8,194000.0,603,1
THIN-001101,52,Shopkeeper,416,186800.0,8610.0,0.103,0.941,0.295,17,93000.0,601,1
THIN-001102,28,Gig Worker,486,68800.0,5740.0,0.24,0.894,0.855,59,5000.0,619,1
THIN-001103,48,Vendor,710,134600.0,8230.0,0.104,0.367,0.723,59,94000.0,620,1
THIN-001104,32,Gig Worker,464,5000.0,2440.0,0.351,0.611,0.672,3,143000.0,420,0
THIN-001105,31,Freelancer,53,156000.0,3260.0,0.476,0.593,0.707,6,199000.0,389,0
THIN-001106,21,Vendor,80,70800.0,13970.0,0.127,0.753,0.567,48,161000.0,584,1
THIN-001107,26,Vendor,400,157600.0,14170.0,0.133,0.859,0.667,26,174000.0,633,1
THIN-001108,30,Shopkeeper,787,85700.0,10880.0,0.123,0.778,0.511,42,186000.0,632,1
THIN-001109,37,Gig Worker,95,175300.0,6050.0,0.132,0.771,0.567,59,31000.0,591,1
THIN-001110,28,Shopkeeper,346,161100.0,390.0,0.337,0.821,0.72,6,72000.0,479,1
THIN-001111,57,Vendor,216,77600.0,11130.0,0.253,0.455,0.604,33,93000.0,513,1
THIN-001112,47,Shopkeeper,293,73800.0,13020.0,0.167,0.758,0.779,5,92000.0,538,1
THIN-001113,45,Gig Worker,596,150600.0,200.0,0.132,0.907,0.63,20,33000.0,596,1
THIN-001114,23,Vendor,147,5000.0,3160.0,0.142,0.555,0.628,27,177000.0,510,1
THIN-001115,41,Vendor,108,35700.0,8120.0,0.322,0.923,0.752,39,141000.0,537,1
THIN-001116,45,Vendor,707,72800.0,14000.0,0.263,0.631,0.633,21,145000.0,530,1
THIN-001117,40,Vendor,31,5000.0,8080.0,0.04,0.723,0.69,13,106000.0,545,1
THIN-001118,55,Gig Worker,455,174100.0,14600.0,0.303,0.701,0.53,56,121000.0,563,1
THIN-001119,58,Gig Worker,622,79500.0,12910.0,0.325,0.838,0.618,22,80000.0,535,1
THIN-001120,39,Vendor,24,132100.0,17900.0,0.516,0.699,0.602,6,201000.0,388,0
THIN-001121,53,Vendor,351,95800.0,2980.0,0.247,0.937,0.943,34,14000.0,616,1
THIN-001122,39,Gig Worker,599,132100.0,6080.0,0.359,0.623,0.658,26,108000.0,517,1
THIN-001123,32,Shopkeeper,197,72100.0,9100.0,0.437,0.932,0.983,53,40000.0,553,1
THIN-001124,54,Vendor,477,124500.0,12180.0,0.058,0.799,0.813,10,5000.0,638,1
THIN-001125,27,Shopkeeper,116,5000.0,12550.0,0.25,0.87,0.523,30,124000.0,500,0
THIN-001126,55,Freelancer,473,98900.0,8730.0,0.222,0.938,0.399,36,194000.0,596,1
THIN-001127,23,Gig Worker,241,6200.0,5220.0,0.067,0.868,0.746,59,105000.0,638,1
THIN-001128,59,Shopkeeper,373,72500.0,7730.0,0.256,0.915,0.607,16,5000.0,541,1
THIN-001129,29,Shopkeeper,384,67100.0,550.0,0.046,0.79,0.753,53,133000.0,678,1
THIN-001130,30,Freelancer,305,109100.0,14370.0,0.354,0.815,0.683,4,67000.0,475,1
THIN-001131,44,Shopkeeper,164,44400.0,20040.0,0.433,0.671,0.571,49,5000.0,482,1
THIN-001132,24,Freelancer,581,22500.0,12270.0,0.267,0.695,0.907,45,88000.0,584,1
THIN-001133,25,Shopkeeper,783,81800.0,470.0,0.174,0.804,0.738,28,118000.0,593,1
THIN-001134,52,Vendor,364,66400.0,200.0,0.149,0.76,0.882,12,113000.0,560,1
THIN-001135,22,Gig Worker,125,108800.0,8260.0,0.161,0.864,0.361,45,88000.0,569,1
THIN-001136,24,Gig Worker,504,91700.0,200.0,0.101,0.591,0.348,6,101000.0,512,1
THIN-001137,19,Gig Worker,146,111000.0,2700.0,0.098,0.742,0.336,25,90000.0,555,1
THIN-001138,26,Gig Worker,615,135700.0,6920.0,0.139,0.843,0.495,49,69000.0,632,1
THIN-001139,57,Freelancer,786,141600.0,8330.0,0.338,0.763,0.808,28,50000.0,559,1
THIN-001140,51,Vendor,465,111200.0,8490.0,0.114,0.638,0.713,41,58000.0,641,1
THIN-001141,35,Shopkeeper,349,77600.0,5920.0,0.243,0.727,0.572,37,168000.0,568,1
THIN-001142,48,Freelancer,649,117700.0,23610.0,0.212,0.437,0.559,44,202000.0,566,1
THIN-001143,29,Vendor,640,37900.0,2220.0,0.44,0.57,0.499,9,5000.0,417,0
THIN-001144,36,Freelancer,70,153400.0,10560.0,0.333,0.8,0.488,48,5000.0,508,1
THIN-001145,31,Freelancer,78,135800.0,200.0,0.238,0.772,0.554,51,167000.0,520,1
THIN-001146,19,Gig Worker,736,115400.0,4290.0,0.08,0.93,0.769,49,254000.0,694,1
THIN-001147,32,Vendor,381,35300.0,3140.0,0.327,0.708,0.802,14,250000.0,497,1
THIN-001148,47,Vendor,559,92500.0,18240.0,0.256,0.751,0.813,51,219000.0,603,1
THIN-001149,27,Vendor,155,69100.0,12990.0,0.073,0.708,0.624,38,192000.0,624,1
THIN-001150,25,Vendor,610,69000.0,13970.0,0.09,0.734,0.877,35,100000.0,675,1
THIN-001151,26,Gig Worker,207,110400.0,2810.0,0.213,0.842,0.842,24,193000.0,564,1
THIN-001152,26,Shopkeeper,651,133000.0,200.0,0.388,0.815,0.661,5,73000.0,460,0
THIN-001153,46,Vendor,699,22300.0,6450.0,0.31,0.613,0.595,45,52000.0,529,1
THIN-001154,41,Shopkeeper,368,73000.0,15690.0,0.22,0.776,0.927,29,106000.0,604,1
THIN-001155,48,Gig Worker,647,56600.0,20730.0,0.498,0.853,0.744,23,122000.0,511,1
THIN-001156,59,Gig Worker,657,42500.0,14520.0,0.171,0.907,0.758,12,143000.0,579,1
THIN-001157,44,Freelancer,631,62700.0,200.0,0.046,0.731,0.717,11,5000.0,602,1
THIN-001158,22,Vendor,785,20000.0,6870.0,0.314,0.696,0.594,37,5000.0,536,1
THIN-001159,20,Freelancer,252,134400.0,10420.0,0.293,0.893,0.859,18,56000.0,544,1
THIN-001160,41,Shopkeeper,380,97300.0,200.0,0.315,0.897,0.368,31,204000.0,520,1
THIN-001161,37,Vendor,685,108600.0,15880.0,0.205,0.695,0.579,6,73000.0,521,1
THIN-001162,55,Gig Worker,427,74700.0,7210.0,0.202,0.672,0.698,50,168000.0,597,1
THIN-001163,33,Shopkeeper,659,93500.0,20980.0,0.26,0.619,0.787,35,236000.0,583,1
THIN-001164,30,Shopkeeper,653,71800.0,14050.0,0.243,0.908,0.594,29,38000.0,584,1
THIN-001165,30,Freelancer,239,90200.0,21170.0,0.031,0.889,0.784,27,362000.0,681,1
THIN-001166,58,Shopkeeper,131,95800.0,200.0,0.272,0.555,0.534,21,173000.0,449,1
THIN-001167,24,Gig Worker,265,91600.0,10890.0,0.03,0.804,0.585,15,98000.0,625,1
THIN-001168,23,Gig Worker,311,76900.0,200.0,0.022,0.873,0.688,52,98000.0,683,1
THIN-001169,58,Vendor,239,127000.0,6880.0,0.345,0.629,0.798,16,5000.0,485,1
THIN-001170,57,Shopkeeper,568,22000.0,12600.0,0.166,0.563,0.46,17,49000.0,521,1
THIN-001171,38,Gig Worker,192,49400.0,23880.0,0.516,0.898,0.801,51,63000.0,519,1
THIN-001172,56,Vendor,330,38300.0,7240.0,0.115,0.821,0.933,9,45000.0,590,1
THIN-001173,51,Freelancer,395,80900.0,17350.0,0.178,0.831,0.927,23,82000.0,618,1
THIN-001174,36,Freelancer,422,116500.0,8750.0,0.074,0.717,0.631,30,337000.0,651,1
THIN-001175,28,Freelancer,395,48400.0,22500.0,0.04,0.472,0.334,16,276000.0,578,1
THIN-001176,28,Gig Worker,725,5000.0,200.0,0.148,0.607,0.269,53,5000.0,525,1
THIN-001177,51,Gig Worker,541,92700.0,4000.0,0.318,0.85,0.935,6,47000.0,522,1
THIN-001178,48,Vendor,80,85600.0,3210.0,0.17,0.363,0.548,56,204000.0,512,1
THIN-001179,46,Gig Worker,711,38200.0,20610.0,0.185,0.902,0.738,49,47000.0,631,1
THIN-001180,56,Gig Worker,464,5000.0,8470.0,0.413,0.747,0.543,35,165000.0,496,1
THIN-001181,36,Gig Worker,606,83300.0,2840.0,0.355,0.676,0.852,44,5000.0,557,1
THIN-001182,29,Vendor,694,40400.0,10700.0,0.277,0.813,0.846,48,107000.0,594,1
THIN-001183,29,Shopkeeper,637,45700.0,13640.0,0.257,0.47,0.695,26,283000.0,527,1
THIN-001184,21,Shopkeeper,434,51600.0,200.0,0.387,0.833,0.728,53,122000.0,535,1
THIN-001185,22,Gig Worker,740,32000.0,200.0,0.12,0.798,0.796,11,5000.0,566,1
THIN-001186,32,Shopkeeper,309,99600.0,200.0,0.603,0.557,0.925,30,100000.0,464,1
THIN-001187,22,Shopkeeper,532,70100.0,11010.0,0.235,0.912,0.459,57,126000.0,591,1
THIN-001188,45,Vendor,662,60300.0,200.0,0.204,0.937,0.876,42,147000.0,619,1
THIN-001189,51,Vendor,740,117900.0,13300.0,0.105,0.637,0.714,55,57000.0,649,1
THIN-001190,45,Vendor,660,84300.0,9770.0,0.543,0.699,0.758,21,146000.0,484,1
THIN-001191,28,Freelancer,555,46500.0,1900.0,0.375,0.673,0.567,36,5000.0,517,1
THIN-001192,50,Gig Worker,244,5000.0,7090.0,0.251,0.716,0.54,37,142000.0,515,1
THIN-001193,39,Shopkeeper,300,5000.0,3890.0,0.26,0.856,0.588,56,180000.0,537,1
THIN-001194,52,Shopkeeper,357,176300.0,200.0,0.147,0.826,0.7,51,156000.0,622,1
THIN-001195,51,Shopkeeper,353,101700.0,990.0,0.291,0.753,0.531,37,5000.0,544,1
THIN-001196,27,Gig Worker,305,106000.0,7720.0,0.033,0.599,0.929,11,125000.0,627,1
THIN-001197,28,Gig Worker,654,31600.0,2570.0,0.212,0.883,0.707,51,153000.0,602,1
THIN-001198,35,Vendor,777,49900.0,16100.0,0.445,0.63,0.528,41,219000.0,506,1
THIN-001199,48,Vendor,556,119100.0,11720.0,0.166,0.672,0.322,25,143000.0,559,1
THIN-001200,44,Vendor,622,135900.0,9510.0,0.148,0.808,0.9,47,94000.0,662,1
THIN-001201,52,Freelancer,112,90300.0,28450.0,0.202,0.774,0.884,41,129000.0,591,1
THIN-001202,40,Vendor,336,5000.0,6010.0,0.471,0.781,0.553,11,153000.0,417,0
THIN-001203,52,Gig Worker,267,5000.0,8670.0,0.107,0.95,0.576,36,157000.0,613,1
THIN-001204,21,Freelancer,310,94200.0,1290.0,0.483,0.889,0.777,57,43000.0,530,1
THIN-001205,54,Vendor,433,100300.0,9010.0,0.277,0.609,0.884,25,5000.0,556,1
THIN-001206,49,Shopkeeper,425,71800.0,9160.0,0.315,0.731,0.509,13,5000.0,491,1
THIN-001207,48,Shopkeeper,80,56400.0,9440.0,0.189,0.816,0.548,48,142000.0,555,1
THIN-001208,54,Vendor,697,5000.0,20260.0,0.219,0.782,0.776,35,180000.0,582,1
THIN-001209,28,Vendor,153,95400.0,24760.0,0.084,0.936,0.483,12,93000.0,577,1
THIN-001210,29,Shopkeeper,299,28700.0,13240.0,0.179,0.641,0.493,31,5000.0,550,1
THIN-001211,21,Freelancer,362,95500.0,11820.0,0.243,0.985,0.809,22,5000.0,590,1
THIN-001212,57,Shopkeeper,506,5000.0,8430.0,0.259,0.633,0.487,48,250000.0,523,1
THIN-001213,47,Gig Worker,351,183000.0,12440.0,0.112,0.922,0.837,28,88000.0,665,1
THIN-001214,59,Vendor,136,157400.0,12420.0,0.204,0.71,0.68,6,5000.0,495,1
THIN-001215,19,Vendor,543,37900.0,28640.0,0.181,0.677,0.844,16,5000.0,570,1
THIN-001216,37,Gig Worker,486,106000.0,200.0,0.217,0.913,0.75,36,50000.0,606,1
THIN-001217,29,Gig Worker,262,34800.0,23170.0,0.281,0.627,0.916,49,220000.0,560,1
THIN-001218,44,Vendor,148,44800.0,7280.0,0.364,0.911,0.471,30,23000.0,492,1
THIN-001219,24,Gig Worker,368,99200.0,4970.0,0.073,0.944,0.68,31,164000.0,674,1
THIN-001220,34,Shopkeeper,714,168000.0,6750.0,0.354,0.815,0.93,6,141000.0,517,1
THIN-001221,25,Shopkeeper,665,113400.0,10660.0,0.163,0.828,0.601,50,154000.0,629,1
THIN-001222,57,Shopkeeper,769,56200.0,18180.0,0.431,0.759,0.605,57,116000.0,532,1
THIN-001223,43,Shopkeeper,181,76300.0,2660.0,0.21,0.858,0.63,42,185000.0,570,1
THIN-001224,25,Vendor,112,25300.0,2590.0,0.201,0.818,0.299,23,5000.0,484,1
THIN-001225,26,Freelancer,229,35400.0,200.0,0.255,0.904,0.735,33,94000.0,544,1
THIN-001226,34,Freelancer,391,141700.0,3640.0,0.277,0.869,0.298,28,75000.0,537,1
THIN-001227,37,Vendor,599,128000.0,15250.0,0.38,0.743,0.612,52,180000.0,551,1
THIN-001228,34,Vendor,632,5000.0,3090.0,0.051,0.809,0.503,56,277000.0,638,1
THIN-001229,19,Vendor,687,73000.0,8180.0,0.199,0.879,0.743,29,106000.0,608,1
THIN-001230,40,Gig Worker,310,151000.0,7950.0,0.269,0.6,0.839,21,111000.0,534,1
THIN-001231,24,Vendor,425,5000.0,200.0,0.439,0.871,0.836,35,107000.0,510,1
THIN-001232,35,Vendor,204,79800.0,200.0,0.308,0.862,0.753,28,58000.0,517,1
THIN-001233,38,Freelancer,427,114100.0,8130.0,0.217,0.347,0.734,51,127000.0,564,1
THIN-001234,57,Freelancer,270,112700.0,13680.0,0.29,0.612,0.707,5,122000.0,471,1
THIN-001235,44,Shopkeeper,273,90400.0,22910.0,0.097,0.63,0.529,28,199000.0,597,1
THIN-001236,56,Shopkeeper,27,84600.0,5240.0,0.268,0.628,0.536,9,137000.0,429,1
THIN-001237,38,Vendor,408,67100.0,8860.0,0.078,0.674,0.768,23,153000.0,632,1
THIN-001238,40,Gig Worker,473,59100.0,9060.0,0.307,0.918,0.633,36,75000.0,580,1
THIN-001239,51,Gig Worker,487,48000.0,13120.0,0.361,0.81,0.474,35,8000.0,536,1
THIN-001240,23,Vendor,251,125900.0,200.0,0.374,0.716,0.351,8,121000.0,409,1
THIN-001241,24,Vendor,632,124600.0,200.0,0.332,0.629,0.803,54,119000.0,544,1
THIN-001242,19,Shopkeeper,388,161900.0,1530.0,0.156,0.685,0.724,55,150000.0,619,1
THIN-001243,58,Shopkeeper,756,99000.0,14560.0,0.418,0.663,0.557,19,185000.0,483,1
THIN-001244,45,Shopkeeper,446,69900.0,14280.0,0.408,0.78,0.421,49,95000.0,524,1
THIN-001245,25,Shopkeeper,46,97500.0,7760.0,0.131,0.97,0.746,54,5000.0,617,1
THIN-001246,36,Gig Worker,103,146900.0,6650.0,0.498,0.883,0.636,47,127000.0,497,1
THIN-001247,54,Shopkeeper,425,5000.0,21890.0,0.404,0.819,0.71,28,218000.0,508,1
THIN-001248,53,Vendor,670,63200.0,8160.0,0.225,0.575,0.784,24,205000.0,554,1
THIN-001249,59,Shopkeeper,307,55200.0,200.0,0.572,0.66,0.668,7,5000.0,392,0
THIN-001250,56,Gig Worker,254,133900.0,9760.0,0.115,0.567,0.681,46,283000.0,611,1
THIN-001251,35,Vendor,526,123300.0,11320.0,0.096,0.762,0.818,49,64000.0,677,1
THIN-001252,43,Freelancer,417,24600.0,3330.0,0.213,0.813,0.659,34,183000.0,583,1
THIN-001253,48,Gig Worker,325,42200.0,11270.0,0.608,0.904,0.533,15,50000.0,444,0
THIN-001254,35,Shopkeeper,24,96300.0,200.0,0.264,0.635,0.279,19,83000.0,416,1
THIN-001255,37,Freelancer,310,23900.0,12630.0,0.148,0.607,0.527,45,46000.0,575,1
THIN-001256,31,Vendor,354,5000.0,200.0,0.487,0.663,0.283,3,14000.0,341,0
THIN-001257,31,Shopkeeper,448,205800.0,12950.0,0.488,0.907,0.782,7,102000.0,494,1
THIN-001258,47,Gig Worker,285,30200.0,200.0,0.101,0.602,0.423,17,154000.0,518,1
THIN-001259,22,Vendor,555,116000.0,15970.0,0.11,0.663,0.758,43,32000.0,654,1
THIN-001260,40,Freelancer,598,70800.0,15840.0,0.24,0.863,0.809,21,69000.0,580,1
THIN-001261,45,Gig Worker,743,127800.0,12340.0,0.317,0.828,0.582,54,199000.0,573,1
THIN-001262,32,Gig Worker,342,42100.0,18300.0,0.163,0.839,0.922,23,174000.0,610,1
THIN-001263,32,Shopkeeper,25,80700.0,12680.0,0.262,0.774,0.731,3,136000.0,454,0
THIN-001264,59,Shopkeeper,475,94400.0,18840.0,0.044,0.804,0.47,21,82000.0,644,1
THIN-001265,31,Shopkeeper,515,59500.0,6630.0,0.134,0.853,0.68,37,162000.0,643,1
THIN-001266,28,Freelancer,382,134000.0,200.0,0.118,0.909,0.718,35,67000.0,645,1
THIN-001267,23,Shopkeeper,290,113100.0,12960.0,0.129,0.55,0.825,28,136000.0,600,1
THIN-001268,21,Shopkeeper,525,137900.0,11790.0,0.22,0.683,0.885,38,38000.0,617,1
THIN-001269,36,Shopkeeper,213,145200.0,13320.0,0.392,0.769,0.661,58,183000.0,528,1
THIN-001270,23,Vendor,694,37800.0,9690.0,0.271,0.921,0.535,12,28000.0,518,1
THIN-001271,51,Vendor,695,118000.0,3620.0,0.245,0.946,0.95,10,30000.0,570,1
THIN-001272,53,Freelancer,742,85900.0,1100.0,0.238,0.714,0.813,41,88000.0,589,1
THIN-001273,29,Gig Worker,320,198500.0,4820.0,0.182,0.714,0.534,31,82000.0,579,1
THIN-001274,20,Gig Worker,319,74900.0,200.0,0.571,0.51,0.696,16,142000.0,406,0
THIN-001275,40,Vendor,332,19400.0,6260.0,0.506,0.803,0.829,38,82000.0,516,1
THIN-001276,30,Gig Worker,581,125400.0,1020.0,0.116,0.901,0.433,33,135000.0,626,1
THIN-001277,42,Freelancer,740,70900.0,3640.0,0.194,0.687,0.706,9,181000.0,531,1
THIN-001278,34,Gig Worker,309,163500.0,4630.0,0.272,0.637,0.479,42,162000.0,540,1
THIN-001279,21,Vendor,449,5000.0,11170.0,0.396,0.681,0.504,33,199000.0,485,1
THIN-001280,40,Gig Worker,605,62800.0,15640.0,0.294,0.772,0.661,16,127000.0,524,1
THIN-001281,37,Vendor,720,90800.0,1860.0,0.514,0.577,0.75,9,5000.0,435,1
THIN-001282,40,Shopkeeper,303,222000.0,7920.0,0.072,0.625,0.602,8,70000.0,576,1
THIN-001283,50,Vendor,352,179700.0,18920.0,0.234,0.849,0.819,51,143000.0,623,1
THIN-001284,19,Gig Worker,81,71500.0,3390.0,0.4,0.88,0.419,11,162000.0,419,1
THIN-001285,23,Vendor,267,84200.0,200.0,0.203,0.632,0.702,11,135000.0,492,1
THIN-001286,55,Vendor,365,82000.0,14680.0,0.071,0.404,0.866,24,121000.0,618,1
THIN-001287,21,Freelancer,388,156200.0,7670.0,0.159,0.533,0.312,35,5000.0,570,1
THIN-001288,26,Gig Worker,659,77000.0,200.0,0.517,0.711,0.728,19,5000.0,458,1
THIN-001289,30,Gig Worker,587,47200.0,2970.0,0.158,0.793,0.59,48,130000.0,610,1
THIN-001290,32,Shopkeeper,645,112300.0,2870.0,0.156,0.795,0.865,58,146000.0,645,1
THIN-001291,23,Shopkeeper,93,37300.0,3090.0,0.34,0.744,0.76,25,36000.0,478,1
THIN-001292,50,Vendor,576,65800.0,2720.0,0.155,0.767,0.366,48,128000.0,591,1
THIN-001293,21,Vendor,188,78300.0,5390.0,0.065,0.858,0.491,50,29000.0,635,1
THIN-001294,53,Shopkeeper,250,39900.0,11960.0,0.427,0.719,0.574,40,282000.0,497,0
THIN-001295,21,Vendor,55,21500.0,25690.0,0.259,0.604,0.445,12,236000.0,427,0
THIN-001296,47,Vendor,210,59000.0,12100.0,0.253,0.623,0.778,7,210000.0,479,1
THIN-001297,24,Vendor,778,50800.0,15260.0,0.445,0.545,0.352,13,103000.0,424,0
THIN-001298,34,Shopkeeper,672,93900.0,13020.0,0.178,0.762,0.739,22,196000.0,592,1
THIN-001299,56,Shopkeeper,417,69700.0,200.0,0.281,0.726,0.736,5,76000.0,479,1
THIN-001300,43,Vendor,653,99600.0,4200.0,0.354,0.729,0.827,51,157000.0,565,1
THIN-001301,54,Vendor,740,94700.0,200.0,0.213,0.468,0.715,54,114000.0,554,1
THIN-001302,51,Shopkeeper,32,127400.0,3460.0,0.328,0.673,0.708,31,120000.0,489,1
THIN-001303,54,Gig Worker,792,45300.0,17320.0,0.286,0.643,0.537,51,91000.0,548,1
THIN-001304,25,Shopkeeper,177,121700.0,11830.0,0.367,0.841,0.727,39,49000.0,540,1
THIN-001305,26,Gig Worker,437,75200.0,12350.0,0.248,0.623,0.629,5,5000.0,493,1
THIN-001306,57,Shopkeeper,776,84600.0,12840.0,0.212,0.764,0.581,42,129000.0,597,1
THIN-001307,34,Vendor,365,164000.0,200.0,0.153,0.708,0.838,16,15000.0,569,1
THIN-001308,54,Shopkeeper,40,67100.0,200.0,0.222,0.479,0.683,37,250000.0,491,1
THIN-001309,38,Vendor,446,76600.0,1100.0,0.27,0.866,0.67,17,179000.0,533,1
THIN-001310,44,Gig Worker,265,91000.0,8030.0,0.129,0.214,0.846,9,57000.0,508,1
THIN-001311,44,Vendor,527,105300.0,20360.0,0.03,0.812,0.597,57,297000.0,705,1
THIN-001312,28,Shopkeeper,598,74200.0,2350.0,0.211,0.933,0.853,47,5000.0,630,1
THIN-001313,22,Gig Worker,449,120500.0,6560.0,0.035,0.695,0.612,36,35000.0,685,1
THIN-001314,55,Gig Worker,418,37000.0,200.0,0.2,0.732,0.765,53,220000.0,583,1
THIN-001315,54,Vendor,434,178500.0,5480.0,0.238,0.749,0.723,40,143000.0,602,1
THIN-001316,42,Vendor,117,180600.0,1910.0,0.265,0.641,0.865,47,48000.0,545,1
THIN-001317,36,Gig Worker,107,64600.0,15220.0,0.017,0.714,0.869,49,89000.0,677,1
THIN-001318,41,Shopkeeper,309,109700.0,9740.0,0.518,0.932,0.812,29,136000.0,527,1
THIN-001319,48,Freelancer,200,96100.0,4830.0,0.257,0.736,0.515,55,110000.0,537,1
THIN-001320,24,Shopkeeper,155,143600.0,12020.0,0.521,0.613,0.748,11,77000.0,422,0
THIN-001321,45,Gig Worker,258,83500.0,7320.0,0.299,0.81,0.713,57,5000.0,559,1
THIN-001322,47,Shopkeeper,733,108500.0,5600.0,0.212,0.981,0.801,16,215000.0,589,1
THIN-001323,25,Shopkeeper,429,81600.0,200.0,0.156,0.727,0.152,48,204000.0,555,1
THIN-001324,47,Gig Worker,103,116800.0,32890.0,0.34,0.655,0.755,56,155000.0,523,1
THIN-001325,57,Freelancer,556,83800.0,6280.0,0.214,0.965,0.842,31,229000.0,625,1
THIN-001326,44,Vendor,473,174300.0,17940.0,0.428,0.576,0.746,15,201000.0,486,1
THIN-001327,38,Vendor,445,68400.0,5730.0,0.262,0.708,0.736,22,124000.0,545,1
THIN-001328,26,Shopkeeper,123,177000.0,2440.0,0.126,0.631,0.413,4,145000.0,484,1
THIN-001329,39,Gig Worker,86,127900.0,8510.0,0.236,0.687,0.824,51,25000.0,556,1
THIN-001330,42,Freelancer,293,36000.0,8990.0,0.29,0.672,0.506,30,12000.0,510,1
THIN-001331,59,Vendor,602,17300.0,7390.0,0.101,0.802,0.599,30,5000.0,620,1
THIN-001332,19,Freelancer,638,46600.0,200.0,0.159,0.817,0.711,13,92000.0,550,1
THIN-001333,25,Vendor,313,131000.0,200.0,0.113,0.54,0.714,8,56000.0,529,1
THIN-001334,31,Gig Worker,114,13800.0,4870.0,0.459,0.788,0.649,13,165000.0,411,0
THIN-001335,36,Gig Worker,711,72400.0,200.0,0.691,0.792,0.834,46,119000.0,497,1
THIN-001336,51,Vendor,187,105900.0,19150.0,0.153,0.984,0.832,32,30000.0,632,1
THIN-001337,31,Vendor,523,67000.0,18450.0,0.337,0.93,0.692,59,181000.0,583,1
THIN-001338,59,Gig Worker,526,57800.0,19090.0,0.371,0.457,0.614,22,191000.0,479,1
THIN-001339,47,Shopkeeper,189,65300.0,16660.0,0.071,0.523,0.875,7,53000.0,561,1
THIN-001340,52,Vendor,626,126700.0,13900.0,0.06,0.575,0.561,17,130000.0,608,1
THIN-001341,19,Vendor,22,112700.0,14200.0,0.214,0.705,0.688,26,212000.0,522,1
THIN-001342,48,Gig Worker,572,122900.0,5460.0,0.217,0.915,0.599,51,39000.0,613,1
THIN-001343,37,Shopkeeper,727,64800.0,200.0,0.278,0.813,0.442,26,150000.0,515,1
THIN-001344,41,Gig Worker,337,5000.0,13020.0,0.154,0.902,0.485,58,192000.0,588,1
THIN-001345,44,Vendor,212,108700.0,10090.0,0.218,0.799,0.623,14,81000.0,521,1
THIN-001346,54,Vendor,566,24800.0,15950.0,0.376,0.969,0.837,30,84000.0,564,1
THIN-001347,55,Vendor,137,27500.0,7840.0,0.173,0.686,0.561,50,87000.0,548,1
THIN-001348,21,Gig Worker,642,5000.0,2950.0,0.15,0.845,0.634,56,58000.0,598,1
THIN-001349,54,Vendor,783,21700.0,10990.0,0.154,0.572,0.701,49,125000.0,596,1
THIN-001350,37,Shopkeeper,102,44800.0,1500.0,0.317,0.737,0.426,16,5000.0,431,1
THIN-001351,22,Shopkeeper,98,105600.0,200.0,0.169,0.584,0.572,23,170000.0,496,1
THIN-001352,47,Shopkeeper,229,166900.0,15680.0,0.044,0.858,0.879,44,70000.0,704,1
THIN-001353,27,Vendor,411,51100.0,29680.0,0.586,0.92,0.481,54,15000.0,515,1
THIN-001354,25,Vendor,402,41900.0,9980.0,0.108,0.794,0.714,30,18000.0,637,1
THIN-001355,32,Shopkeeper,701,180900.0,2520.0,0.42,0.849,0.255,20,156000.0,475,1
THIN-001356,19,Vendor,64,25700.0,13860.0,0.159,0.914,0.772,52,5000.0,590,1
THIN-001357,21,Shopkeeper,618,40800.0,15900.0,0.042,0.955,0.859,57,9000.0,724,1
THIN-001358,26,Vendor,36,89100.0,8480.0,0.25,0.772,0.736,26,79000.0,516,1
THIN-001359,32,Gig Worker,757,5000.0,14700.0,0.363,0.775,0.74,21,168000.0,496,0
THIN-001360,46,Shopkeeper,114,134400.0,22850.0,0.215,0.746,0.78,46,118000.0,577,1
THIN-001361,48,Vendor,215,127200.0,22500.0,0.39,0.924,0.677,46,85000.0,548,1
THIN-001362,49,Gig Worker,664,154600.0,1350.0,0.187,0.72,0.986,51,217000.0,633,1
THIN-001363,54,Vendor,413,49700.0,200.0,0.029,0.736,0.795,6,63000.0,606,1
THIN-001364,26,Vendor,685,23400.0,15770.0,0.318,0.891,0.881,12,269000.0,529,1
THIN-001365,25,Gig Worker,398,59700.0,7120.0,0.438,0.967,0.551,27,120000.0,522,1
THIN-001366,47,Freelancer,329,32900.0,7480.0,0.146,0.868,0.728,22,235000.0,592,1
THIN-001367,26,Shopkeeper,456,85400.0,13520.0,0.494,0.865,0.631,7,201000.0,465,1
THIN-001368,51,Gig Worker,393,120300.0,4140.0,0.428,0.87,0.591,26,89000.0,518,1
THIN-001369,56,Gig Worker,750,92100.0,10650.0,0.127,0.812,0.783,4,127000.0,579,1
THIN-001370,50,Vendor,581,40600.0,5570.0,0.214,0.824,0.567,29,94000.0,571,1
THIN-001371,59,Vendor,782,82100.0,26560.0,0.093,0.964,0.617,11,17000.0,620,1
THIN-001372,47,Gig Worker,38,35700.0,2560.0,0.18,0.784,0.732,15,65000.0,501,1
THIN-001373,50,Shopkeeper,409,51200.0,14950.0,0.2,0.909,0.573,10,136000.0,547,1
THIN-001374,53,Vendor,402,139500.0,7270.0,0.22,0.716,0.684,57,95000.0,600,1
THIN-001375,25,Shopkeeper,79,125300.0,200.0,0.148,0.966,0.57,45,236000.0,580,1
THIN-001376,58,Gig Worker,487,138100.0,8960.0,0.378,0.852,0.574,33,272000.0,550,1
THIN-001377,23,Freelancer,157,28700.0,2320.0,0.236,0.31,0.546,59,5000.0,477,1
THIN-001378,40,Freelancer,122,99200.0,25840.0,0.282,0.748,0.57,40,44000.0,533,1
THIN-001379,41,Shopkeeper,75,55600.0,10970.0,0.312,0.881,0.683,18,155000.0,486,1
THIN-001380,53,Shopkeeper,225,173900.0,16200.0,0.371,0.279,0.692,18,55000.0,442,1
THIN-001381,25,Vendor,655,123300.0,3270.0,0.304,0.451,0.608,46,50000.0,530,1
THIN-001382,36,Gig Worker,593,84500.0,200.0,0.216,0.788,0.856,55,117000.0,600,1
THIN-001383,47,Freelancer,548,102000.0,16950.0,0.209,0.591,0.579,26,216000.0,558,1
THIN-001384,21,Gig Worker,489,5000.0,11540.0,0.067,0.934,0.944,4,219000.0,609,1
THIN-001385,31,Shopkeeper,304,60100.0,5690.0,0.274,0.711,0.349,15,177000.0,473,1
THIN-001386,21,Freelancer,431,128700.0,8000.0,0.255,0.746,0.777,47,5000.0,599,1
THIN-001387,45,Vendor,169,179800.0,200.0,0.292,0.931,0.855,26,21000.0,538,1
THIN-001388,52,Gig Worker,115,72800.0,23720.0,0.392,0.868,0.791,5,44000.0,454,0
THIN-001389,29,Gig Worker,319,92600.0,16820.0,0.269,0.917,0.75,37,103000.0,599,1
THIN-001390,36,Vendor,65,115300.0,200.0,0.555,0.674,0.301,7,197000.0,335,0
THIN-001391,29,Vendor,40,28100.0,6860.0,0.177,0.77,0.901,21,57000.0,534,1
THIN-001392,57,Freelancer,452,202100.0,18980.0,0.23,0.811,0.649,53,179000.0,613,1
THIN-001393,21,Shopkeeper,287,131600.0,19190.0,0.261,0.926,0.374,51,169000.0,568,1
THIN-001394,41,Gig Worker,105,5000.0,18110.0,0.07,0.722,0.681,8,124000.0,528,1
THIN-001395,21,Gig Worker,317,67000.0,14900.0,0.249,0.696,0.788,9,175000.0,513,1
THIN-001396,56,Gig Worker,58,35900.0,200.0,0.45,0.668,0.918,41,79000.0,465,1
THIN-001397,36,Gig Worker,669,162900.0,200.0,0.312,0.858,0.846,36,116000.0,581,1
THIN-001398,22,Vendor,64,85800.0,13050.0,0.031,0.731,0.895,28,177000.0,647,1
THIN-001399,24,Shopkeeper,340,7600.0,21540.0,0.274,0.87,0.329,59,177000.0,531,1
THIN-001400,27,Gig Worker,254,32900.0,13280.0,0.435,0.723,0.636,29,112000.0,483,1
THIN-001401,25,Vendor,137,105900.0,1900.0,0.278,0.662,0.693,43,70000.0,525,1
THIN-001402,35,Shopkeeper,767,5000.0,11200.0,0.159,0.792,0.736,36,266000.0,605,1
THIN-001403,41,Shopkeeper,211,25100.0,12480.0,0.078,0.389,0.586,41,162000.0,580,1
THIN-001404,34,Gig Worker,559,16800.0,3590.0,0.302,0.561,0.691,41,151000.0,528,1
THIN-001405,58,Vendor,20,106900.0,11910.0,0.505,0.922,0.529,45,21000.0,478,1
THIN-001406,59,Gig Worker,450,38700.0,26620.0,0.501,0.897,0.581,11,213000.0,468,0
THIN-001407,37,Shopkeeper,561,56700.0,16300.0,0.217,0.932,0.307,7,257000.0,513,0
THIN-001408,25,Shopkeeper,402,151800.0,7600.0,0.087,0.764,0.205,37,218000.0,627,1
THIN-001409,28,Shopkeeper,174,116300.0,7360.0,0.479,0.729,0.894,21,97000.0,478,1
THIN-001410,34,Gig Worker,135,5000.0,7470.0,0.349,0.565,0.675,30,271000.0,450,0
THIN-001411,31,Vendor,698,209000.0,18060.0,0.162,0.794,0.889,8,5000.0,592,1
THIN-001412,50,Gig Worker,704,5000.0,14510.0,0.211,0.631,0.845,23,76000.0,543,1
THIN-001413,31,Shopkeeper,333,137400.0,6430.0,0.184,0.885,0.595,19,5000.0,572,1
THIN-001414,25,Gig Worker,236,124900.0,7050.0,0.17,0.726,0.51,47,176000.0,581,1
THIN-001415,42,Vendor,212,61100.0,17360.0,0.192,0.724,0.546,27,5000.0,545,1
THIN-001416,36,Shopkeeper,150,41900.0,4590.0,0.485,0.846,0.651,14,194000.0,432,0
THIN-001417,38,Shopkeeper,758,101900.0,8320.0,0.583,0.869,0.736,58,5000.0,533,1
THIN-001418,44,Vendor,15,45700.0,19180.0,0.148,0.887,0.9,4,5000.0,525,1
THIN-001419,57,Freelancer,91,132600.0,9150.0,0.073,0.235,0.802,18,168000.0,539,1
THIN-001420,37,Shopkeeper,192,142800.0,24450.0,0.368,0.808,0.673,46,153000.0,539,1
THIN-001421,57,Gig Worker,706,5000.0,200.0,0.177,0.717,0.795,53,105000.0,571,1
THIN-001422,42,Vendor,16,104300.0,200.0,0.128,0.63,0.497,42,176000.0,534,1
THIN-001423,34,Freelancer,757,147600.0,200.0,0.324,0.921,0.758,13,206000.0,518,1
THIN-001424,50,Shopkeeper,505,55800.0,200.0,0.146,0.706,0.716,47,214000.0,604,1
THIN-001425,38,Shopkeeper,87,103600.0,200.0,0.135,0.796,0.513,9,222000.0,494,1
THIN-001426,24,Gig Worker,365,128500.0,13130.0,0.503,0.554,0.827,8,149000.0,449,1
THIN-001427,44,Vendor,427,96600.0,18340.0,0.252,0.962,0.768,56,154000.0,624,1
THIN-001428,21,Freelancer,331,32300.0,7370.0,0.329,0.705,0.688,46,88000.0,537,1
THIN-001429,37,Gig Worker,232,5000.0,11400.0,0.19,0.768,0.844,28,111000.0,553,1
THIN-001430,38,Freelancer,747,131800.0,4560.0,0.71,0.88,0.611,28,73000.0,489,1
THIN-001431,27,Vendor,218,90800.0,10440.0,0.057,0.588,0.201,57,115000.0,594,1
THIN-001432,20,Gig Worker,607,104000.0,2980.0,0.594,0.812,0.832,12,89000.0,469,0
THIN-001433,31,Gig Worker,482,103400.0,200.0,0.15,0.777,0.795,8,117000.0,554,1
THIN-001434,33,Gig Worker,512,108500.0,1050.0,0.386,0.521,0.608,28,191000.0,488,1
THIN-001435,58,Vendor,71,75500.0,11310.0,0.281,0.908,0.595,38,271000.0,538,1
THIN-001436,23,Gig Worker,261,76400.0,9070.0,0.077,0.755,0.605,54,88000.0,640,1
THIN-001437,36,Freelancer,433,72700.0,1880.0,0.202,0.52,0.568,16,224000.0,511,1
THIN-001438,57,Freelancer,49,5000.0,13220.0,0.166,0.755,0.436,25,126000.0,491,1
THIN-001439,20,Vendor,696,107600.0,16950.0,0.263,0.72,0.713,56,114000.0,590,1
THIN-001440,35,Gig Worker,799,52600.0,26890.0,0.195,0.893,0.524,54,174000.0,612,1
THIN-001441,49,Vendor,585,164300.0,10340.0,0.241,0.793,0.717,47,64000.0,608,1
THIN-001442,32,Freelancer,188,96900.0,7620.0,0.195,0.748,0.633,8,200000.0,504,1
THIN-001443,55,Shopkeeper,130,120800.0,14050.0,0.714,0.608,0.872,51,5000.0,467,1
THIN-001444,31,Gig Worker,739,105700.0,28360.0,0.479,0.95,0.515,30,261000.0,530,1
THIN-001445,29,Vendor,226,56900.0,4390.0,0.222,0.742,0.695,53,149000.0,565,1
THIN-001446,19,Shopkeeper,513,14900.0,17570.0,0.384,0.656,0.74,46,52000.0,529,1
THIN-001447,40,Vendor,632,59600.0,13000.0,0.263,0.899,0.275,6,124000.0,487,1
THIN-001448,37,Shopkeeper,114,120700.0,2740.0,0.319,0.636,0.827,18,22000.0,476,1
THIN-001449,32,Shopkeeper,407,73100.0,14760.0,0.236,0.66,0.869,42,119000.0,602,1
THIN-001450,35,Shopkeeper,77,31600.0,14910.0,0.245,0.78,0.918,7,32000.0,486,1
THIN-001451,48,Gig Worker,671,156200.0,9940.0,0.226,0.689,0.598,57,207000.0,590,1
THIN-001452,59,Vendor,449,141800.0,5640.0,0.471,0.933,0.827,47,223000.0,568,1
THIN-001453,38,Shopkeeper,517,69600.0,21170.0,0.476,0.83,0.76,36,5000.0,549,1
THIN-001454,51,Shopkeeper,261,5000.0,200.0,0.254,0.963,0.48,43,58000.0,519,1
THIN-001455,59,Freelancer,764,141400.0,540.0,0.229,0.779,0.811,50,235000.0,601,1
THIN-001456,22,Shopkeeper,103,85300.0,12790.0,0.171,0.566,0.374,50,157000.0,530,1
THIN-001457,30,Shopkeeper,596,71100.0,14990.0,0.354,0.861,0.736,14,113000.0,520,1
THIN-001458,20,Shopkeeper,623,85100.0,10820.0,0.453,0.773,0.89,13,106000.0,499,1
THIN-001459,52,Gig Worker,41,80400.0,200.0,0.033,0.801,0.685,19,94000.0,585,1
THIN-001460,24,Gig Worker,84,5000.0,12900.0,0.191,0.279,0.824,15,108000.0,443,1
THIN-001461,52,Shopkeeper,47,129300.0,9180.0,0.21,0.87,0.579,26,118000.0,534,1
THIN-001462,33,Vendor,254,116400.0,12580.0,0.064,0.789,0.736,20,168000.0,629,1
THIN-001463,22,Shopkeeper,29,198800.0,2140.0,0.188,0.807,0.735,54,146000.0,570,1
THIN-001464,49,Shopkeeper,672,120400.0,200.0,0.206,0.748,0.616,7,239000.0,509,1
THIN-001465,21,Freelancer,44,46400.0,12650.0,0.275,0.814,0.649,25,189000.0,498,1
THIN-001466,39,Gig Worker,239,29000.0,11420.0,0.272,0.74,0.672,49,140000.0,544,1
THIN-001467,55,Gig Worker,294,86500.0,7230.0,0.213,0.898,0.696,44,50000.0,603,1
THIN-001468,19,Vendor,475,5000.0,200.0,0.425,0.872,0.662,19,63000.0,457,1
THIN-001469,42,Gig Worker,163,172000.0,6630.0,0.492,0.766,0.834,33,191000.0,506,1
THIN-001470,28,Vendor,775,134400.0,480.0,0.119,0.676,0.843,43,5000.0,640,1
THIN-001471,44,Gig Worker,393,110100.0,5480.0,0.176,0.728,0.866,46,242000.0,631,1
THIN-001472,46,Gig Worker,312,92600.0,17890.0,0.161,0.694,0.379,18,180000.0,538,1
THIN-001473,57,Vendor,226,5000.0,5330.0,0.218,0.96,0.309,42,76000.0,529,1
THIN-001474,28,Shopkeeper,743,50700.0,7470.0,0.23,0.783,0.823,42,146000.0,605,1
THIN-001475,28,Vendor,145,25100.0,5390.0,0.474,0.656,0.613,6,5000.0,384,0
THIN-001476,49,Shopkeeper,212,163700.0,16860.0,0.192,0.771,0.44,54,5000.0,574,1
THIN-001477,55,Gig Worker,682,168300.0,7650.0,0.058,0.569,0.697,55,180000.0,669,1
THIN-001478,55,Shopkeeper,487,12500.0,9000.0,0.073,0.804,0.776,7,71000.0,592,1
THIN-001479,55,Shopkeeper,518,111400.0,15200.0,0.439,0.759,0.492,39,5000.0,527,1
THIN-001480,35,Shopkeeper,487,65900.0,13830.0,0.2,0.679,0.651,45,106000.0,596,1
THIN-001481,33,Freelancer,299,5000.0,3290.0,0.25,0.813,0.708,41,127000.0,546,1
THIN-001482,32,Freelancer,397,144000.0,9520.0,0.287,0.922,0.683,45,33000.0,601,1
THIN-001483,40,Shopkeeper,30,61300.0,200.0,0.191,0.893,0.519,52,61000.0,532,1
THIN-001484,29,Vendor,486,26800.0,11630.0,0.272,0.498,0.494,53,251000.0,525,1
THIN-001485,23,Vendor,685,79500.0,4030.0,0.126,0.772,0.621,18,115000.0,588,1
THIN-001486,21,Vendor,387,153600.0,31330.0,0.223,0.697,0.783,40,228000.0,613,1
THIN-001487,49,Gig Worker,394,64600.0,18200.0,0.095,0.883,0.553,37,48000.0,661,1
THIN-001488,24,Shopkeeper,224,101000.0,22130.0,0.264,0.87,0.563,3,14000.0,484,1
THIN-001489,24,Shopkeeper,602,123000.0,3440.0,0.125,0.89,0.663,33,112000.0,647,1
THIN-001490,52,Vendor,242,183400.0,2040.0,0.455,0.658,0.638,8,41000.0,427,1
THIN-001491,37,Freelancer,732,5000.0,13950.0,0.016,0.665,0.598,55,198000.0,663,1
THIN-001492,27,Vendor,441,35600.0,14820.0,0.189,0.79,0.526,52,75000.0,596,1
THIN-001493,36,Gig Worker,665,63400.0,4500.0,0.277,0.937,0.769,28,72000.0,581,1
THIN-001494,36,Freelancer,783,74300.0,18510.0,0.483,0.851,0.85,49,54000.0,558,1
THIN-001495,35,Vendor,306,112200.0,7690.0,0.387,0.662,0.228,20,109000.0,446,1
THIN-001496,53,Gig Worker,417,5000.0,3270.0,0.104,0.742,0.724,32,58000.0,609,1
THIN-001497,22,Shopkeeper,488,5000.0,18300.0,0.157,0.636,0.743,7,77000.0,519,1
THIN-001498,49,Shopkeeper,167,81100.0,200.0,0.242,0.861,0.526,38,133000.0,533,1
THIN-001499,34,Vendor,122,142200.0,7510.0,0.326,0.698,0.582,35,259000.0,510,1
THIN-001500,45,Vendor,648,139800.0,4650.0,0.244,0.661,0.897,45,5000.0,602,1
THIN-001501,38,Gig Worker,481,179500.0,22900.0,0.173,0.939,0.956,47,83000.0,678,1
THIN-001502,55,Freelancer,30,5000.0,16730.0,0.246,0.95,0.729,17,190000.0,485,1
THIN-001503,21,Vendor,544,63700.0,200.0,0.016,0.65,0.628,13,130000.0,611,1
THIN-001504,22,Shopkeeper,443,83300.0,16440.0,0.086,0.936,0.863,7,58000.0,631,1
THIN-001505,31,Vendor,527,65400.0,12520.0,0.043,0.645,0.857,31,42000.0,681,1
THIN-001506,49,Shopkeeper,68,206700.0,9180.0,0.076,0.807,0.466,9,246000.0,549,1
THIN-001507,50,Shopkeeper,629,120700.0,1900.0,0.221,0.611,0.782,10,33000.0,523,1
THIN-001508,34,Shopkeeper,235,47800.0,6640.0,0.188,0.648,0.866,7,191000.0,513,0
THIN-001509,56,Freelancer,173,143000.0,8450.0,0.292,0.972,0.548,34,138000.0,553,1
THIN-001510,30,Gig Worker,686,60400.0,8960.0,0.126,0.847,0.661,4,82000.0,567,1
THIN-001511,19,Gig Worker,565,54700.0,6760.0,0.553,0.904,0.544,33,110000.0,508,1
THIN-001512,50,Shopkeeper,485,84500.0,6600.0,0.375,0.481,0.796,34,5000.0,525,1
THIN-001513,53,Gig Worker,590,208500.0,12490.0,0.095,0.692,0.455,23,81000.0,611,1
THIN-001514,20,Freelancer,259,118800.0,200.0,0.177,0.727,0.774,37,119000.0,585,1
THIN-001515,56,Vendor,442,81900.0,11190.0,0.36,0.873,0.35,20,99000.0,500,1
THIN-001516,38,Freelancer,203,35500.0,200.0,0.16,0.911,0.611,33,252000.0,569,1
THIN-001517,32,Shopkeeper,664,5000.0,6290.0,0.154,0.789,0.506,30,162000.0,568,1
THIN-001518,34,Freelancer,575,30800.0,200.0,0.201,0.947,0.86,14,27000.0,558,1
THIN-001519,54,Shopkeeper,360,115400.0,5860.0,0.47,0.709,0.798,31,48000.0,520,1
THIN-001520,54,Gig Worker,63,83500.0,470.0,0.23,0.754,0.666,3,5000.0,445,1
THIN-001521,41,Vendor,21,80900.0,8250.0,0.049,0.562,0.706,38,31000.0,610,1
THIN-001522,21,Vendor,451,64400.0,850.0,0.223,0.88,0.684,54,123000.0,597,1
THIN-001523,39,Vendor,52,58300.0,9500.0,0.274,0.902,0.854,42,49000.0,556,1
THIN-001524,49,Gig Worker,694,105900.0,12450.0,0.18,0.855,0.713,27,116000.0,612,1
THIN-001525,27,Gig Worker,323,16800.0,15590.0,0.24,0.853,0.764,56,85000.0,584,1
THIN-001526,39,Gig Worker,35,112300.0,200.0,0.04,0.769,0.656,18,181000.0,574,1
THIN-001527,35,Gig Worker,264,53800.0,19800.0,0.215,0.566,0.728,17,109000.0,517,1
THIN-001528,26,Gig Worker,361,119100.0,15170.0,0.075,0.603,0.635,16,26000.0,600,1
THIN-001529,22,Shopkeeper,40,19400.0,9280.0,0.288,0.466,0.5,20,109000.0,418,0
THIN-001530,35,Vendor,358,48800.0,20390.0,0.121,0.781,0.813,18,12000.0,607,1
THIN-001531,37,Shopkeeper,46,65200.0,23120.0,0.148,0.831,0.871,35,141000.0,603,1
THIN-001532,56,Gig Worker,109,182900.0,9200.0,0.288,0.955,0.941,6,210000.0,512,1
THIN-001533,24,Vendor,235,105100.0,21780.0,0.338,0.74,0.833,20,176000.0,516,1
THIN-001534,30,Vendor,117,167000.0,6680.0,0.163,0.781,0.633,10,139000.0,521,1
THIN-001535,28,Freelancer,637,215000.0,200.0,0.063,0.816,0.516,30,119000.0,644,1
THIN-001536,20,Shopkeeper,479,9200.0,3770.0,0.336,0.474,0.705,21,135000.0,466,1
THIN-001537,43,Shopkeeper,110,92300.0,8160.0,0.342,0.825,0.778,38,338000.0,534,1
THIN-001538,24,Vendor,728,110100.0,200.0,0.245,0.83,0.521,17,138000.0,519,1
THIN-001539,45,Vendor,574,28000.0,14330.0,0.32,0.697,0.726,45,184000.0,554,1
THIN-001540,35,Shopkeeper,441,101300.0,6180.0,0.185,0.781,0.705,37,263000.0,619,1
THIN-001541,46,Vendor,222,65800.0,8260.0,0.262,0.895,0.739,6,263000.0,500,0
THIN-001542,43,Freelancer,514,104700.0,3180.0,0.297,0.872,0.507,28,112000.0,547,1
THIN-001543,47,Shopkeeper,675,25100.0,7740.0,0.039,0.471,0.43,21,171000.0,588,1
THIN-001544,49,Shopkeeper,179,56000.0,11970.0,0.629,0.488,0.452,29,152000.0,405,0
THIN-001545,34,Vendor,475,181800.0,12340.0,0.454,0.952,0.544,15,5000.0,502,1
THIN-001546,23,Gig Worker,168,99900.0,1820.0,0.324,0.847,0.869,19,178000.0,508,1
THIN-001547,28,Vendor,31,162200.0,17610.0,0.397,0.764,0.419,55,123000.0,480,1
THIN-001548,44,Shopkeeper,30,83100.0,200.0,0.455,0.965,0.815,56,118000.0,493,1
THIN-001549,36,Vendor,525,25000.0,4960.0,0.275,0.707,0.793,20,232000.0,528,1
THIN-001550,42,Freelancer,196,153500.0,8600.0,0.285,0.775,0.818,32,20000.0,557,1
THIN-001551,31,Gig Worker,425,69100.0,8720.0,0.337,0.85,0.65,5,210000.0,490,1
THIN-001552,55,Vendor,376,52100.0,4280.0,0.606,0.943,0.748,46,33000.0,525,1
THIN-001553,56,Shopkeeper,175,43400.0,27660.0,0.201,0.867,0.488,36,144000.0,568,1
THIN-001554,45,Gig Worker,432,6900.0,11690.0,0.18,0.723,0.742,46,5000.0,592,1
THIN-001555,55,Shopkeeper,372,51000.0,8640.0,0.136,0.865,0.482,31,264000.0,609,1
THIN-001556,43,Shopkeeper,770,89800.0,12180.0,0.314,0.661,0.495,23,79000.0,511,1
THIN-001557,27,Shopkeeper,278,115700.0,200.0,0.051,0.805,0.692,8,40000.0,586,1
THIN-001558,35,Gig Worker,322,55300.0,1970.0,0.037,0.774,0.895,43,119000.0,691,1
THIN-001559,32,Gig Worker,476,90500.0,200.0,0.267,0.816,0.592,39,72000.0,561,1
THIN-001560,55,Shopkeeper,62,119800.0,2960.0,0.191,0.733,0.639,5,175000.0,475,1
THIN-001561,31,Shopkeeper,617,80100.0,19560.0,0.1,0.632,0.428,9,159000.0,556,1
THIN-001562,31,Gig Worker,681,108600.0,15050.0,0.139,0.858,0.595,14,128000.0,590,1
THIN-001563,54,Gig Worker,165,92400.0,10190.0,0.223,0.745,0.778,18,159000.0,528,1
THIN-001564,36,Freelancer,753,134900.0,24990.0,0.618,0.345,0.567,44,109000.0,465,1
THIN-001565,49,Vendor,614,91600.0,17350.0,0.134,0.955,0.694,37,106000.0,666,1
THIN-001566,32,Shopkeeper,514,46300.0,12850.0,0.337,0.556,0.354,24,206000.0,476,1
THIN-001567,47,Shopkeeper,155,54900.0,15420.0,0.117,0.923,0.494,37,88000.0,610,1
THIN-001568,29,Gig Worker,405,94500.0,15530.0,0.273,0.788,0.825,39,204000.0,602,1
THIN-001569,25,Vendor,214,151900.0,21660.0,0.336,0.813,0.669,31,222000.0,538,1
THIN-001570,50,Gig Worker,761,178800.0,6000.0,0.434,0.641,0.488,59,104000.0,515,1
THIN-001571,22,Freelancer,655,97400.0,6500.0,0.244,0.472,0.38,39,154000.0,533,1
THIN-001572,40,Vendor,699,77800.0,13550.0,0.188,0.752,0.845,47,134000.0,629,1
THIN-001573,41,Gig Worker,172,5000.0,10530.0,0.382,0.916,0.598,16,244000.0,446,1
THIN-001574,28,Vendor,43,43000.0,11850.0,0.341,0.649,0.857,21,76000.0,468,0
THIN-001575,55,Vendor,26,5000.0,23030.0,0.132,0.805,0.684,57,73000.0,562,1
THIN-001576,35,Shopkeeper,173,72900.0,3870.0,0.205,0.698,0.697,10,212000.0,496,1
THIN-001577,56,Vendor,247,146400.0,200.0,0.275,0.855,0.646,4,404000.0,470,0
THIN-001578,20,Vendor,682,137700.0,200.0,0.064,0.85,0.549,33,146000.0,652,1
THIN-001579,43,Gig Worker,642,43000.0,5450.0,0.187,0.856,0.789,35,189000.0,622,1
THIN-001580,38,Gig Worker,111,80700.0,17380.0,0.238,0.818,0.805,56,114000.0,571,1
THIN-001581,23,Freelancer,399,109000.0,200.0,0.307,0.602,0.947,53,221000.0,559,1
THIN-001582,22,Shopkeeper,379,94900.0,10540.0,0.23,0.696,0.622,42,201000.0,583,1
THIN-001583,28,Gig Worker,244,53400.0,16910.0,0.383,0.839,0.52,49,174000.0,520,1
THIN-001584,19,Vendor,237,14600.0,3150.0,0.343,0.733,0.557,14,114000.0,442,1
THIN-001585,26,Vendor,103,45200.0,21660.0,0.228,0.765,0.794,41,161000.0,562,1
THIN-001586,45,Shopkeeper,448,132800.0,3580.0,0.471,0.682,0.771,55,5000.0,532,1
THIN-001587,39,Vendor,252,63900.0,4270.0,0.134,0.85,0.65,11,80000.0,554,1
THIN-001588,26,Vendor,293,101100.0,14320.0,0.115,0.543,0.668,32,156000.0,602,1
THIN-001589,42,Vendor,707,93400.0,17410.0,0.476,0.947,0.446,16,65000.0,486,0
THIN-001590,33,Vendor,328,193900.0,12870.0,0.073,0.527,0.252,16,138000.0,558,1
THIN-001591,36,Shopkeeper,205,5000.0,200.0,0.066,0.595,0.79,31,111000.0,574,1
THIN-001592,31,Gig Worker,101,5000.0,14520.0,0.17,0.866,0.649,57,127000.0,557,1
THIN-001593,38,Shopkeeper,423,5000.0,200.0,0.51,0.904,0.902,15,141000.0,456,0
THIN-001594,40,Shopkeeper,533,18900.0,10120.0,0.178,0.637,0.57,20,171000.0,538,1
THIN-001595,23,Vendor,339,133100.0,200.0,0.043,0.913,0.867,41,50000.0,699,1
THIN-001596,25,Shopkeeper,492,46700.0,16690.0,0.421,0.666,0.619,26,197000.0,498,1
THIN-001597,46,Vendor,783,5000.0,23740.0,0.524,0.816,0.738,40,5000.0,508,1
THIN-001598,47,Vendor,382,88500.0,20950.0,0.239,0.926,0.603,24,24000.0,577,1
THIN-001599,20,Shopkeeper,67,138600.0,360.0,0.304,0.4,0.747,57,205000.0,476,1
THIN-001600,27,Gig Worker,462,127900.0,20030.0,0.336,0.882,0.758,43,336000.0,592,1
THIN-001601,46,Shopkeeper,324,77500.0,200.0,0.143,0.628,0.822,54,62000.0,599,1
THIN-001602,26,Shopkeeper,534,105900.0,14170.0,0.447,0.737,0.605,18,185000.0,487,1
THIN-001603,43,Vendor,332,121800.0,10280.0,0.467,0.661,0.756,58,5000.0,523,1
THIN-001604,56,Shopkeeper,519,61600.0,24680.0,0.596,0.633,0.81,20,110000.0,473,1
THIN-001605,54,Gig Worker,326,119000.0,14450.0,0.131,0.712,0.653,17,52000.0,580,1
THIN-001606,48,Freelancer,574,118100.0,7770.0,0.232,0.757,0.482,36,131000.0,581,1
THIN-001607,31,Vendor,33,48100.0,200.0,0.142,0.813,0.744,35,113000.0,561,1
THIN-001608,26,Gig Worker,516,198900.0,200.0,0.207,0.858,0.892,19,155000.0,581,1
THIN-001609,20,Gig Worker,321,153900.0,13720.0,0.189,0.655,0.496,3,148000.0,500,1
THIN-001610,33,Shopkeeper,33,220400.0,9470.0,0.348,0.832,0.904,35,40000.0,541,1
THIN-001611,56,Vendor,557,184100.0,200.0,0.074,0.78,0.729,36,35000.0,666,1
THIN-001612,49,Vendor,234,65500.0,8430.0,0.057,0.643,0.839,39,210000.0,655,1
THIN-001613,41,Vendor,382,106200.0,19260.0,0.049,0.881,0.77,49,29000.0,712,1
THIN-001614,52,Freelancer,450,121100.0,10000.0,0.485,0.868,0.609,6,118000.0,465,0
THIN-001615,25,Vendor,58,169100.0,20020.0,0.504,0.795,0.6,54,127000.0,484,1
THIN-001616,46,Freelancer,84,122800.0,5350.0,0.24,0.856,0.409,25,131000.0,506,1
THIN-001617,33,Freelancer,622,121700.0,15670.0,0.283,0.777,0.723,25,151000.0,564,1
THIN-001618,37,Gig Worker,381,68000.0,200.0,0.157,0.705,0.795,57,132000.0,605,1
THIN-001619,25,Vendor,409,25100.0,6670.0,0.409,0.756,0.479,6,99000.0,436,0
THIN-001620,51,Gig Worker,645,210700.0,6750.0,0.171,0.76,0.711,12,60000.0,572,1
THIN-001621,54,Gig Worker,72,138200.0,10690.0,0.31,0.831,0.418,39,109000.0,511,1
THIN-001622,45,Shopkeeper,70,37200.0,17630.0,0.192,0.772,0.906,13,49000.0,521,1
THIN-001623,25,Shopkeeper,532,81800.0,8860.0,0.058,0.763,0.56,7,48000.0,598,1
THIN-001624,43,Shopkeeper,263,79300.0,5130.0,0.066,0.719,0.358,29,88000.0,601,1
THIN-001625,27,Freelancer,535,15300.0,22140.0,0.283,0.552,0.371,23,121000.0,481,1
THIN-001626,20,Shopkeeper,379,104100.0,8820.0,0.266,0.751,0.752,26,49000.0,563,1
THIN-001627,39,Gig Worker,274,108100.0,12660.0,0.032,0.645,0.509,29,127000.0,638,1
THIN-001628,33,Shopkeeper,620,85800.0,200.0,0.301,0.921,0.875,11,5000.0,524,1
THIN-001629,25,Vendor,654,26100.0,12420.0,0.482,0.945,0.454,19,5000.0,476,0
THIN-001630,34,Vendor,95,89800.0,4680.0,0.509,0.7,0.585,27,213000.0,439,1
THIN-001631,54,Gig Worker,118,140400.0,24550.0,0.329,0.935,0.508,58,5000.0,537,1
THIN-001632,22,Gig Worker,56,37300.0,19300.0,0.133,0.839,0.751,26,44000.0,573,1
THIN-001633,40,Freelancer,649,87400.0,200.0,0.192,0.861,0.472,39,134000.0,584,1
THIN-001634,25,Vendor,457,41400.0,12800.0,0.129,0.819,0.7,28,59000.0,623,1
THIN-001635,20,Gig Worker,494,126500.0,25570.0,0.305,0.686,0.504,47,163000.0,558,1
THIN-001636,30,Shopkeeper,291,78400.0,8520.0,0.165,0.68,0.619,18,132000.0,547,1
THIN-001637,43,Vendor,108,169800.0,3490.0,0.168,0.934,0.434,6,213000.0,503,1
THIN-001638,19,Vendor,645,140500.0,200.0,0.217,0.789,0.83,32,240000.0,593,1
THIN-001639,45,Gig Worker,793,35500.0,15680.0,0.178,0.917,0.437,4,91000.0,527,1
THIN-001640,54,Freelancer,750,144800.0,7160.0,0.116,0.475,0.718,17,42000.0,577,1
THIN-001641,33,Shopkeeper,726,120600.0,11170.0,0.316,0.74,0.745,58,41000.0,577,1
THIN-001642,46,Vendor,502,116600.0,4650.0,0.304,0.522,0.741,28,138000.0,531,1
THIN-001643,43,Shopkeeper,689,30100.0,26730.0,0.384,0.519,0.518,28,157000.0,484,0
THIN-001644,19,Gig Worker,731,60000.0,1340.0,0.089,0.553,0.861,4,126000.0,562,1
THIN-001645,44,Shopkeeper,66,175800.0,8660.0,0.706,0.94,0.625,13,211000.0,416,0
THIN-001646,24,Gig Worker,191,17400.0,16720.0,0.105,0.751,0.398,16,258000.0,532,1
THIN-001647,39,Gig Worker,53,5000.0,920.0,0.228,0.673,0.525,29,72000.0,460,1
THIN-001648,38,Shopkeeper,525,131600.0,17840.0,0.11,0.327,0.671,14,221000.0,556,1
THIN-001649,41,Gig Worker,551,103800.0,2060.0,0.202,0.751,0.569,32,206000.0,581,1
THIN-001650,42,Vendor,592,92400.0,17720.0,0.344,0.741,0.797,26,60000.0,548,1
THIN-001651,43,Vendor,211,62800.0,17700.0,0.041,0.793,0.654,49,120000.0,666,1
THIN-001652,52,Vendor,475,124200.0,9250.0,0.035,0.807,0.332,35,5000.0,672,1
THIN-001653,49,Shopkeeper,593,202100.0,6750.0,0.474,0.772,0.655,48,95000.0,539,1
THIN-001654,20,Vendor,442,165300.0,4650.0,0.191,0.824,0.782,40,245000.0,632,1
THIN-001655,58,Freelancer,32,75300.0,6210.0,0.25,0.708,0.666,4,76000.0,444,1
THIN-001656,48,Shopkeeper,166,149800.0,18210.0,0.313,0.546,0.542,57,5000.0,508,1
THIN-001657,52,Shopkeeper,223,75100.0,13440.0,0.178,0.703,0.828,27,79000.0,577,1
THIN-001658,38,Gig Worker,673,35100.0,25100.0,0.165,0.677,0.804,42,67000.0,622,1
THIN-001659,28,Shopkeeper,57,23800.0,6680.0,0.188,0.952,0.829,15,25000.0,528,1
THIN-001660,24,Freelancer,685,133600.0,3470.0,0.176,0.704,0.737,29,189000.0,600,1
THIN-001661,44,Shopkeeper,649,104700.0,9710.0,0.112,0.879,0.791,16,95000.0,626,1
THIN-001662,23,Freelancer,243,84100.0,9570.0,0.299,0.741,0.938,55,106000.0,571,1
THIN-001663,34,Vendor,235,40800.0,12190.0,0.402,0.563,0.842,37,5000.0,508,1
THIN-001664,27,Shopkeeper,666,143800.0,19880.0,0.113,0.844,0.629,37,164000.0,664,1
THIN-001665,36,Freelancer,290,189700.0,17030.0,0.441,0.7,0.637,7,97000.0,451,1
THIN-001666,43,Gig Worker,648,180500.0,13880.0,0.215,0.98,0.763,28,143000.0,625,1
THIN-001667,54,Shopkeeper,561,105800.0,13700.0,0.309,0.918,0.914,25,94000.0,586,1
THIN-001668,20,Vendor,205,32900.0,200.0,0.356,0.766,0.6,40,128000.0,490,1
THIN-001669,52,Shopkeeper,87,35600.0,6790.0,0.22,0.388,0.742,58,101000.0,507,1
THIN-001670,37,Freelancer,551,48700.0,1670.0,0.054,0.6,0.912,14,80000.0,617,1
THIN-001671,55,Vendor,773,100200.0,10650.0,0.227,0.593,0.847,43,134000.0,597,1
THIN-001672,58,Vendor,142,24900.0,3820.0,0.076,0.904,0.566,32,146000.0,609,1
THIN-001673,35,Vendor,133,18000.0,200.0,0.183,0.751,0.619,40,148000.0,531,1
THIN-001674,19,Gig Worker,384,73100.0,15770.0,0.108,0.663,0.592,37,123000.0,632,1
THIN-001675,56,Vendor,590,67500.0,2820.0,0.252,0.637,0.705,24,5000.0,538,1
THIN-001676,51,Shopkeeper,71,59700.0,9570.0,0.383,0.508,0.444,30,48000.0,434,1
THIN-001677,41,Vendor,562,97200.0,7380.0,0.206,0.734,0.51,3,70000.0,506,1
THIN-001678,31,Shopkeeper,634,23900.0,17240.0,0.09,0.971,0.338,59,180000.0,644,1
THIN-001679,39,Shopkeeper,670,97900.0,6890.0,0.426,0.633,0.486,36,92000.0,510,1
THIN-001680,43,Vendor,606,102900.0,7260.0,0.306,0.623,0.822,42,200000.0,570,1
THIN-001681,24,Shopkeeper,494,110900.0,2410.0,0.189,0.876,0.475,57,146000.0,603,1
THIN-001682,56,Vendor,370,135500.0,9500.0,0.072,0.9,0.668,36,25000.0,688,1
THIN-001683,19,Freelancer,416,8900.0,3970.0,0.211,0.943,0.433,32,153000.0,562,1
THIN-001684,50,Vendor,589,59200.0,11260.0,0.414,0.771,0.387,41,198000.0,516,1
THIN-001685,32,Gig Worker,594,157200.0,5040.0,0.134,0.673,0.602,5,181000.0,548,1
THIN-001686,46,Freelancer,283,111100.0,16430.0,0.078,0.827,0.787,53,53000.0,675,1
THIN-001687,24,Shopkeeper,325,111600.0,5790.0,0.279,0.782,0.828,14,183000.0,530,1
THIN-001688,21,Shopkeeper,565,37900.0,15870.0,0.42,0.785,0.651,35,248000.0,534,1
THIN-001689,28,Vendor,627,95700.0,2760.0,0.085,0.608,0.876,21,134000.0,623,1
THIN-001690,36,Vendor,689,120700.0,17380.0,0.159,0.743,0.754,39,76000.0,639,1
THIN-001691,24,Gig Worker,468,41100.0,200.0,0.127,0.79,0.693,4,5000.0,537,1
THIN-001692,59,Shopkeeper,32,130100.0,3320.0,0.231,0.904,0.891,53,55000.0,575,1
THIN-001693,56,Gig Worker,513,138100.0,19870.0,0.358,0.889,0.815,17,200000.0,545,1
THIN-001694,35,Vendor,666,94300.0,18730.0,0.071,0.75,0.738,25,161000.0,655,1
THIN-001695,49,Vendor,115,13200.0,21600.0,0.225,0.747,0.683,12,109000.0,479,1
THIN-001696,19,Vendor,650,49600.0,5890.0,0.377,0.941,0.909,32,159000.0,574,1
THIN-001697,54,Vendor,575,181200.0,8630.0,0.39,0.951,0.809,57,5000.0,590,1
THIN-001698,57,Vendor,672,149500.0,200.0,0.212,0.876,0.847,35,122000.0,614,1
THIN-001699,38,Gig Worker,290,111900.0,4730.0,0.364,0.557,0.766,31,5000.0,511,1
THIN-001700,33,Vendor,537,45800.0,9360.0,0.309,0.956,0.361,42,173000.0,556,1
THIN-001701,35,Vendor,649,14200.0,23000.0,0.541,0.832,0.766,14,25000.0,467,0
THIN-001702,56,Shopkeeper,469,115200.0,200.0,0.18,0.492,0.436,34,95000.0,543,1
THIN-001703,53,Gig Worker,533,106000.0,11350.0,0.333,0.818,0.888,24,36000.0,562,1
THIN-001704,49,Vendor,156,48400.0,1050.0,0.079,0.939,0.622,20,46000.0,588,1
THIN-001705,47,Freelancer,315,84800.0,3460.0,0.064,0.832,0.626,41,88000.0,663,1
THIN-001706,58,Gig Worker,597,5000.0,5500.0,0.332,0.786,0.585,54,249000.0,524,1
THIN-001707,43,Vendor,396,78100.0,3540.0,0.346,0.738,0.652,43,136000.0,548,1
THIN-001708,19,Vendor,716,93900.0,23690.0,0.333,0.931,0.809,25,64000.0,573,1
THIN-001709,51,Freelancer,167,23900.0,8890.0,0.094,0.53,0.785,55,5000.0,595,1
THIN-001710,30,Freelancer,335,56000.0,11810.0,0.358,0.662,0.491,15,102000.0,464,1
THIN-001711,24,Shopkeeper,529,7000.0,19310.0,0.346,0.402,0.742,30,5000.0,488,1
THIN-001712,57,Vendor,663,37400.0,4490.0,0.395,0.828,0.864,45,222000.0,559,1
THIN-001713,24,Shopkeeper,149,52000.0,2090.0,0.326,0.752,0.633,15,139000.0,456,0
THIN-001714,45,Gig Worker,412,99900.0,8990.0,0.42,0.868,0.792,27,5000.0,544,1
THIN-001715,35,Shopkeeper,798,130000.0,19990.0,0.29,0.836,0.549,10,92000.0,517,1
THIN-001716,34,Shopkeeper,242,115600.0,9150.0,0.186,0.663,0.466,34,92000.0,559,1
THIN-001717,20,Vendor,143,73600.0,15500.0,0.324,0.669,0.746,25,5000.0,497,1
THIN-001718,53,Shopkeeper,461,5000.0,2700.0,0.388,0.732,0.345,21,28000.0,440,0
THIN-001719,52,Vendor,49,85200.0,3650.0,0.061,0.585,0.455,15,152000.0,530,1
THIN-001720,24,Vendor,83,5000.0,4560.0,0.144,0.747,0.777,44,118000.0,558,1
THIN-001721,59,Gig Worker,395,107800.0,12190.0,0.41,0.724,0.761,40,207000.0,551,1
THIN-001722,58,Shopkeeper,543,102900.0,200.0,0.142,0.525,0.781,19,145000.0,556,1
THIN-001723,27,Freelancer,277,125000.0,13350.0,0.227,0.55,0.46,31,54000.0,530,1
THIN-001724,25,Gig Worker,634,57200.0,11450.0,0.113,0.954,0.728,10,70000.0,607,1
THIN-001725,23,Vendor,741,133100.0,9760.0,0.183,0.706,0.621,35,208000.0,607,1
THIN-001726,34,Freelancer,45,53700.0,3370.0,0.301,0.622,0.439,36,167000.0,472,1
THIN-001727,21,Shopkeeper,281,74400.0,7420.0,0.229,0.795,0.322,22,145000.0,513,1
THIN-001728,26,Vendor,115,20000.0,10180.0,0.185,0.729,0.807,27,312000.0,542,1
THIN-001729,42,Freelancer,276,60500.0,10390.0,0.074,0.762,0.848,15,86000.0,613,1
THIN-001730,40,Gig Worker,620,67500.0,4930.0,0.33,0.699,0.863,52,5000.0,568,1
THIN-001731,29,Shopkeeper,250,47500.0,16340.0,0.246,0.938,0.48,30,183000.0,552,1
THIN-001732,34,Shopkeeper,282,87500.0,8260.0,0.134,0.816,0.674,17,233000.0,579,1
THIN-001733,46,Gig Worker,484,138500.0,14080.0,0.222,0.358,0.64,56,176000.0,560,1
THIN-001734,57,Shopkeeper,456,149700.0,10900.0,0.262,0.804,0.819,5,274000.0,532,1
THIN-001735,45,Shopkeeper,138,129100.0,18260.0,0.188,0.655,0.788,49,53000.0,581,1
THIN-001736,44,Gig Worker,333,158800.0,19850.0,0.183,0.928,0.805,43,5000.0,647,1
THIN-001737,45,Shopkeeper,221,82600.0,18280.0,0.371,0.907,0.526,16,75000.0,482,1
THIN-001738,43,Freelancer,521,5000.0,15980.0,0.234,0.869,0.539,17,169000.0,519,1
THIN-001739,36,Vendor,100,50000.0,14400.0,0.037,0.883,0.544,8,179000.0,578,1
THIN-001740,45,Freelancer,522,100900.0,8030.0,0.066,0.804,0.683,30,121000.0,668,1
THIN-001741,56,Freelancer,406,78100.0,13740.0,0.484,0.98,0.271,15,186000.0,466,1
THIN-001742,25,Shopkeeper,543,9300.0,2840.0,0.066,0.954,0.754,30,234000.0,658,1
THIN-001743,55,Shopkeeper,417,134500.0,24620.0,0.325,0.724,0.521,31,268000.0,546,1
THIN-001744,21,Gig Worker,747,72700.0,27320.0,0.307,0.907,0.319,42,314000.0,559,1
THIN-001745,32,Gig Worker,677,43700.0,13090.0,0.114,0.94,0.783,9,5000.0,605,1
THIN-001746,25,Vendor,281,5000.0,12660.0,0.221,0.973,0.87,40,169000.0,593,1
THIN-001747,20,Shopkeeper,744,118300.0,7590.0,0.2,0.825,0.905,49,53000.0,639,1
THIN-001748,40,Shopkeeper,387,71300.0,12790.0,0.282,0.679,0.757,33,136000.0,567,1
THIN-001749,21,Freelancer,225,31700.0,9770.0,0.233,0.685,0.725,7,166000.0,482,1
THIN-001750,49,Shopkeeper,408,133800.0,1890.0,0.336,0.885,0.613,24,123000.0,537,1
THIN-001751,49,Vendor,50,5000.0,4200.0,0.264,0.745,0.772,7,5000.0,430,0
THIN-001752,55,Shopkeeper,665,73000.0,13780.0,0.372,0.843,0.819,50,227000.0,576,1
THIN-001753,40,Gig Worker,545,94700.0,2320.0,0.136,0.703,0.653,18,41000.0,578,1
THIN-001754,35,Freelancer,362,5000.0,5840.0,0.403,0.713,0.923,36,5000.0,523,1
THIN-001755,51,Freelancer,361,43000.0,200.0,0.355,0.546,0.838,48,5000.0,514,1
THIN-001756,21,Vendor,270,53700.0,1390.0,0.118,0.903,0.977,26,160000.0,629,1
THIN-001757,20,Gig Worker,635,122700.0,18110.0,0.192,0.871,0.774,58,295000.0,640,1
THIN-001758,54,Shopkeeper,763,176300.0,11980.0,0.221,0.344,0.604,4,159000.0,477,1
THIN-001759,42,Shopkeeper,661,148200.0,18770.0,0.436,0.545,0.846,19,204000.0,498,1
THIN-001760,39,Shopkeeper,787,151300.0,10300.0,0.122,0.904,0.637,59,211000.0,664,1
THIN-001761,36,Gig Worker,174,88200.0,9830.0,0.305,0.793,0.84,59,111000.0,556,1
THIN-001762,19,Shopkeeper,657,5000.0,1480.0,0.216,0.625,0.827,31,118000.0,546,1
THIN-001763,56,Freelancer,332,92100.0,9320.0,0.087,0.697,0.835,21,171000.0,624,1
THIN-001764,58,Gig Worker,479,68900.0,9120.0,0.342,0.611,0.394,8,137000.0,446,1
THIN-001765,54,Vendor,580,35800.0,18040.0,0.232,0.738,0.883,12,88000.0,546,1
THIN-001766,52,Shopkeeper,236,5000.0,200.0,0.241,0.933,0.796,6,33000.0,470,1
THIN-001767,45,Freelancer,417,116300.0,10380.0,0.048,0.75,0.583,52,151000.0,682,1
THIN-001768,22,Vendor,555,5000.0,12930.0,0.419,0.924,0.677,36,93000.0,531,1
THIN-001769,27,Shopkeeper,789,65300.0,12090.0,0.327,0.779,0.769,22,173000.0,539,1
THIN-001770,29,Freelancer,714,94800.0,5100.0,0.219,0.647,0.592,53,161000.0,579,1
THIN-001771,36,Vendor,241,74500.0,1520.0,0.035,0.39,0.822,9,151000.0,566,1
THIN-001772,45,Shopkeeper,319,92100.0,27960.0,0.168,0.766,0.736,47,170000.0,623,1
THIN-001773,51,Freelancer,664,89400.0,200.0,0.139,0.585,0.494,29,16000.0,562,1
THIN-001774,33,Vendor,477,49700.0,16270.0,0.327,0.781,0.584,41,112000.0,556,1
THIN-001775,34,Freelancer,293,129900.0,6500.0,0.31,0.269,0.335,31,38000.0,459,1
THIN-001776,26,Vendor,230,87400.0,200.0,0.227,0.745,0.541,55,246000.0,537,1
THIN-001777,40,Vendor,527,123500.0,13280.0,0.274,0.893,0.664,41,368000.0,601,1
THIN-001778,38,Shopkeeper,112,135000.0,14960.0,0.184,0.928,0.94,51,238000.0,622,1
THIN-001779,36,Gig Worker,700,50400.0,25570.0,0.266,0.917,0.423,37,46000.0,578,1
THIN-001780,38,Shopkeeper,160,121200.0,18520.0,0.533,0.73,0.64,39,104000.0,487,1
THIN-001781,59,Vendor,43,5000.0,4240.0,0.043,0.844,0.656,4,142000.0,529,1
THIN-001782,34,Gig Worker,538,92000.0,16850.0,0.571,0.84,0.404,14,31000.0,450,1
THIN-001783,41,Gig Worker,549,5000.0,8540.0,0.35,0.853,0.827,26,99000.0,526,1
THIN-001784,29,Gig Worker,505,54800.0,15470.0,0.259,0.907,0.211,17,56000.0,511,1
THIN-001785,45,Shopkeeper,21,66800.0,17250.0,0.28,0.844,0.643,34,80000.0,524,1
THIN-001786,31,Gig Worker,333,5000.0,200.0,0.342,0.71,0.658,24,225000.0,461,1
THIN-001787,26,Vendor,448,153400.0,6240.0,0.114,0.868,0.238,42,215000.0,626,1
THIN-001788,42,Vendor,604,92100.0,14340.0,0.236,0.444,0.764,54,164000.0,571,1
THIN-001789,57,Shopkeeper,97,95600.0,2320.0,0.102,0.92,0.799,31,204000.0,620,1
THIN-001790,48,Vendor,91,38200.0,14110.0,0.319,0.75,0.581,40,112000.0,505,1
THIN-001791,43,Vendor,460,146300.0,9340.0,0.148,0.774,0.858,49,19000.0,656,1
THIN-001792,32,Vendor,461,109000.0,3400.0,0.148,0.609,0.656,27,210000.0,588,1
THIN-001793,46,Gig Worker,734,88800.0,1900.0,0.415,0.848,0.823,26,196000.0,533,1
THIN-001794,40,Shopkeeper,731,39600.0,5910.0,0.375,0.694,0.285,46,179000.0,499,1
THIN-001795,39,Gig Worker,112,5000.0,13400.0,0.085,0.568,0.408,47,179000.0,547,1
THIN-001796,25,Freelancer,32,83100.0,12900.0,0.212,0.78,0.793,12,270000.0,503,1
THIN-001797,53,Gig Worker,796,129400.0,4290.0,0.234,0.811,0.647,42,106000.0,598,1
THIN-001798,43,Freelancer,385,96100.0,200.0,0.133,0.845,0.882,18,154000.0,600,1
THIN-001799,36,Gig Worker,650,90200.0,28400.0,0.481,0.813,0.498,5,278000.0,449,0
THIN-001800,21,Shopkeeper,517,119600.0,20130.0,0.553,0.342,0.398,17,64000.0,408,0
THIN-001801,36,Gig Worker,15,36200.0,4290.0,0.57,0.884,0.63,48,156000.0,454,1
THIN-001802,22,Vendor,185,5000.0,10890.0,0.14,0.651,0.28,15,65000.0,472,1
THIN-001803,38,Gig Worker,37,64400.0,20420.0,0.494,0.379,0.766,33,172000.0,433,1
THIN-001804,24,Vendor,25,153100.0,2380.0,0.518,0.781,0.756,6,64000.0,401,0
THIN-001805,22,Gig Worker,414,78100.0,6410.0,0.315,0.67,0.393,8,118000.0,460,1
THIN-001806,23,Shopkeeper,640,83000.0,2790.0,0.5,0.85,0.602,40,176000.0,523,1
THIN-001807,22,Gig Worker,249,107300.0,12950.0,0.165,0.797,0.691,10,125000.0,546,1
THIN-001808,27,Freelancer,567,115400.0,200.0,0.208,0.606,0.539,14,28000.0,503,1
THIN-001809,44,Shopkeeper,421,90200.0,16770.0,0.088,0.478,0.534,25,50000.0,596,1
THIN-001810,36,Gig Worker,711,20000.0,11790.0,0.542,0.641,0.813,17,155000.0,457,0
THIN-001811,21,Gig Worker,260,143500.0,4970.0,0.207,0.825,0.918,47,150000.0,616,1
THIN-001812,59,Freelancer,447,5000.0,17330.0,0.29,0.936,0.668,46,198000.0,566,1
THIN-001813,37,Gig Worker,236,33900.0,200.0,0.189,0.754,0.921,48,219000.0,578,1
THIN-001814,55,Freelancer,388,30200.0,17310.0,0.013,0.721,0.787,40,70000.0,707,1
THIN-001815,22,Shopkeeper,241,158800.0,11740.0,0.189,0.785,0.714,49,106000.0,604,1
THIN-001816,47,Vendor,242,5000.0,14300.0,0.16,0.95,0.506,13,266000.0,521,1
THIN-001817,39,Freelancer,718,5000.0,1820.0,0.109,0.653,0.926,27,161000.0,599,1
THIN-001818,28,Vendor,69,188100.0,6510.0,0.335,0.927,0.635,28,203000.0,514,1
THIN-001819,29,Freelancer,711,18500.0,15540.0,0.312,0.62,0.749,47,181000.0,546,1
THIN-001820,23,Gig Worker,512,132700.0,2940.0,0.1,0.56,0.529,34,38000.0,615,1
THIN-001821,26,Shopkeeper,604,40600.0,4990.0,0.17,0.779,0.624,33,119000.0,600,1
THIN-001822,19,Gig Worker,221,63900.0,15960.0,0.097,0.801,0.458,55,95000.0,616,1
THIN-001823,50,Freelancer,203,140000.0,4750.0,0.195,0.695,0.514,54,81000.0,561,1
THIN-001824,49,Shopkeeper,506,5000.0,10140.0,0.128,0.383,0.714,54,249000.0,572,1
THIN-001825,20,Vendor,59,170700.0,10490.0,0.12,0.816,0.796,58,131000.0,620,1
THIN-001826,56,Freelancer,426,158300.0,400.0,0.188,0.818,0.749,55,190000.0,616,1
THIN-001827,52,Vendor,442,192900.0,11340.0,0.096,0.658,0.641,42,107000.0,654,1
THIN-001828,57,Gig Worker,617,5000.0,200.0,0.373,0.541,0.741,30,98000.0,467,1
THIN-001829,38,Gig Worker,722,61400.0,12260.0,0.334,0.905,0.68,32,5000.0,567,1
THIN-001830,19,Shopkeeper,192,5000.0,14220.0,0.428,0.835,0.536,4,87000.0,396,0
THIN-001831,20,Gig Worker,769,55800.0,15360.0,0.141,0.86,0.872,10,118000.0,597,1
THIN-001832,52,Vendor,201,84200.0,2820.0,0.242,0.65,0.642,49,78000.0,540,1
THIN-001833,29,Gig Worker,326,97200.0,17590.0,0.373,0.84,0.495,49,85000.0,539,1
THIN-001834,51,Vendor,317,62100.0,200.0,0.507,0.786,0.497,4,95000.0,395,0
THIN-001835,35,Freelancer,207,123300.0,16830.0,0.214,0.799,0.623,6,129000.0,506,1
THIN-001836,20,Freelancer,694,155800.0,11240.0,0.185,0.832,0.711,9,57000.0,566,1
THIN-001837,21,Shopkeeper,453,124200.0,19560.0,0.737,0.893,0.671,53,233000.0,521,0
THIN-001838,49,Gig Worker,770,33100.0,200.0,0.209,0.79,0.265,34,5000.0,534,1
THIN-001839,57,Freelancer,625,171100.0,9280.0,0.201,0.834,0.601,22,67000.0,582,1
THIN-001840,49,Freelancer,134,112500.0,12400.0,0.098,0.928,0.229,42,307000.0,600,1
THIN-001841,51,Vendor,791,5000.0,9270.0,0.521,0.766,0.802,58,13000.0,504,1
THIN-001842,41,Shopkeeper,169,20500.0,17670.0,0.082,0.888,0.808,45,73000.0,646,1
THIN-001843,59,Vendor,643,7900.0,680.0,0.197,0.897,0.601,41,278000.0,577,1
THIN-001844,33,Vendor,133,105800.0,3590.0,0.082,0.761,0.725,42,38000.0,628,1
THIN-001845,45,Gig Worker,531,90000.0,17730.0,0.299,0.703,0.576,48,45000.0,562,1
THIN-001846,36,Gig Worker,380,90300.0,19890.0,0.297,0.721,0.87,15,108000.0,536,1
THIN-001847,36,Shopkeeper,266,52800.0,1590.0,0.15,0.59,0.751,51,50000.0,583,1
THIN-001848,50,Vendor,84,145200.0,2160.0,0.309,0.595,0.744,15,212000.0,456,1
THIN-001849,22,Gig Worker,222,38800.0,21280.0,0.399,0.727,0.868,38,355000.0,530,1
THIN-001850,50,Shopkeeper,232,58900.0,9030.0,0.02,0.81,0.723,31,154000.0,674,1
THIN-001851,45,Shopkeeper,795,108300.0,10650.0,0.287,0.898,0.729,22,191000.0,565,1
THIN-001852,31,Shopkeeper,372,16900.0,3490.0,0.195,0.812,0.45,56,251000.0,568,1
THIN-001853,36,Gig Worker,477,116900.0,16470.0,0.192,0.738,0.68,33,201000.0,609,1
THIN-001854,19,Vendor,400,72400.0,5170.0,0.381,0.555,0.626,52,153000.0,519,1
THIN-001855,48,Gig Worker,549,84800.0,200.0,0.264,0.726,0.714,41,189000.0,563,1
THIN-001856,59,Vendor,66,74500.0,200.0,0.093,0.903,0.812,4,82000.0,535,1
THIN-001857,49,Vendor,194,92800.0,1690.0,0.185,0.801,0.814,5,185000.0,515,1
THIN-001858,23,Gig Worker,724,22200.0,200.0,0.139,0.891,0.884,13,14000.0,575,1
THIN-001859,20,Freelancer,269,121600.0,18460.0,0.29,0.715,0.798,54,286000.0,570,1
THIN-001860,55,Vendor,503,101000.0,200.0,0.172,0.427,0.489,14,48000.0,492,1
THIN-001861,45,Gig Worker,470,166500.0,200.0,0.394,0.769,0.808,20,159000.0,507,1
THIN-001862,51,Vendor,780,44300.0,12970.0,0.102,0.831,0.93,25,136000.0,653,1
THIN-001863,27,Shopkeeper,626,47100.0,8960.0,0.155,0.577,0.626,8,181000.0,527,1
THIN-001864,56,Shopkeeper,359,94800.0,14080.0,0.299,0.612,0.278,6,256000.0,443,0
THIN-001865,23,Gig Worker,514,166900.0,4350.0,0.029,0.76,0.689,34,5000.0,700,1
THIN-001866,54,Vendor,552,112400.0,200.0,0.214,0.682,0.813,19,264000.0,546,1
THIN-001867,25,Shopkeeper,254,73300.0,10100.0,0.068,0.678,0.823,7,192000.0,584,1
THIN-001868,41,Shopkeeper,632,114700.0,21260.0,0.465,0.653,0.65,8,150000.0,457,1
THIN-001869,33,Freelancer,707,86300.0,17490.0,0.291,0.617,0.664,41,72000.0,562,1
THIN-001870,29,Freelancer,763,5000.0,7940.0,0.05,0.9,0.904,6,93000.0,615,1
THIN-001871,27,Vendor,470,97300.0,6880.0,0.087,0.397,0.627,17,135000.0,572,1
THIN-001872,59,Vendor,718,99700.0,17190.0,0.23,0.844,0.651,20,196000.0,569,1
THIN-001873,47,Gig Worker,708,65600.0,6870.0,0.241,0.658,0.856,5,276000.0,515,0
THIN-001874,37,Gig Worker,154,69100.0,10430.0,0.276,0.889,0.793,27,235000.0,544,1
THIN-001875,43,Vendor,645,158400.0,8700.0,0.107,0.773,0.782,4,20000.0,590,1
THIN-001876,47,Gig Worker,79,56900.0,250.0,0.358,0.633,0.664,9,152000.0,401,0
THIN-001877,39,Freelancer,748,65100.0,200.0,0.176,0.929,0.566,31,103000.0,590,1
THIN-001878,47,Shopkeeper,412,49300.0,5960.0,0.273,0.921,0.741,5,5000.0,519,1
THIN-001879,33,Vendor,799,63200.0,4700.0,0.062,0.637,0.799,19,86000.0,627,1
THIN-001880,21,Gig Worker,260,78500.0,5090.0,0.389,0.622,0.696,19,5000.0,468,1
THIN-001881,52,Gig Worker,299,100000.0,9850.0,0.077,0.288,0.865,35,46000.0,619,1
THIN-001882,39,Shopkeeper,748,164900.0,15880.0,0.023,0.689,0.898,39,28000.0,727,1
THIN-001883,58,Vendor,76,199200.0,4790.0,0.062,0.875,0.781,10,133000.0,593,1
THIN-001884,59,Vendor,646,139700.0,2910.0,0.075,0.737,0.517,20,105000.0,613,1
THIN-001885,30,Freelancer,550,60600.0,13130.0,0.158,0.602,0.664,4,301000.0,526,1
THIN-001886,32,Gig Worker,582,86300.0,10150.0,0.365,0.748,0.527,15,97000.0,488,1
THIN-001887,29,Gig Worker,60,120300.0,3970.0,0.162,0.763,0.642,19,228000.0,528,1
THIN-001888,52,Gig Worker,23,40600.0,12680.0,0.615,0.4,0.782,11,195000.0,355,0
THIN-001889,34,Gig Worker,523,49200.0,19240.0,0.298,0.968,0.618,47,5000.0,589,1
THIN-001890,23,Vendor,386,101600.0,12200.0,0.101,0.899,0.368,33,93000.0,637,1
THIN-001891,26,Freelancer,786,131100.0,13820.0,0.201,0.571,0.827,7,27000.0,535,1
THIN-001892,56,Freelancer,474,179500.0,3210.0,0.499,0.856,0.524,54,64000.0,526,1
THIN-001893,55,Vendor,664,83500.0,16430.0,0.077,0.92,0.56,48,93000.0,680,1
THIN-001894,45,Vendor,695,34000.0,10860.0,0.502,0.733,0.707,12,131000.0,457,0
THIN-001895,52,Shopkeeper,549,124200.0,6750.0,0.145,0.756,0.618,49,92000.0,630,1
THIN-001896,22,Freelancer,494,114000.0,5770.0,0.332,0.812,0.515,25,307000.0,528,1
THIN-001897,43,Gig Worker,120,74700.0,9060.0,0.273,0.907,0.864,47,83000.0,571,1
THIN-001898,53,Gig Worker,29,38700.0,13100.0,0.383,0.701,0.688,50,5000.0,482,1
THIN-001899,20,Freelancer,441,5000.0,8790.0,0.331,0.889,0.741,41,27000.0,552,1
THIN-001900,55,Shopkeeper,795,57500.0,13560.0,0.144,0.933,0.854,5,195000.0,589,1
THIN-001901,39,Freelancer,552,46700.0,7100.0,0.022,0.664,0.791,16,5000.0,647,1
THIN-001902,51,Shopkeeper,744,141000.0,7050.0,0.153,0.896,0.718,58,193000.0,652,1
THIN-001903,20,Shopkeeper,498,57800.0,9950.0,0.624,0.933,0.444,10,203000.0,439,0
THIN-001904,26,Shopkeeper,353,22100.0,200.0,0.268,0.719,0.842,30,458000.0,535,1
THIN-001905,40,Gig Worker,534,103400.0,4640.0,0.329,0.8,0.529,25,83000.0,526,1
THIN-001906,29,Gig Worker,799,25700.0,5890.0,0.034,0.716,0.558,8,263000.0,596,1
THIN-001907,26,Gig Worker,686,49800.0,2560.0,0.234,0.81,0.706,39,56000.0,590,1
THIN-001908,48,Vendor,269,39300.0,9420.0,0.675,0.543,0.484,37,65000.0,435,0
THIN-001909,26,Gig Worker,77,5000.0,2610.0,0.149,0.936,0.754,55,22000.0,570,1
THIN-001910,58,Vendor,327,35200.0,9960.0,0.598,0.753,0.663,29,111000.0,473,0
THIN-001911,46,Shopkeeper,327,68900.0,9870.0,0.33,0.58,0.795,20,74000.0,502,1
THIN-001912,52,Shopkeeper,373,5000.0,14410.0,0.193,0.64,0.572,30,48000.0,541,1
THIN-001913,33,Gig Worker,776,107500.0,13690.0,0.281,0.38,0.564,46,157000.0,532,1
THIN-001914,38,Shopkeeper,465,114600.0,3380.0,0.154,0.636,0.705,57,143000.0,615,1
THIN-001915,32,Vendor,431,57300.0,15720.0,0.062,0.397,0.669,12,51000.0,577,1
THIN-001916,40,Shopkeeper,40,173300.0,10330.0,0.014,0.753,0.623,39,96000.0,660,1
THIN-001917,46,Gig Worker,611,153900.0,10430.0,0.2,0.754,0.923,43,86000.0,637,1
THIN-001918,37,Vendor,164,103600.0,10450.0,0.21,0.661,0.234,53,12000.0,521,1
THIN-001919,56,Freelancer,442,124100.0,4670.0,0.29,0.784,0.67,15,23000.0,526,1
THIN-001920,36,Shopkeeper,337,76500.0,200.0,0.491,0.588,0.663,43,290000.0,476,1
THIN-001921,52,Shopkeeper,234,91200.0,200.0,0.202,0.959,0.769,38,5000.0,592,1
THIN-001922,53,Shopkeeper,53,11400.0,200.0,0.184,0.78,0.716,16,102000.0,475,1
THIN-001923,57,Shopkeeper,471,193500.0,17640.0,0.01,0.655,0.811,48,40000.0,727,1
THIN-001924,41,Vendor,140,18900.0,910.0,0.252,0.82,0.677,50,105000.0,527,1
THIN-001925,46,Shopkeeper,647,33800.0,11740.0,0.036,0.929,0.841,51,5000.0,720,1
THIN-001926,37,Vendor,27,217500.0,18140.0,0.225,0.765,0.817,43,152000.0,570,1
THIN-001927,42,Freelancer,448,139100.0,14510.0,0.106,0.877,0.602,36,139000.0,667,1
THIN-001928,49,Vendor,424,118000.0,9260.0,0.304,0.829,0.633,20,119000.0,539,1
THIN-001929,39,Freelancer,486,159400.0,5150.0,0.225,0.877,0.698,56,236000.0,617,1
THIN-001930,35,Vendor,782,49200.0,8870.0,0.299,0.836,0.837,10,114000.0,525,1
THIN-001931,23,Shopkeeper,82,123400.0,33690.0,0.526,0.846,0.484,18,115000.0,434,0
THIN-001932,21,Shopkeeper,202,33900.0,5510.0,0.131,0.832,0.863,5,109000.0,544,1
THIN-001933,58,Gig Worker,482,5000.0,3280.0,0.095,0.764,0.668,21,275000.0,584,1
THIN-001934,32,Vendor,643,88300.0,210.0,0.422,0.654,0.838,12,196000.0,464,1
THIN-001935,25,Shopkeeper,713,79300.0,200.0,0.426,0.877,0.717,25,154000.0,508,1
THIN-001936,22,Shopkeeper,145,127100.0,18320.0,0.346,0.58,0.761,24,85000.0,488,1
THIN-001937,52,Vendor,529,72300.0,420.0,0.452,0.858,0.706,16,60000.0,480,1
THIN-001938,21,Vendor,187,49700.0,4120.0,0.225,0.71,0.673,31,57000.0,538,1
THIN-001939,33,Shopkeeper,266,119400.0,8260.0,0.275,0.942,0.954,4,125000.0,529,1
THIN-001940,19,Freelancer,95,5000.0,200.0,0.172,0.718,0.593,51,5000.0,510,1
THIN-001941,30,Shopkeeper,33,124900.0,17560.0,0.24,0.879,0.829,59,209000.0,572,1
THIN-001942,26,Shopkeeper,33,131800.0,3860.0,0.368,0.978,0.742,21,108000.0,491,1
THIN-001943,40,Freelancer,612,152400.0,12870.0,0.191,0.705,0.506,34,5000.0,594,1
THIN-001944,39,Shopkeeper,159,106500.0,19430.0,0.635,0.777,0.426,9,138000.0,391,0
THIN-001945,34,Freelancer,775,64600.0,7030.0,0.222,0.404,0.756,4,112000.0,483,1
THIN-001946,27,Shopkeeper,593,199900.0,11370.0,0.186,0.784,0.7,28,154000.0,610,1
THIN-001947,59,Vendor,482,117700.0,6230.0,0.036,0.374,0.866,36,171000.0,672,1
THIN-001948,32,Shopkeeper,564,176000.0,12020.0,0.479,0.755,0.723,15,191000.0,491,1
THIN-001949,58,Freelancer,116,27300.0,10630.0,0.388,0.823,0.768,51,83000.0,510,1
THIN-001950,43,Vendor,398,71900.0,14010.0,0.505,0.837,0.686,37,301000.0,536,1
THIN-001951,57,Freelancer,789,67600.0,11620.0,0.143,0.785,0.751,17,183000.0,595,1
THIN-001952,31,Shopkeeper,568,203700.0,3590.0,0.23,0.85,0.4,30,140000.0,571,1
THIN-001953,33,Gig Worker,277,110100.0,200.0,0.196,0.833,0.323,5,71000.0,472,1
THIN-001954,29,Gig Worker,164,84900.0,24620.0,0.532,0.905,0.798,37,127000.0,519,1
THIN-001955,53,Freelancer,361,103100.0,5360.0,0.227,0.851,0.798,19,180000.0,569,1
THIN-001956,41,Freelancer,626,106300.0,11100.0,0.184,0.742,0.714,44,37000.0,620,1
THIN-001957,19,Shopkeeper,286,159400.0,16880.0,0.142,0.926,0.685,12,190000.0,587,1
THIN-001958,53,Gig Worker,268,50100.0,5320.0,0.473,0.888,0.635,13,258000.0,456,0
THIN-001959,45,Vendor,605,92800.0,8240.0,0.044,0.733,0.8,32,40000.0,689,1
THIN-001960,41,Gig Worker,233,149800.0,1350.0,0.244,0.732,0.838,11,25000.0,511,1
THIN-001961,30,Vendor,364,79900.0,7150.0,0.135,0.77,0.663,15,145000.0,578,1
THIN-001962,52,Shopkeeper,679,114000.0,12040.0,0.557,0.799,0.562,14,153000.0,462,0
THIN-001963,44,Vendor,491,69600.0,9550.0,0.191,0.906,0.506,17,140000.0,563,1
THIN-001964,58,Gig Worker,386,69800.0,200.0,0.151,0.839,0.848,47,216000.0,629,1
THIN-001965,20,Shopkeeper,417,64300.0,10260.0,0.458,0.482,0.661,24,72000.0,470,1
THIN-001966,34,Shopkeeper,320,119000.0,10500.0,0.138,0.793,0.739,36,5000.0,638,1
THIN-001967,50,Gig Worker,460,5000.0,4140.0,0.572,0.952,0.873,27,86000.0,496,1
THIN-001968,29,Gig Worker,614,156900.0,13270.0,0.169,0.967,0.418,26,194000.0,605,1
THIN-001969,55,Shopkeeper,299,188000.0,16960.0,0.055,0.954,0.833,31,360000.0,703,1
THIN-001970,36,Freelancer,750,73600.0,200.0,0.161,0.911,0.647,55,124000.0,616,1
THIN-001971,41,Freelancer,731,190700.0,19560.0,0.229,0.941,0.264,46,5000.0,593,1
THIN-001972,50,Shopkeeper,63,79700.0,7360.0,0.019,0.726,0.442,52,202000.0,630,1
THIN-001973,58,Gig Worker,627,75700.0,19730.0,0.145,0.934,0.615,30,168000.0,634,1
THIN-001974,31,Gig Worker,417,82100.0,7680.0,0.334,0.73,0.856,46,161000.0,574,1
THIN-001975,50,Vendor,486,151100.0,9760.0,0.181,0.735,0.619,34,141000.0,610,1
THIN-001976,37,Vendor,281,68500.0,17390.0,0.242,0.72,0.766,5,95000.0,502,1
THIN-001977,40,Shopkeeper,190,158300.0,6960.0,0.532,0.513,0.868,49,27000.0,486,1
THIN-001978,49,Vendor,485,81700.0,7790.0,0.123,0.782,0.575,30,165000.0,621,1
THIN-001979,39,Vendor,446,56500.0,26550.0,0.194,0.795,0.841,49,218000.0,631,1
THIN-001980,38,Vendor,427,5000.0,16120.0,0.258,0.77,0.473,28,201000.0,521,1
THIN-001981,56,Shopkeeper,267,99800.0,2050.0,0.237,0.922,0.831,28,116000.0,579,1
THIN-001982,53,Vendor,608,77800.0,10510.0,0.19,0.569,0.605,49,205000.0,585,1
THIN-001983,43,Vendor,143,224000.0,200.0,0.234,0.774,0.68,36,261000.0,548,1
THIN-001984,51,Gig Worker,717,229100.0,13830.0,0.257,0.678,0.788,20,252000.0,561,1
THIN-001985,45,Vendor,797,5000.0,21960.0,0.165,0.742,0.682,40,175000.0,595,1
THIN-001986,47,Freelancer,45,5000.0,18730.0,0.255,0.598,0.845,27,31000.0,482,1
THIN-001987,59,Gig Worker,442,33700.0,13540.0,0.112,0.803,0.701,21,23000.0,611,1
THIN-001988,29,Vendor,680,74700.0,4290.0,0.089,0.47,0.627,53,96000.0,620,1
THIN-001989,21,Freelancer,609,141000.0,13520.0,0.201,0.888,0.411,30,233000.0,591,1
THIN-001990,35,Vendor,450,43600.0,19120.0,0.098,0.975,0.739,52,62000.0,683,1
THIN-001991,36,Vendor,482,73800.0,16030.0,0.034,0.68,0.405,12,131000.0,605,1
THIN-001992,37,Freelancer,276,5000.0,3990.0,0.558,0.656,0.611,24,213000.0,416,1
THIN-001993,48,Freelancer,724,79900.0,10200.0,0.324,0.662,0.525,25,158000.0,514,1
THIN-001994,34,Gig Worker,503,37600.0,200.0,0.067,0.671,0.444,53,131000.0,615,1
THIN-001995,35,Shopkeeper,360,27500.0,1270.0,0.23,0.677,0.855,57,246000.0,574,1
THIN-001996,49,Shopkeeper,569,5000.0,12760.0,0.323,0.663,0.764,17,166000.0,486,1
THIN-001997,41,Shopkeeper,396,42600.0,20280.0,0.059,0.747,0.874,37,95000.0,693,1
THIN-001998,39,Vendor,487,174400.0,4020.0,0.049,0.544,0.396,54,122000.0,641,1
THIN-001999,53,Vendor,261,53800.0,11390.0,0.335,0.268,0.874,7,179000.0,429,1
THIN-002000,48,Gig Worker,689,5000.0,9540.0,0.557,0.634,0.825,18,5000.0,441,0
THIN-002001,48,Vendor,452,148500.0,5230.0,0.165,0.753,0.461,10,165000.0,541,1
THIN-002002,32,Gig Worker,494,117700.0,5070.0,0.163,0.748,0.497,16,176000.0,557,1
THIN-002003,38,Vendor,615,60100.0,9610.0,0.246,0.42,0.673,14,50000.0,494,1
THIN-002004,36,Vendor,282,142400.0,12700.0,0.045,0.501,0.538,42,5000.0,638,1
THIN-002005,41,Gig Worker,275,116300.0,10020.0,0.236,0.364,0.854,4,171000.0,472,1
THIN-002006,57,Shopkeeper,206,9600.0,19600.0,0.163,0.845,0.851,27,5000.0,578,1
THIN-002007,51,Gig Worker,268,79200.0,8420.0,0.498,0.72,0.495,7,92000.0,413,0
THIN-002008,57,Vendor,578,19400.0,17760.0,0.26,0.688,0.483,3,59000.0,465,0
THIN-002009,43,Gig Worker,524,71600.0,15100.0,0.134,0.928,0.599,43,50000.0,651,1
THIN-002010,53,Gig Worker,393,182700.0,19250.0,0.138,0.906,0.628,42,5000.0,660,1
THIN-002011,24,Shopkeeper,559,124400.0,19830.0,0.181,0.896,0.553,39,81000.0,629,1
THIN-002012,59,Freelancer,265,164300.0,6710.0,0.255,0.948,0.905,42,155000.0,614,1
THIN-002013,56,Freelancer,327,128400.0,20830.0,0.418,0.725,0.603,58,21000.0,530,1
THIN-002014,59,Gig Worker,506,72300.0,6110.0,0.277,0.846,0.808,28,109000.0,577,1
THIN-002015,42,Vendor,58,5000.0,1420.0,0.33,0.68,0.739,37,95000.0,468,1
THIN-002016,42,Shopkeeper,409,153400.0,200.0,0.39,0.813,0.863,58,154000.0,557,1
THIN-002017,24,Vendor,182,84600.0,15110.0,0.136,0.656,0.582,39,7000.0,587,1
THIN-002018,36,Freelancer,22,70500.0,3810.0,0.212,0.658,0.988,52,171000.0,557,1
THIN-002019,25,Vendor,542,74600.0,11180.0,0.495,0.494,0.773,26,5000.0,482,1
THIN-002020,22,Vendor,406,80700.0,200.0,0.378,0.724,0.761,29,5000.0,516,1
THIN-002021,34,Gig Worker,645,153200.0,29760.0,0.264,0.826,0.877,18,5000.0,578,1
THIN-002022,31,Gig Worker,713,33500.0,11810.0,0.202,0.633,0.824,14,32000.0,543,1
THIN-002023,57,Vendor,780,93700.0,840.0,0.225,0.927,0.538,47,109000.0,592,1
THIN-002024,54,Gig Worker,183,109800.0,2370.0,0.433,0.87,0.683,48,5000.0,515,1
THIN-002025,52,Shopkeeper,562,56300.0,200.0,0.395,0.879,0.669,25,125000.0,507,1
THIN-002026,55,Shopkeeper,572,41800.0,3730.0,0.24,0.837,0.478,26,31000.0,546,1
THIN-002027,38,Freelancer,494,70300.0,12200.0,0.08,0.933,0.433,37,130000.0,664,1
THIN-002028,29,Freelancer,245,67100.0,200.0,0.296,0.878,0.622,46,120000.0,535,1
THIN-002029,47,Vendor,321,153200.0,15740.0,0.23,0.61,0.828,19,200000.0,549,1
THIN-002030,52,Gig Worker,399,11100.0,5430.0,0.189,0.92,0.637,8,124000.0,531,1
THIN-002031,46,Gig Worker,559,105300.0,12270.0,0.39,0.688,0.725,20,65000.0,509,1
THIN-002032,29,Shopkeeper,667,119300.0,1330.0,0.217,0.706,0.932,11,242000.0,549,1
THIN-002033,28,Shopkeeper,655,52800.0,9410.0,0.201,0.761,0.396,6,100000.0,503,1
THIN-002034,25,Shopkeeper,501,50700.0,25660.0,0.158,0.845,0.86,26,222000.0,628,1
THIN-002035,39,Gig Worker,617,19600.0,3300.0,0.309,0.507,0.646,5,68000.0,440,0
THIN-002036,48,Vendor,438,84000.0,13500.0,0.503,0.571,0.666,4,5000.0,427,0
THIN-002037,22,Vendor,511,22600.0,2240.0,0.11,0.682,0.338,36,71000.0,589,1
THIN-002038,39,Vendor,262,30000.0,1120.0,0.127,0.942,0.551,34,59000.0,602,1
THIN-002039,23,Gig Worker,412,109800.0,20130.0,0.195,0.711,0.728,59,108000.0,617,1
THIN-002040,49,Vendor,196,123900.0,5650.0,0.159,0.883,0.764,16,123000.0,568,1
THIN-002041,58,Vendor,799,218500.0,5090.0,0.339,0.43,0.573,50,5000.0,523,1
THIN-002042,41,Gig Worker,91,24400.0,7350.0,0.327,0.755,0.777,12,81000.0,452,1
THIN-002043,43,Gig Worker,352,131800.0,8860.0,0.391,0.776,0.738,34,43000.0,548,1
THIN-002044,30,Gig Worker,122,6000.0,17420.0,0.175,0.942,0.812,29,194000.0,566,1
THIN-002045,22,Gig Worker,752,5000.0,1660.0,0.136,0.918,0.505,58,236000.0,598,1
THIN-002046,27,Vendor,446,33700.0,14440.0,0.226,0.849,0.719,5,107000.0,526,1
THIN-002047,19,Gig Worker,109,122500.0,300.0,0.111,0.801,0.834,58,155000.0,610,1
THIN-002048,55,Vendor,645,45500.0,200.0,0.211,0.658,0.731,22,204000.0,534,1
THIN-002049,37,Freelancer,249,78500.0,15470.0,0.113,0.818,0.769,37,111000.0,643,1
THIN-002050,50,Shopkeeper,217,73400.0,200.0,0.42,0.829,0.539,43,114000.0,487,1
THIN-002051,39,Gig Worker,366,23300.0,4490.0,0.177,0.757,0.344,14,41000.0,509,1
THIN-002052,34,Shopkeeper,696,101000.0,3780.0,0.127,0.983,0.748,35,260000.0,667,1
THIN-002053,22,Gig Worker,26,18400.0,200.0,0.574,0.82,0.632,25,184000.0,397,0
THIN-002054,24,Gig Worker,507,5000.0,1250.0,0.21,0.916,0.608,34,181000.0,568,1
THIN-002055,23,Shopkeeper,356,99900.0,200.0,0.267,0.819,0.713,54,42000.0,567,1
THIN-002056,46,Shopkeeper,629,83300.0,8580.0,0.456,0.72,0.705,20,36000.0,492,1
THIN-002057,21,Gig Worker,525,129100.0,23730.0,0.253,0.661,0.696,30,194000.0,574,1
THIN-002058,22,Freelancer,235,73300.0,200.0,0.213,0.827,0.86,43,56000.0,579,1
THIN-002059,44,Freelancer,764,65200.0,1940.0,0.213,0.785,0.684,41,173000.0,595,1
THIN-002060,38,Freelancer,643,40500.0,11690.0,0.221,0.839,0.721,20,231000.0,566,1
THIN-002061,34,Gig Worker,432,59400.0,200.0,0.395,0.788,0.734,4,42000.0,451,1
THIN-002062,45,Gig Worker,228,104100.0,16160.0,0.502,0.864,0.618,59,5000.0,512,1
THIN-002063,23,Freelancer,88,38700.0,5810.0,0.177,0.832,0.914,20,41000.0,549,1
THIN-002064,42,Freelancer,318,61300.0,18260.0,0.312,0.854,0.609,5,248000.0,484,1
THIN-002065,28,Vendor,212,72400.0,10350.0,0.246,0.812,0.44,42,137000.0,546,1
THIN-002066,50,Gig Worker,596,7400.0,10860.0,0.102,0.749,0.664,36,219000.0,627,1
THIN-002067,45,Gig Worker,506,53900.0,18330.0,0.467,0.842,0.606,37,239000.0,534,1
THIN-002068,49,Gig Worker,780,141700.0,1690.0,0.111,0.716,0.669,23,127000.0,608,1
THIN-002069,46,Freelancer,292,76500.0,18730.0,0.107,0.701,0.673,6,180000.0,557,1
THIN-002070,50,Vendor,528,92400.0,11160.0,0.349,0.901,0.841,46,235000.0,591,1
THIN-002071,41,Vendor,408,130100.0,2770.0,0.094,0.96,0.808,9,195000.0,624,1
THIN-002072,49,Vendor,502,70500.0,9980.0,0.168,0.891,0.743,49,41000.0,641,1
THIN-002073,42,Vendor,709,149700.0,26500.0,0.413,0.679,0.56,19,165000.0,494,1
THIN-002074,30,Freelancer,732,53000.0,16180.0,0.359,0.781,0.757,27,19000.0,541,1
THIN-002075,48,Gig Worker,505,139900.0,2000.0,0.175,0.539,0.828,10,116000.0,540,1
THIN-002076,26,Gig Worker,551,39200.0,4330.0,0.068,0.724,0.623,34,247000.0,648,1
THIN-002077,54,Shopkeeper,533,99500.0,16760.0,0.138,0.867,0.772,33,148000.0,654,1
THIN-002078,35,Vendor,736,35300.0,200.0,0.436,0.709,0.449,10,176000.0,417,0
THIN-002079,53,Vendor,23,145400.0,200.0,0.247,0.876,0.793,57,177000.0,542,1
THIN-002080,40,Shopkeeper,734,48000.0,4630.0,0.22,0.951,0.709,43,45000.0,614,1
THIN-002081,35,Gig Worker,396,43500.0,8730.0,0.17,0.941,0.61,4,165000.0,547,1
THIN-002082,34,Vendor,483,54100.0,4330.0,0.424,0.783,0.502,36,5000.0,519,1
THIN-002083,28,Freelancer,164,125900.0,10250.0,0.285,0.869,0.675,3,83000.0,476,1
THIN-002084,37,Shopkeeper,124,70200.0,8140.0,0.151,0.787,0.927,10,61000.0,546,1
THIN-002085,55,Gig Worker,154,15000.0,15690.0,0.262,0.974,0.748,52,165000.0,562,1
THIN-002086,26,Vendor,570,48700.0,11660.0,0.124,0.919,0.895,9,254000.0,608,1
THIN-002087,28,Freelancer,791,12400.0,8250.0,0.208,0.78,0.519,38,5000.0,571,1
THIN-002088,55,Shopkeeper,707,58100.0,8530.0,0.314,0.833,0.334,26,178000.0,516,1
THIN-002089,22,Vendor,791,174900.0,5570.0,0.124,0.645,0.482,57,124000.0,618,1
THIN-002090,58,Vendor,56,86100.0,7220.0,0.318,0.829,0.799,17,124000.0,486,1
THIN-002091,24,Shopkeeper,240,89100.0,10030.0,0.242,0.877,0.462,56,180000.0,563,1
THIN-002092,48,Shopkeeper,320,139100.0,1360.0,0.052,0.944,0.353,28,214000.0,639,1
THIN-002093,41,Freelancer,96,90600.0,200.0,0.06,0.434,0.933,17,84000.0,554,1
THIN-002094,45,Shopkeeper,407,58900.0,10820.0,0.091,0.336,0.666,7,120000.0,538,1
THIN-002095,48,Freelancer,42,143500.0,7640.0,0.077,0.818,0.797,42,189000.0,638,1
THIN-002096,29,Gig Worker,250,50100.0,5170.0,0.113,0.902,0.665,43,85000.0,632,1
THIN-002097,47,Gig Worker,68,67100.0,9510.0,0.18,0.609,0.882,49,5000.0,566,1
THIN-002098,53,Gig Worker,451,38200.0,200.0,0.394,0.71,0.389,59,5000.0,486,1
THIN-002099,52,Shopkeeper,19,91900.0,7090.0,0.078,0.662,0.772,25,102000.0,582,1
THIN-002100,48,Shopkeeper,626,80500.0,1810.0,0.178,0.679,0.474,58,24000.0,581,1
THIN-002101,42,Shopkeeper,548,31500.0,20610.0,0.152,0.712,0.633,58,104000.0,614,1
THIN-002102,55,Shopkeeper,599,43100.0,7380.0,0.147,0.655,0.625,5,474000.0,530,0
THIN-002103,56,Freelancer,208,119400.0,200.0,0.094,0.542,0.385,55,5000.0,563,1
THIN-002104,47,Shopkeeper,89,5000.0,4470.0,0.238,0.899,0.866,19,36000.0,501,1
THIN-002105,50,Vendor,97,73300.0,11920.0,0.522,0.571,0.682,34,141000.0,452,1
THIN-002106,58,Shopkeeper,221,86700.0,9780.0,0.195,0.841,0.647,12,274000.0,530,1
THIN-002107,37,Gig Worker,220,97500.0,9990.0,0.312,0.624,0.514,26,171000.0,490,1
THIN-002108,48,Vendor,379,69400.0,11730.0,0.397,0.698,0.509,48,161000.0,521,1
THIN-002109,53,Gig Worker,557,147900.0,10930.0,0.254,0.661,0.706,38,5000.0,587,1
THIN-002110,57,Vendor,703,41100.0,200.0,0.295,0.828,0.525,48,193000.0,539,1
THIN-002111,27,Shopkeeper,791,29700.0,5150.0,0.238,0.592,0.773,46,174000.0,569,1
THIN-002112,47,Freelancer,245,145500.0,12220.0,0.491,0.829,0.604,34,101000.0,509,1
THIN-002113,39,Shopkeeper,110,5000.0,620.0,0.203,0.968,0.624,25,27000.0,508,1
THIN-002114,37,Vendor,378,58500.0,5360.0,0.226,0.54,0.823,43,108000.0,576,1
THIN-002115,49,Shopkeeper,71,44800.0,19490.0,0.051,0.482,0.847,3,26000.0,536,1
THIN-002116,49,Vendor,99,77000.0,10550.0,0.355,0.673,0.851,47,5000.0,518,1
THIN-002117,51,Freelancer,459,61200.0,18840.0,0.208,0.764,0.621,9,276000.0,533,1
THIN-002118,37,Shopkeeper,77,66500.0,10000.0,0.383,0.781,0.643,29,111000.0,481,1
THIN-002119,22,Freelancer,772,114000.0,10070.0,0.305,0.822,0.83,18,232000.0,551,1
THIN-002120,21,Vendor,461,176400.0,2450.0,0.166,0.936,0.786,19,181000.0,610,1
THIN-002121,57,Shopkeeper,451,141000.0,12650.0,0.237,0.44,0.365,27,42000.0,516,1
THIN-002122,24,Vendor,187,5000.0,2000.0,0.407,0.736,0.332,59,182000.0,439,1
THIN-002123,57,Vendor,409,81200.0,5240.0,0.157,0.861,0.659,35,101000.0,631,1
THIN-002124,31,Freelancer,135,14200.0,7490.0,0.102,0.789,0.632,30,174000.0,579,1
THIN-002125,44,Gig Worker,451,111100.0,20400.0,0.094,0.8,0.726,44,5000.0,676,1
THIN-002126,20,Shopkeeper,709,64200.0,5590.0,0.248,0.828,0.528,33,166000.0,571,1
THIN-002127,46,Vendor,673,61500.0,21580.0,0.138,0.915,0.774,42,75000.0,663,1
THIN-002128,45,Gig Worker,259,113500.0,23900.0,0.184,0.744,0.604,24,128000.0,564,1
THIN-002129,46,Freelancer,696,18900.0,14460.0,0.359,0.626,0.769,58,202000.0,536,1
THIN-002130,51,Vendor,184,170900.0,13670.0,0.088,0.671,0.397,47,27000.0,606,1
THIN-002131,25,Shopkeeper,336,77400.0,13750.0,0.237,0.81,0.476,15,174000.0,520,1
THIN-002132,31,Gig Worker,279,25700.0,17090.0,0.403,0.848,0.508,34,246000.0,507,1
THIN-002133,47,Vendor,414,199400.0,20100.0,0.264,0.822,0.889,52,104000.0,624,1
THIN-002134,48,Shopkeeper,190,133200.0,13000.0,0.112,0.931,0.221,53,230000.0,603,1
THIN-002135,26,Vendor,455,22500.0,200.0,0.246,0.632,0.488,38,5000.0,524,1
THIN-002136,57,Vendor,135,123000.0,1060.0,0.289,0.936,0.225,38,5000.0,507,1
THIN-002137,43,Freelancer,147,58400.0,11560.0,0.464,0.728,0.443,15,270000.0,415,0
THIN-002138,54,Vendor,615,5000.0,13570.0,0.267,0.754,0.796,23,157000.0,532,1
THIN-002139,32,Gig Worker,306,48700.0,25990.0,0.231,0.532,0.812,51,222000.0,569,1
THIN-002140,26,Vendor,462,229400.0,7460.0,0.507,0.591,0.797,28,61000.0,508,1
THIN-002141,33,Gig Worker,19,74100.0,14140.0,0.154,0.746,0.771,31,179000.0,567,1
THIN-002142,52,Freelancer,631,89300.0,7190.0,0.366,0.79,0.765,35,174000.0,562,1
THIN-002143,39,Vendor,124,104700.0,10420.0,0.183,0.859,0.532,43,16000.0,575,1
THIN-002144,38,Vendor,76,23500.0,3960.0,0.163,0.849,0.649,40,5000.0,564,1
THIN-002145,41,Shopkeeper,702,5000.0,200.0,0.244,0.685,0.251,30,193000.0,477,1
THIN-002146,30,Freelancer,602,96500.0,13440.0,0.085,0.869,0.75,21,174000.0,649,1
THIN-002147,48,Shopkeeper,310,130600.0,20290.0,0.327,0.8,0.796,13,203000.0,518,1
THIN-002148,23,Shopkeeper,374,21800.0,10710.0,0.307,0.657,0.904,27,19000.0,539,1
THIN-002149,54,Gig Worker,589,5400.0,1500.0,0.13,0.686,0.87,52,79000.0,609,1
THIN-002150,24,Shopkeeper,70,75600.0,10920.0,0.13,0.823,0.47,59,62000.0,579,1
THIN-002151,51,Vendor,54,138900.0,5330.0,0.237,0.862,0.67,45,5000.0,555,1
THIN-002152,48,Gig Worker,497,62500.0,9080.0,0.022,0.582,0.278,42,78000.0,646,1
THIN-002153,52,Shopkeeper,194,76000.0,16180.0,0.405,0.7,0.755,56,93000.0,517,1
THIN-002154,51,Shopkeeper,347,78900.0,5460.0,0.35,0.71,0.669,34,47000.0,536,1
THIN-002155,29,Vendor,110,123000.0,15330.0,0.17,0.779,0.376,58,40000.0,560,1
THIN-002156,47,Gig Worker,59,59900.0,200.0,0.228,0.695,0.756,53,70000.0,521,1
THIN-002157,53,Vendor,645,5000.0,7400.0,0.136,0.913,0.673,51,296000.0,621,1
THIN-002158,49,Freelancer,582,90500.0,21820.0,0.077,0.928,0.675,37,124000.0,693,1
THIN-002159,25,Freelancer,406,95000.0,7280.0,0.275,0.766,0.791,57,252000.0,592,1
THIN-002160,20,Vendor,418,5000.0,7760.0,0.665,0.923,0.495,59,226000.0,474,0
THIN-002161,47,Gig Worker,502,129400.0,2620.0,0.251,0.738,0.502,4,126000.0,488,1
THIN-002162,56,Gig Worker,79,179900.0,3360.0,0.385,0.911,0.508,26,254000.0,481,0
THIN-002163,52,Shopkeeper,645,106400.0,3250.0,0.176,0.825,0.747,58,166000.0,629,1
THIN-002164,31,Gig Worker,148,51000.0,14840.0,0.379,0.751,0.621,11,79000.0,442,0
THIN-002165,47,Vendor,755,100400.0,200.0,0.17,0.587,0.903,57,178000.0,603,1
THIN-002166,55,Vendor,677,147100.0,8390.0,0.422,0.714,0.604,41,82000.0,536,1
THIN-002167,19,Shopkeeper,111,106900.0,200.0,0.322,0.751,0.529,56,190000.0,490,1
THIN-002168,56,Shopkeeper,538,78200.0,5300.0,0.545,0.801,0.523,29,74000.0,489,1
THIN-002169,46,Vendor,458,120600.0,9120.0,0.063,0.583,0.54,43,102000.0,650,1
THIN-002170,29,Vendor,535,60800.0,1200.0,0.576,0.889,0.862,32,123000.0,521,1
THIN-002171,48,Gig Worker,493,13400.0,8260.0,0.311,0.754,0.617,19,271000.0,500,1
THIN-002172,30,Vendor,532,151800.0,3550.0,0.514,0.592,0.763,43,86000.0,515,1
THIN-002173,29,Shopkeeper,188,56700.0,7000.0,0.176,0.849,0.783,47,116000.0,600,1
THIN-002174,43,Shopkeeper,65,95800.0,200.0,0.519,0.795,0.844,11,253000.0,410,0
THIN-002175,32,Vendor,281,58500.0,200.0,0.419,0.758,0.882,3,201000.0,435,0
THIN-002176,43,Shopkeeper,759,98500.0,26570.0,0.137,0.702,0.697,30,5000.0,625,1
THIN-002177,32,Shopkeeper,58,119600.0,2140.0,0.071,0.672,0.45,37,40000.0,588,1
THIN-002178,50,Gig Worker,543,18400.0,9390.0,0.308,0.862,0.326,47,117000.0,533,1
THIN-002179,31,Shopkeeper,566,152700.0,11490.0,0.181,0.848,0.847,50,187000.0,649,1
THIN-002180,20,Gig Worker,747,66300.0,11420.0,0.087,0.477,0.707,48,97000.0,634,1
THIN-002181,47,Shopkeeper,524,9000.0,17320.0,0.681,0.779,0.734,5,51000.0,412,0
THIN-002182,49,Gig Worker,446,95400.0,6930.0,0.255,0.512,0.884,11,124000.0,516,1
THIN-002183,36,Shopkeeper,702,5000.0,10620.0,0.097,0.83,0.71,45,12000.0,638,1
THIN-002184,20,Vendor,694,63600.0,1380.0,0.371,0.624,0.803,48,58000.0,536,1
THIN-002185,47,Vendor,221,119800.0,9910.0,0.165,0.761,0.886,16,23000.0,570,1
THIN-002186,59,Gig Worker,242,59900.0,11160.0,0.164,0.906,0.825,40,5000.0,627,1
THIN-002187,24,Gig Worker,24,35000.0,1070.0,0.278,0.909,0.791,7,64000.0,456,0
THIN-002188,25,Vendor,707,57300.0,14180.0,0.217,0.771,0.466,3,30000.0,499,1
THIN-002189,38,Shopkeeper,470,117200.0,18570.0,0.029,0.453,0.908,27,32000.0,672,1
THIN-002190,54,Gig Worker,452,5000.0,8990.0,0.063,0.879,0.704,57,95000.0,662,1
THIN-002191,39,Shopkeeper,381,67200.0,17120.0,0.268,0.836,0.727,48,111000.0,594,1
THIN-002192,45,Shopkeeper,121,68600.0,23310.0,0.313,0.802,0.47,30,182000.0,501,1
THIN-002193,43,Gig Worker,275,146600.0,7320.0,0.15,0.701,0.372,32,284000.0,573,1
THIN-002194,59,Gig Worker,796,146300.0,15690.0,0.169,0.77,0.702,41,65000.0,634,1
THIN-002195,43,Gig Worker,246,127300.0,10410.0,0.407,0.781,0.585,33,39000.0,514,0
THIN-002196,29,Shopkeeper,746,78600.0,11690.0,0.228,0.739,0.85,17,34000.0,564,1
THIN-002197,29,Gig Worker,388,114000.0,19540.0,0.233,0.683,0.617,22,168000.0,552,1
THIN-002198,49,Gig Worker,378,115200.0,18260.0,0.609,0.732,0.805,12,159000.0,464,1
THIN-002199,28,Gig Worker,320,192400.0,9550.0,0.328,0.57,0.851,22,147000.0,522,1
THIN-002200,21,Vendor,151,140400.0,9820.0,0.158,0.818,0.792,15,188000.0,560,1
THIN-002201,55,Freelancer,305,142400.0,18370.0,0.405,0.718,0.657,3,120000.0,452,1
THIN-002202,49,Gig Worker,364,5000.0,17390.0,0.386,0.811,0.756,3,5000.0,447,0
THIN-002203,40,Gig Worker,522,82300.0,200.0,0.069,0.81,0.626,40,126000.0,654,1
THIN-002204,36,Vendor,483,74700.0,18010.0,0.109,0.634,0.297,55,117000.0,606,1
THIN-002205,26,Vendor,551,34700.0,15090.0,0.409,0.833,0.785,27,5000.0,532,1
THIN-002206,44,Shopkeeper,184,5000.0,10440.0,0.227,0.745,0.82,53,260000.0,546,1
THIN-002207,44,Gig Worker,587,99500.0,17260.0,0.364,0.917,0.888,35,22000.0,594,1
THIN-002208,30,Gig Worker,759,153000.0,1370.0,0.033,0.746,0.619,57,5000.0,687,1
THIN-002209,42,Shopkeeper,423,26300.0,7850.0,0.067,0.576,0.82,16,195000.0,604,1
THIN-002210,40,Vendor,587,48900.0,15640.0,0.359,0.862,0.896,15,97000.0,532,1
THIN-002211,51,Shopkeeper,378,117000.0,200.0,0.12,0.959,0.958,6,5000.0,597,1
THIN-002212,52,Vendor,525,36700.0,7200.0,0.39,0.695,0.354,22,63000.0,467,1
THIN-002213,22,Vendor,222,37400.0,1710.0,0.168,0.4,0.61,17,109000.0,484,0
THIN-002214,23,Shopkeeper,434,97000.0,14080.0,0.15,0.608,0.773,29,262000.0,609,1
THIN-002215,59,Shopkeeper,561,152500.0,3240.0,0.15,0.796,0.485,15,104000.0,565,1
THIN-002216,52,Vendor,89,115800.0,9080.0,0.241,0.656,0.846,7,178000.0,480,1
THIN-002217,26,Shopkeeper,601,106500.0,200.0,0.286,0.804,0.797,25,120000.0,547,1
THIN-002218,34,Shopkeeper,77,68500.0,18720.0,0.074,0.673,0.878,43,362000.0,633,1
THIN-002219,35,Vendor,298,51900.0,18930.0,0.283,0.636,0.512,45,5000.0,533,1
THIN-002220,21,Gig Worker,576,161800.0,1930.0,0.102,0.888,0.694,25,152000.0,642,1
THIN-002221,32,Vendor,262,36100.0,10010.0,0.487,0.685,0.76,20,191000.0,459,1
THIN-002222,28,Shopkeeper,327,93300.0,200.0,0.348,0.957,0.612,6,108000.0,469,1
THIN-002223,56,Gig Worker,218,126500.0,6790.0,0.236,0.931,0.948,19,148000.0,570,1
THIN-002224,20,Gig Worker,732,42900.0,1200.0,0.212,0.838,0.608,24,118000.0,557,1
THIN-002225,47,Gig Worker,782,105700.0,6760.0,0.33,0.702,0.881,10,124000.0,512,1
THIN-002226,19,Shopkeeper,726,105700.0,16900.0,0.044,0.953,0.81,29,189000.0,712,1
THIN-002227,35,Freelancer,119,34200.0,290.0,0.283,0.445,0.799,5,228000.0,406,0
THIN-002228,35,Freelancer,326,75800.0,16160.0,0.124,0.724,0.768,24,279000.0,608,1
THIN-002229,50,Gig Worker,377,86200.0,27490.0,0.153,0.9,0.822,3,185000.0,578,1
THIN-002230,45,Shopkeeper,24,108100.0,13080.0,0.213,0.779,0.36,37,150000.0,525,1
THIN-002231,41,Gig Worker,237,26300.0,9850.0,0.367,0.383,0.495,44,199000.0,459,1
THIN-002232,44,Freelancer,248,55500.0,11860.0,0.159,0.448,0.638,48,5000.0,562,1
THIN-002233,45,Freelancer,619,101600.0,200.0,0.064,0.916,0.812,21,118000.0,650,1
THIN-002234,57,Gig Worker,711,56200.0,9490.0,0.16,0.6,0.702,33,208000.0,599,1
THIN-002235,22,Vendor,210,45400.0,22720.0,0.072,0.735,0.534,6,270000.0,552,1
THIN-002236,21,Freelancer,118,61000.0,4060.0,0.422,0.697,0.858,25,5000.0,473,0
THIN-002237,59,Gig Worker,186,42600.0,200.0,0.447,0.473,0.775,42,270000.0,453,1
THIN-002238,27,Gig Worker,515,65600.0,9380.0,0.01,0.891,0.521,40,34000.0,711,1
THIN-002239,58,Shopkeeper,226,83400.0,200.0,0.122,0.669,0.644,3,121000.0,502,1
THIN-002240,33,Vendor,649,177300.0,6810.0,0.052,0.92,0.574,12,174000.0,640,1
THIN-002241,37,Shopkeeper,157,152100.0,16150.0,0.095,0.781,0.576,20,70000.0,586,1
THIN-002242,29,Vendor,775,156600.0,4890.0,0.07,0.652,0.891,6,124000.0,609,1
THIN-002243,52,Gig Worker,787,61900.0,17280.0,0.484,0.842,0.684,27,199000.0,517,1
THIN-002244,44,Gig Worker,384,49600.0,10650.0,0.281,0.654,0.708,40,143000.0,562,1
THIN-002245,25,Gig Worker,515,129000.0,200.0,0.264,0.87,0.638,21,157000.0,539,1
THIN-002246,24,Freelancer,429,32500.0,22770.0,0.218,0.771,0.697,46,72000.0,598,1
THIN-002247,54,Gig Worker,576,118600.0,12510.0,0.24,0.908,0.707,3,85000.0,535,1
THIN-002248,19,Shopkeeper,328,5000.0,9700.0,0.06,0.86,0.676,37,23000.0,649,1
THIN-002249,38,Gig Worker,107,61500.0,11490.0,0.241,0.758,0.701,40,107000.0,548,1
THIN-002250,31,Vendor,649,138900.0,200.0,0.196,0.683,0.783,57,170000.0,595,1
THIN-002251,33,Freelancer,31,28000.0,31620.0,0.028,0.803,0.555,24,312000.0,604,1
THIN-002252,44,Gig Worker,321,160200.0,8070.0,0.224,0.945,0.78,46,99000.0,623,1
THIN-002253,49,Gig Worker,196,82100.0,200.0,0.201,0.741,0.875,31,177000.0,559,1
THIN-002254,20,Gig Worker,270,70100.0,10150.0,0.085,0.801,0.758,44,5000.0,656,1
THIN-002255,55,Shopkeeper,429,105700.0,16450.0,0.103,0.769,0.764,18,100000.0,624,1
THIN-002256,41,Shopkeeper,47,207000.0,7270.0,0.277,0.812,0.782,37,241000.0,551,1
THIN-002257,19,Freelancer,775,90600.0,7860.0,0.352,0.806,0.606,47,5000.0,557,1
THIN-002258,27,Vendor,505,32300.0,1890.0,0.084,0.553,0.789,33,5000.0,626,1
THIN-002259,33,Shopkeeper,530,37300.0,14890.0,0.48,0.853,0.619,19,132000.0,486,0
THIN-002260,42,Gig Worker,533,131200.0,5170.0,0.254,0.647,0.809,29,72000.0,571,1
THIN-002261,32,Shopkeeper,577,111400.0,200.0,0.116,0.852,0.456,3,173000.0,537,1
THIN-002262,51,Vendor,686,82600.0,10070.0,0.081,0.779,0.771,11,207000.0,616,1
THIN-002263,21,Vendor,408,126400.0,23720.0,0.342,0.839,0.441,39,5000.0,558,1
THIN-002264,45,Shopkeeper,776,5000.0,14540.0,0.166,0.825,0.959,18,213000.0,582,1
THIN-002265,30,Freelancer,669,83500.0,12570.0,0.158,0.799,0.529,17,190000.0,572,1
THIN-002266,46,Gig Worker,620,117600.0,18600.0,0.146,0.637,0.551,4,149000.0,535,1
THIN-002267,38,Gig Worker,698,116900.0,11390.0,0.333,0.633,0.684,41,150000.0,555,1
THIN-002268,56,Shopkeeper,268,68100.0,1470.0,0.217,0.975,0.881,55,153000.0,611,1
THIN-002269,52,Gig Worker,780,45000.0,13850.0,0.383,0.625,0.804,33,149000.0,535,1
THIN-002270,36,Shopkeeper,145,138700.0,5540.0,0.345,0.854,0.822,5,99000.0,470,1
THIN-002271,35,Shopkeeper,641,27400.0,5730.0,0.427,0.766,0.717,27,294000.0,507,1
THIN-002272,39,Gig Worker,378,174800.0,5320.0,0.383,0.79,0.587,41,236000.0,547,1
THIN-002273,45,Shopkeeper,765,45700.0,200.0,0.296,0.815,0.725,26,205000.0,531,1
THIN-002274,51,Gig Worker,580,91200.0,12620.0,0.227,0.687,0.685,30,239000.0,578,1
THIN-002275,58,Gig Worker,250,5000.0,7910.0,0.465,0.733,0.311,30,208000.0,427,1
THIN-002276,38,Gig Worker,235,46300.0,10120.0,0.258,0.857,0.793,42,157000.0,577,1
THIN-002277,23,Vendor,392,73900.0,200.0,0.039,0.926,0.59,51,151000.0,680,1
THIN-002278,53,Gig Worker,751,89700.0,9850.0,0.209,0.861,0.941,41,187000.0,640,1
THIN-002279,26,Gig Worker,743,42000.0,940.0,0.143,0.814,0.639,35,5000.0,614,1
THIN-002280,19,Shopkeeper,581,55000.0,10820.0,0.287,0.825,0.648,10,139000.0,512,0
THIN-002281,49,Gig Worker,26,139200.0,21540.0,0.173,0.508,0.561,27,165000.0,513,1
THIN-002282,33,Freelancer,555,123600.0,200.0,0.195,0.728,0.815,36,5000.0,602,1
THIN-002283,28,Gig Worker,664,91800.0,3440.0,0.112,0.533,0.556,19,189000.0,567,1
THIN-002284,19,Vendor,302,77300.0,7170.0,0.104,0.619,0.557,53,173000.0,611,1
THIN-002285,49,Shopkeeper,178,98600.0,200.0,0.239,0.686,0.699,21,219000.0,497,1
THIN-002286,48,Freelancer,409,115900.0,11000.0,0.038,0.827,0.625,25,149000.0,674,1
THIN-002287,37,Shopkeeper,109,155100.0,15240.0,0.297,0.705,0.487,4,198000.0,436,1
THIN-002288,53,Vendor,177,112200.0,200.0,0.167,0.943,0.773,17,78000.0,552,1
THIN-002289,58,Gig Worker,367,183400.0,200.0,0.324,0.822,0.781,41,5000.0,564,1
THIN-002290,45,Vendor,174,52200.0,9580.0,0.096,0.397,0.595,21,415000.0,535,1
THIN-002291,51,Shopkeeper,596,110000.0,8060.0,0.209,0.867,0.597,57,122000.0,611,1
THIN-002292,54,Shopkeeper,571,62700.0,2260.0,0.442,0.798,0.811,21,144000.0,505,1
THIN-002293,46,Shopkeeper,98,102300.0,10550.0,0.292,0.293,0.694,34,199000.0,478,1
THIN-002294,39,Vendor,595,107700.0,13550.0,0.081,0.692,0.855,58,76000.0,680,1
THIN-002295,30,Gig Worker,296,5000.0,1650.0,0.238,0.506,0.684,29,179000.0,492,1
THIN-002296,49,Shopkeeper,176,114800.0,6230.0,0.296,0.92,0.641,11,131000.0,493,1
THIN-002297,30,Gig Worker,71,79600.0,200.0,0.183,0.412,0.892,27,143000.0,503,1
THIN-002298,25,Shopkeeper,251,35100.0,12150.0,0.116,0.757,0.669,13,246000.0,558,1
THIN-002299,57,Gig Worker,320,75500.0,6370.0,0.061,0.807,0.791,15,105000.0,627,1
THIN-002300,38,Freelancer,685,73900.0,6510.0,0.205,0.896,0.535,48,240000.0,605,1
THIN-002301,28,Vendor,159,92800.0,25850.0,0.072,0.714,0.886,43,146000.0,657,1
THIN-002302,36,Vendor,224,118600.0,14990.0,0.259,0.846,0.776,24,5000.0,554,1
THIN-002303,34,Freelancer,496,108800.0,3020.0,0.402,0.755,0.753,3,147000.0,466,1
THIN-002304,58,Shopkeeper,214,12400.0,9190.0,0.183,0.889,0.581,14,188000.0,517,1
THIN-002305,41,Vendor,315,34300.0,15060.0,0.229,0.853,0.835,12,78000.0,541,1
THIN-002306,45,Vendor,586,153300.0,11500.0,0.298,0.697,0.517,23,137000.0,527,1
THIN-002307,26,Gig Worker,300,63300.0,2810.0,0.122,0.808,0.732,40,5000.0,630,1
THIN-002308,30,Gig Worker,713,179300.0,19830.0,0.355,0.802,0.648,46,275000.0,572,1
THIN-002309,52,Shopkeeper,485,93400.0,10820.0,0.258,0.837,0.872,51,151000.0,614,1
THIN-002310,41,Gig Worker,726,30100.0,16830.0,0.391,0.963,0.577,45,26000.0,554,1
THIN-002311,55,Vendor,24,50700.0,16980.0,0.188,0.793,0.569,6,206000.0,474,1
THIN-002312,50,Freelancer,460,64400.0,7040.0,0.062,0.801,0.633,23,49000.0,642,1
THIN-002313,20,Vendor,24,31000.0,8890.0,0.374,0.911,0.9,7,60000.0,449,0
THIN-002314,40,Shopkeeper,357,27600.0,7020.0,0.209,0.825,0.437,34,5000.0,565,1
THIN-002315,19,Shopkeeper,687,74600.0,200.0,0.344,0.572,0.63,6,19000.0,438,1
THIN-002316,44,Gig Worker,452,156400.0,12080.0,0.093,0.658,0.859,46,147000.0,674,1
THIN-002317,34,Shopkeeper,90,65400.0,15960.0,0.077,0.611,0.575,17,74000.0,550,1
THIN-002318,54,Vendor,374,165300.0,16260.0,0.631,0.777,0.665,22,195000.0,481,0
THIN-002319,44,Vendor,525,140800.0,18980.0,0.096,0.875,0.886,17,114000.0,652,1
THIN-002320,57,Freelancer,506,17000.0,2600.0,0.206,0.592,0.699,6,148000.0,490,1
THIN-002321,37,Vendor,678,136100.0,17650.0,0.42,0.78,0.842,40,217000.0,568,1
THIN-002322,50,Vendor,556,5000.0,3330.0,0.216,0.643,0.765,10,77000.0,495,1
THIN-002323,51,Gig Worker,288,149700.0,3430.0,0.113,0.959,0.519,59,187000.0,641,1
THIN-002324,44,Shopkeeper,551,149700.0,19380.0,0.093,0.928,0.695,26,138000.0,666,1
THIN-002325,27,Vendor,695,137100.0,5470.0,0.041,0.756,0.688,39,177000.0,695,1
THIN-002326,40,Vendor,29,35100.0,13290.0,0.122,0.666,0.855,35,64000.0,584,1
THIN-002327,38,Shopkeeper,702,171200.0,5230.0,0.366,0.335,0.816,40,23000.0,525,1
THIN-002328,57,Vendor,505,30100.0,200.0,0.413,0.837,0.703,39,76000.0,522,1
THIN-002329,59,Gig Worker,652,118500.0,7650.0,0.084,0.874,0.543,43,111000.0,669,1
THIN-002330,27,Vendor,424,127400.0,17400.0,0.519,0.719,0.961,59,44000.0,553,1
THIN-002331,24,Shopkeeper,694,15100.0,22120.0,0.174,0.422,0.58,50,139000.0,559,1
THIN-002332,50,Vendor,642,147600.0,9960.0,0.137,0.732,0.624,34,85000.0,631,1
THIN-002333,42,Gig Worker,442,177500.0,16790.0,0.104,0.871,0.676,16,66000.0,628,1
THIN-002334,50,Freelancer,288,284200.0,11890.0,0.258,0.735,0.5,41,205000.0,566,1
THIN-002335,39,Vendor,400,70700.0,21460.0,0.146,0.521,0.801,55,71000.0,620,1
THIN-002336,35,Freelancer,400,40200.0,12730.0,0.203,0.903,0.386,49,66000.0,590,1
THIN-002337,52,Gig Worker,164,22400.0,200.0,0.332,0.924,0.854,57,140000.0,526,1
THIN-002338,46,Gig Worker,220,8300.0,15340.0,0.366,0.683,0.801,12,127000.0,447,0
THIN-002339,56,Freelancer,154,140200.0,10200.0,0.211,0.722,0.535,43,290000.0,556,1
THIN-002340,57,Freelancer,634,5000.0,8380.0,0.456,0.701,0.573,31,240000.0,474,0
THIN-002341,20,Freelancer,145,52400.0,200.0,0.058,0.601,0.547,19,196000.0,545,1
THIN-002342,35,Gig Worker,608,5000.0,12990.0,0.381,0.785,0.707,42,253000.0,527,1
THIN-002343,40,Freelancer,232,154100.0,8880.0,0.075,0.484,0.566,41,76000.0,612,1
THIN-002344,46,Vendor,728,88100.0,14530.0,0.51,0.729,0.694,15,53000.0,474,1
THIN-002345,36,Vendor,614,110000.0,13960.0,0.022,0.878,0.661,11,178000.0,659,1
THIN-002346,51,Vendor,25,78100.0,17950.0,0.245,0.592,0.908,7,121000.0,467,1
THIN-002347,49,Gig Worker,110,129500.0,17850.0,0.148,0.653,0.88,5,57000.0,525,1
THIN-002348,23,Freelancer,123,191000.0,17400.0,0.188,0.865,0.968,11,5000.0,560,1
THIN-002349,47,Freelancer,176,42800.0,10070.0,0.132,0.883,0.341,39,164000.0,582,1
THIN-002350,29,Vendor,260,101900.0,7910.0,0.059,0.416,0.907,13,133000.0,586,1
THIN-002351,20,Gig Worker,388,112100.0,4250.0,0.099,0.846,0.473,50,87000.0,645,1
THIN-002352,38,Vendor,626,104500.0,1020.0,0.235,0.872,0.678,47,170000.0,597,1
THIN-002353,33,Freelancer,428,97700.0,17450.0,0.398,0.569,0.717,31,191000.0,522,1
THIN-002354,23,Gig Worker,20,135300.0,200.0,0.403,0.885,0.929,50,216000.0,509,1
THIN-002355,37,Shopkeeper,143,109200.0,13950.0,0.144,0.977,0.672,27,130000.0,601,1
THIN-002356,30,Vendor,31,61500.0,14940.0,0.484,0.834,0.429,20,213000.0,419,1
THIN-002357,37,Gig Worker,703,50800.0,18200.0,0.068,0.9,0.73,29,59000.0,676,1
THIN-002358,47,Gig Worker,69,14400.0,22590.0,0.459,0.88,0.801,13,73000.0,437,0
THIN-002359,23,Shopkeeper,192,147000.0,9170.0,0.249,0.76,0.684,8,5000.0,495,1
THIN-002360,35,Freelancer,114,121900.0,12740.0,0.112,0.849,0.572,10,5000.0,548,1
THIN-002361,58,Shopkeeper,758,30300.0,15840.0,0.489,0.802,0.673,16,84000.0,475,0
THIN-002362,51,Freelancer,650,5000.0,5910.0,0.231,0.896,0.706,46,148000.0,580,1
THIN-002363,44,Freelancer,145,51300.0,17960.0,0.041,0.746,0.559,3,67000.0,557,1
THIN-002364,42,Shopkeeper,299,99000.0,9130.0,0.152,0.901,0.835,14,60000.0,591,1
THIN-002365,26,Gig Worker,255,95500.0,9030.0,0.312,0.744,0.858,51,70000.0,563,1
THIN-002366,28,Freelancer,704,5000.0,200.0,0.317,0.878,0.743,42,184000.0,534,1
THIN-002367,51,Vendor,331,210200.0,3800.0,0.355,0.584,0.638,45,58000.0,529,1
THIN-002368,43,Shopkeeper,28,20400.0,200.0,0.338,0.856,0.799,17,116000.0,443,1
THIN-002369,39,Shopkeeper,26,102000.0,18590.0,0.211,0.955,0.514,5,245000.0,483,0
THIN-002370,43,Vendor,174,78100.0,200.0,0.296,0.941,0.497,29,140000.0,504,1
THIN-002371,26,Shopkeeper,710,5000.0,9140.0,0.073,0.948,0.618,37,95000.0,656,1
THIN-002372,33,Shopkeeper,92,113000.0,27050.0,0.226,0.706,0.825,51,87000.0,568,1
THIN-002373,39,Freelancer,525,125500.0,20410.0,0.157,0.572,0.656,47,147000.0,613,1
THIN-002374,50,Vendor,20,67300.0,13270.0,0.016,0.602,0.58,7,38000.0,553,1
THIN-002375,37,Shopkeeper,363,121000.0,14720.0,0.475,0.828,0.846,32,145000.0,545,1
THIN-002376,49,Gig Worker,490,77800.0,8010.0,0.129,0.863,0.636,23,167000.0,614,1
THIN-002377,46,Vendor,464,118400.0,14610.0,0.591,0.438,0.754,11,107000.0,429,0
THIN-002378,36,Shopkeeper,453,69600.0,4580.0,0.362,0.634,0.757,34,78000.0,538,1
THIN-002379,27,Vendor,685,194300.0,15260.0,0.203,0.879,0.763,39,21000.0,640,1
THIN-002380,26,Vendor,535,89700.0,1630.0,0.142,0.733,0.357,27,75000.0,571,1
THIN-002381,25,Vendor,438,34300.0,200.0,0.385,0.836,0.845,22,295000.0,507,1
THIN-002382,42,Vendor,621,124400.0,5870.0,0.128,0.697,0.753,59,165000.0,643,1
THIN-002383,46,Vendor,424,148900.0,7440.0,0.184,0.72,0.428,13,137000.0,536,1
THIN-002384,54,Shopkeeper,497,68900.0,21900.0,0.055,0.667,0.465,43,312000.0,656,1
THIN-002385,23,Shopkeeper,18,140900.0,1980.0,0.22,0.886,0.594,46,48000.0,546,1
THIN-002386,57,Freelancer,360,46100.0,2670.0,0.291,0.615,0.606,13,72000.0,476,1
THIN-002387,23,Gig Worker,739,79700.0,200.0,0.343,0.69,0.623,47,70000.0,526,1
THIN-002388,22,Vendor,529,33000.0,10880.0,0.101,0.929,0.53,58,52000.0,652,1
THIN-002389,38,Freelancer,82,55600.0,13820.0,0.496,0.826,0.513,40,101000.0,470,1
THIN-002390,20,Shopkeeper,182,5000.0,1330.0,0.197,0.482,0.477,24,61000.0,456,0
THIN-002391,19,Freelancer,170,19600.0,6620.0,0.207,0.886,0.486,58,81000.0,550,1
THIN-002392,46,Gig Worker,787,55800.0,200.0,0.117,0.837,0.596,7,111000.0,550,1
THIN-002393,28,Vendor,493,85900.0,12570.0,0.055,0.706,0.827,30,41000.0,678,1
THIN-002394,29,Shopkeeper,572,92900.0,200.0,0.477,0.973,0.763,44,88000.0,542,1
THIN-002395,20,Vendor,632,122800.0,19050.0,0.186,0.845,0.647,41,131000.0,629,1
THIN-002396,32,Vendor,356,68700.0,7350.0,0.512,0.641,0.544,6,32000.0,415,0
THIN-002397,29,Freelancer,64,104000.0,710.0,0.378,0.591,0.639,8,183000.0,397,1
THIN-002398,44,Vendor,321,5000.0,14420.0,0.042,0.881,0.832,39,368000.0,678,1
THIN-002399,19,Vendor,751,107900.0,18640.0,0.157,0.7,0.78,56,27000.0,636,1
THIN-002400,53,Shopkeeper,523,37600.0,200.0,0.338,0.593,0.711,50,72000.0,516,1
THIN-002401,38,Vendor,16,74600.0,200.0,0.299,0.748,0.853,7,89000.0,435,1
THIN-002402,30,Shopkeeper,520,196700.0,200.0,0.201,0.731,0.607,20,240000.0,546,1
THIN-002403,45,Vendor,274,43600.0,28000.0,0.479,0.726,0.817,46,173000.0,519,1
THIN-002404,34,Shopkeeper,772,124200.0,15990.0,0.059,0.549,0.549,34,274000.0,648,1
THIN-002405,33,Vendor,227,106200.0,5200.0,0.089,0.615,0.309,7,5000.0,514,1
THIN-002406,33,Vendor,718,123900.0,11150.0,0.049,0.923,0.765,34,59000.0,713,1
THIN-002407,56,Freelancer,664,5000.0,7590.0,0.055,0.65,0.668,49,133000.0,638,1
THIN-002408,24,Gig Worker,612,56300.0,7890.0,0.137,0.767,0.846,50,13000.0,648,1
THIN-002409,42,Gig Worker,177,10600.0,5700.0,0.539,0.705,0.601,32,50000.0,439,1
THIN-002410,44,Vendor,771,99300.0,18570.0,0.242,0.594,0.509,54,5000.0,564,1
THIN-002411,35,Vendor,63,123600.0,200.0,0.335,0.861,0.733,44,109000.0,511,1
THIN-002412,36,Vendor,147,36900.0,14030.0,0.18,0.9,0.83,32,65000.0,591,1
THIN-002413,52,Gig Worker,142,126700.0,200.0,0.092,0.908,0.836,39,138000.0,636,1
THIN-002414,23,Shopkeeper,189,138200.0,5830.0,0.115,0.87,0.476,36,17000.0,613,1
THIN-002415,31,Gig Worker,479,105800.0,12860.0,0.113,0.743,0.733,46,157000.0,657,1
THIN-002416,31,Freelancer,485,26700.0,970.0,0.087,0.757,0.575,3,162000.0,546,1
THIN-002417,55,Gig Worker,545,111600.0,14580.0,0.064,0.921,0.761,34,30000.0,703,1
THIN-002418,29,Vendor,87,81700.0,200.0,0.181,0.79,0.432,16,174000.0,479,1
THIN-002419,43,Vendor,360,29800.0,30150.0,0.426,0.601,0.54,29,160000.0,482,1
THIN-002420,33,Shopkeeper,17,80200.0,7430.0,0.216,0.646,0.785,48,5000.0,540,1
THIN-002421,49,Gig Worker,664,97100.0,840.0,0.226,0.883,0.91,8,271000.0,551,1
THIN-002422,23,Freelancer,670,38200.0,6590.0,0.136,0.968,0.601,34,5000.0,638,1
THIN-002423,54,Vendor,380,5000.0,3740.0,0.29,0.514,0.764,19,222000.0,475,1
THIN-002424,55,Shopkeeper,208,87600.0,22980.0,0.365,0.594,0.68,14,254000.0,458,0
THIN-002425,50,Shopkeeper,403,17300.0,12760.0,0.19,0.983,0.638,48,37000.0,618,1
THIN-002426,54,Shopkeeper,636,125700.0,1880.0,0.028,0.623,0.768,8,107000.0,620,1
THIN-002427,32,Shopkeeper,456,13900.0,6680.0,0.393,0.755,0.569,31,26000.0,503,1
THIN-002428,41,Shopkeeper,374,33900.0,11940.0,0.229,0.801,0.806,33,131000.0,593,1
THIN-002429,39,Vendor,329,145500.0,19640.0,0.096,0.712,0.891,37,87000.0,672,1
THIN-002430,35,Shopkeeper,641,5000.0,3050.0,0.387,0.822,0.652,10,65000.0,451,1
THIN-002431,37,Vendor,593,142500.0,4350.0,0.109,0.759,0.461,15,234000.0,581,1
THIN-002432,48,Shopkeeper,78,136500.0,2890.0,0.137,0.777,0.86,9,47000.0,538,1
THIN-002433,31,Vendor,571,59900.0,33780.0,0.175,0.769,0.657,58,5000.0,622,1
THIN-002434,32,Gig Worker,21,40800.0,2860.0,0.126,0.771,0.56,51,19000.0,562,1
THIN-002435,59,Shopkeeper,774,77700.0,15600.0,0.203,0.901,0.445,11,98000.0,541,1
THIN-002436,30,Freelancer,421,113300.0,17850.0,0.324,0.706,0.715,48,5000.0,570,1
THIN-002437,48,Vendor,723,8400.0,3830.0,0.198,0.7,0.824,19,144000.0,543,1
THIN-002438,32,Vendor,296,63100.0,11830.0,0.459,0.691,0.659,38,121000.0,508,1
THIN-002439,33,Shopkeeper,466,166100.0,3320.0,0.18,0.56,0.644,18,74000.0,549,1
THIN-002440,43,Shopkeeper,183,157700.0,4000.0,0.086,0.717,0.936,53,5000.0,653,1
THIN-002441,48,Vendor,476,37400.0,14380.0,0.088,0.965,0.661,58,58000.0,678,1
THIN-002442,30,Vendor,152,157600.0,200.0,0.301,0.686,0.706,32,20000.0,505,1
THIN-002443,29,Shopkeeper,83,153800.0,28620.0,0.581,0.675,0.682,53,318000.0,471,1
THIN-002444,47,Freelancer,767,194400.0,3130.0,0.115,0.887,0.812,30,5000.0,662,1
THIN-002445,19,Gig Worker,798,5000.0,4850.0,0.315,0.845,0.624,43,5000.0,538,1
THIN-002446,44,Shopkeeper,112,220600.0,11420.0,0.329,0.905,0.731,46,285000.0,554,1
THIN-002447,36,Vendor,285,5000.0,20680.0,0.198,0.517,0.787,4,84000.0,468,1
THIN-002448,25,Gig Worker,528,109300.0,16020.0,0.356,0.845,0.738,48,105000.0,578,1
THIN-002449,49,Vendor,469,30100.0,11510.0,0.271,0.399,0.589,38,146000.0,524,1
THIN-002450,59,Vendor,391,25500.0,29530.0,0.201,0.769,0.433,59,156000.0,579,1
THIN-002451,30,Freelancer,768,78400.0,9780.0,0.248,0.842,0.864,53,104000.0,615,1
THIN-002452,45,Vendor,165,38600.0,24010.0,0.179,0.912,0.817,54,214000.0,608,1
THIN-002453,34,Gig Worker,345,89600.0,8880.0,0.48,0.722,0.501,10,86000.0,438,1
THIN-002454,44,Shopkeeper,279,31700.0,7800.0,0.085,0.916,0.644,6,197000.0,574,1
THIN-002455,46,Shopkeeper,357,20900.0,8170.0,0.102,0.773,0.392,48,165000.0,608,1
THIN-002456,45,Vendor,541,154700.0,11920.0,0.493,0.838,0.796,18,218000.0,510,1
THIN-002457,19,Shopkeeper,92,5000.0,2610.0,0.269,0.705,0.744,7,190000.0,426,1
THIN-002458,31,Vendor,634,61600.0,200.0,0.137,0.864,0.745,37,257000.0,630,1
THIN-002459,42,Freelancer,187,175200.0,2680.0,0.045,0.512,0.86,58,98000.0,648,1
THIN-002460,37,Vendor,598,58800.0,19690.0,0.283,0.846,0.936,16,105000.0,561,1
THIN-002461,42,Vendor,145,79900.0,9650.0,0.519,0.966,0.761,48,5000.0,515,1
THIN-002462,19,Gig Worker,632,101100.0,13180.0,0.339,0.89,0.588,53,54000.0,572,1
THIN-002463,34,Shopkeeper,539,54600.0,22050.0,0.298,0.672,0.492,16,5000.0,497,1
THIN-002464,50,Vendor,729,118200.0,7850.0,0.113,0.599,0.506,52,121000.0,619,1
THIN-002465,19,Shopkeeper,374,61200.0,20980.0,0.401,0.542,0.906,37,77000.0,540,1
THIN-002466,42,Vendor,602,20000.0,17170.0,0.132,0.783,0.896,4,99000.0,569,1
THIN-002467,54,Gig Worker,416,72300.0,12520.0,0.403,0.699,0.66,7,24000.0,465,0
THIN-002468,23,Shopkeeper,334,113300.0,200.0,0.149,0.659,0.739,8,5000.0,528,1
THIN-002469,55,Vendor,141,138500.0,11200.0,0.289,0.688,0.892,44,128000.0,555,1
THIN-002470,40,Freelancer,468,41900.0,10240.0,0.147,0.54,0.398,40,5000.0,575,1
THIN-002471,27,Shopkeeper,174,197100.0,10820.0,0.149,0.838,0.953,59,159000.0,641,1
THIN-002472,42,Gig Worker,601,62200.0,8150.0,0.359,0.71,0.792,32,127000.0,547,1
THIN-002473,31,Freelancer,268,88400.0,1130.0,0.129,0.583,0.544,49,121000.0,578,1
THIN-002474,59,Gig Worker,573,24000.0,12590.0,0.44,0.924,0.616,23,149000.0,506,1
THIN-002475,42,Freelancer,254,80100.0,21310.0,0.102,0.754,0.587,50,160000.0,629,1
THIN-002476,23,Shopkeeper,600,95000.0,1410.0,0.106,0.644,0.908,32,98000.0,642,1
THIN-002477,44,Vendor,68,5000.0,13000.0,0.193,0.87,0.8,41,182000.0,555,1
THIN-002478,51,Freelancer,700,105900.0,17790.0,0.081,0.714,0.838,49,48000.0,683,1
THIN-002479,22,Freelancer,514,176700.0,2360.0,0.365,0.499,0.69,38,186000.0,528,1
THIN-002480,23,Shopkeeper,114,147400.0,200.0,0.648,0.528,0.577,46,237000.0,414,0
THIN-002481,22,Gig Worker,710,38700.0,29980.0,0.226,0.618,0.564,14,108000.0,515,1
THIN-002482,23,Freelancer,722,72800.0,200.0,0.112,0.569,0.55,19,215000.0,552,1
THIN-002483,28,Shopkeeper,613,65100.0,1120.0,0.236,0.524,0.501,41,97000.0,538,1
THIN-002484,31,Freelancer,114,55400.0,16100.0,0.22,0.871,0.615,14,88000.0,507,1
THIN-002485,53,Freelancer,124,106800.0,9580.0,0.438,0.698,0.606,36,221000.0,486,1
THIN-002486,51,Gig Worker,190,93500.0,13330.0,0.072,0.759,0.835,38,155000.0,658,1
THIN-002487,27,Shopkeeper,246,5000.0,6890.0,0.086,0.721,0.489,57,116000.0,587,1
THIN-002488,50,Vendor,455,88700.0,25730.0,0.515,0.66,0.291,46,5000.0,485,1
THIN-002489,28,Freelancer,212,9800.0,8980.0,0.325,0.747,0.805,16,8000.0,473,1
THIN-002490,47,Freelancer,116,91300.0,11580.0,0.209,0.517,0.652,34,135000.0,530,1
THIN-002491,31,Shopkeeper,796,120400.0,9510.0,0.093,0.95,0.468,50,67000.0,666,1
THIN-002492,20,Gig Worker,756,68000.0,14470.0,0.074,0.956,0.436,12,191000.0,611,1
THIN-002493,48,Gig Worker,238,157500.0,12170.0,0.174,0.962,0.838,50,132000.0,640,1
THIN-002494,58,Shopkeeper,529,95700.0,3750.0,0.067,0.887,0.74,55,158000.0,692,1
THIN-002495,21,Shopkeeper,748,154900.0,200.0,0.117,0.644,0.72,57,220000.0,624,1
THIN-002496,44,Freelancer,622,30500.0,11690.0,0.148,0.849,0.437,52,199000.0,610,1
THIN-002497,57,Gig Worker,670,88300.0,14240.0,0.228,0.759,0.396,42,131000.0,575,1
THIN-002498,42,Gig Worker,201,18800.0,15740.0,0.382,0.872,0.425,23,5000.0,464,1
THIN-002499,57,Shopkeeper,18,80000.0,3290.0,0.272,0.592,0.69,54,38000.0,501,1
THIN-002500,43,Gig Worker,482,83300.0,14240.0,0.192,0.815,0.761,6,123000.0,552,1
THIN-002501,39,Vendor,118,11900.0,7060.0,0.315,0.499,0.914,59,99000.0,495,1
THIN-002502,50,Vendor,301,162100.0,1580.0,0.541,0.842,0.911,45,84000.0,533,1
THIN-002503,58,Freelancer,20,108700.0,200.0,0.201,0.807,0.906,30,252000.0,543,1
THIN-002504,44,Shopkeeper,637,145500.0,16640.0,0.35,0.833,0.356,6,136000.0,472,1
THIN-002505,30,Shopkeeper,137,51000.0,8980.0,0.291,0.604,0.276,52,61000.0,477,1
THIN-002506,59,Gig Worker,672,5000.0,18370.0,0.304,0.966,0.848,51,32000.0,582,1
THIN-002507,28,Gig Worker,378,164100.0,8140.0,0.485,0.887,0.846,16,134000.0,512,1
THIN-002508,31,Shopkeeper,578,45200.0,13930.0,0.15,0.393,0.49,45,64000.0,569,1
THIN-002509,56,Vendor,133,197100.0,7340.0,0.462,0.681,0.848,22,167000.0,473,1
THIN-002510,35,Gig Worker,128,86300.0,200.0,0.366,0.827,0.605,8,108000.0,424,1
THIN-002511,23,Shopkeeper,679,31000.0,15280.0,0.119,0.691,0.661,37,138000.0,629,1
THIN-002512,47,Freelancer,447,89200.0,10560.0,0.149,0.73,0.729,56,5000.0,634,1
THIN-002513,23,Freelancer,733,91500.0,200.0,0.571,0.8,0.498,13,5000.0,427,0
THIN-002514,56,Freelancer,266,118900.0,8510.0,0.174,0.705,0.935,32,166000.0,610,1
THIN-002515,47,Vendor,30,73500.0,18770.0,0.179,0.748,0.725,27,215000.0,545,1
THIN-002516,58,Shopkeeper,371,45400.0,10860.0,0.195,0.893,0.652,40,5000.0,612,1
THIN-002517,38,Vendor,114,44600.0,13620.0,0.092,0.89,0.586,4,115000.0,539,1
THIN-002518,42,Vendor,776,137000.0,200.0,0.389,0.438,0.452,51,5000.0,477,1
THIN-002519,53,Vendor,395,5000.0,2560.0,0.272,0.743,0.878,20,93000.0,519,1
THIN-002520,52,Gig Worker,354,61800.0,7320.0,0.139,0.648,0.381,44,27000.0,585,1
THIN-002521,53,Shopkeeper,576,138500.0,640.0,0.08,0.911,0.604,38,5000.0,668,1
THIN-002522,50,Freelancer,432,81100.0,1050.0,0.179,0.424,0.75,6,52000.0,499,1
THIN-002523,21,Shopkeeper,196,120800.0,200.0,0.371,0.861,0.593,43,186000.0,509,1
THIN-002524,25,Vendor,269,90700.0,200.0,0.228,0.934,0.714,32,51000.0,570,1
THIN-002525,44,Freelancer,641,106500.0,4920.0,0.396,0.735,0.877,57,167000.0,562,1
THIN-002526,27,Gig Worker,758,41000.0,5000.0,0.051,0.869,0.694,14,173000.0,633,1
THIN-002527,39,Freelancer,696,139300.0,17380.0,0.038,0.955,0.781,20,114000.0,694,1
THIN-002528,43,Shopkeeper,118,59100.0,9540.0,0.386,0.871,0.667,38,167000.0,515,1
THIN-002529,51,Vendor,341,5000.0,11250.0,0.185,0.917,0.383,3,101000.0,484,0
THIN-002530,49,Vendor,573,74200.0,17790.0,0.208,0.868,0.706,17,216000.0,574,1
THIN-002531,22,Gig Worker,424,189400.0,20400.0,0.123,0.715,0.471,46,311000.0,634,1
THIN-002532,40,Vendor,567,5000.0,1200.0,0.074,0.649,0.725,32,146000.0,611,1
THIN-002533,47,Vendor,91,88100.0,5060.0,0.592,0.329,0.723,24,126000.0,391,0
THIN-002534,31,Freelancer,151,57100.0,10730.0,0.205,0.865,0.689,10,5000.0,513,1
THIN-002535,21,Gig Worker,57,83900.0,16880.0,0.363,0.684,0.615,12,123000.0,433,1
THIN-002536,49,Vendor,499,59400.0,6780.0,0.166,0.639,0.665,42,108000.0,603,1
THIN-002537,54,Vendor,760,132500.0,6920.0,0.308,0.797,0.747,39,175000.0,584,1
THIN-002538,51,Shopkeeper,455,15600.0,200.0,0.252,0.878,0.673,20,239000.0,521,1
THIN-002539,24,Freelancer,144,117300.0,200.0,0.209,0.931,0.615,28,5000.0,542,1
THIN-002540,45,Shopkeeper,763,107100.0,200.0,0.096,0.828,0.661,52,119000.0,646,1
THIN-002541,22,Vendor,81,89500.0,15620.0,0.198,0.74,0.57,5,147000.0,476,1
THIN-002542,56,Shopkeeper,62,66900.0,8810.0,0.192,0.94,0.821,58,5000.0,591,1
THIN-002543,24,Gig Worker,345,210200.0,200.0,0.071,0.694,0.629,28,191000.0,622,1
THIN-002544,48,Gig Worker,108,89100.0,25640.0,0.553,0.939,0.547,29,231000.0,472,1
THIN-002545,33,Shopkeeper,264,62300.0,15140.0,0.336,0.758,0.498,55,34000.0,525,1
THIN-002546,41,Vendor,521,91400.0,200.0,0.326,0.872,0.983,41,48000.0,585,1
THIN-002547,45,Gig Worker,715,103800.0,17320.0,0.487,0.834,0.674,45,111000.0,543,1
THIN-002548,54,Vendor,457,91600.0,7000.0,0.372,0.88,0.256,56,175000.0,528,1
THIN-002549,34,Vendor,54,12300.0,3200.0,0.232,0.849,0.212,28,197000.0,464,1
THIN-002550,27,Gig Worker,643,225000.0,200.0,0.049,0.807,0.563,17,234000.0,624,1
THIN-002551,19,Gig Worker,123,131100.0,12310.0,0.111,0.965,0.559,7,195000.0,555,1
THIN-002552,22,Shopkeeper,441,96300.0,200.0,0.412,0.892,0.873,50,104000.0,556,1
THIN-002553,44,Vendor,254,55100.0,12190.0,0.101,0.637,0.953,34,201000.0,637,1
THIN-002554,24,Shopkeeper,714,90700.0,12290.0,0.435,0.69,0.532,8,40000.0,450,1
THIN-002555,34,Gig Worker,794,54600.0,8160.0,0.382,0.769,0.61,19,5000.0,498,1
THIN-002556,44,Freelancer,360,103200.0,7700.0,0.136,0.832,0.678,43,268000.0,641,1
THIN-002557,33,Vendor,303,215700.0,4060.0,0.35,0.968,0.614,59,99000.0,567,1
THIN-002558,24,Freelancer,73,21700.0,19790.0,0.355,0.942,0.873,16,5000.0,485,1
THIN-002559,55,Gig Worker,37,69600.0,9440.0,0.149,0.887,0.741,20,132000.0,554,1
THIN-002560,19,Vendor,204,74600.0,11600.0,0.278,0.52,0.716,27,131000.0,505,1
THIN-002561,28,Gig Worker,616,5000.0,9770.0,0.138,0.556,0.792,55,30000.0,593,1
THIN-002562,34,Vendor,418,116300.0,12480.0,0.309,0.933,0.911,4,41000.0,535,1
THIN-002563,57,Gig Worker,239,180700.0,15410.0,0.248,0.848,0.726,55,67000.0,591,1
THIN-002564,27,Vendor,251,89000.0,15430.0,0.125,0.723,0.629,54,226000.0,616,1
THIN-002565,35,Shopkeeper,305,140000.0,9810.0,0.28,0.933,0.85,40,130000.0,605,1
THIN-002566,56,Vendor,191,80600.0,200.0,0.252,0.729,0.655,9,5000.0,462,1
THIN-002567,36,Shopkeeper,63,129000.0,8250.0,0.189,0.791,0.679,42,146000.0,570,1
THIN-002568,59,Vendor,620,120900.0,2010.0,0.223,0.729,0.846,53,74000.0,606,1
THIN-002569,53,Vendor,141,51800.0,10510.0,0.206,0.776,0.876,39,114000.0,582,1
THIN-002570,24,Freelancer,457,153800.0,690.0,0.092,0.846,0.616,13,237000.0,600,1
THIN-002571,19,Vendor,31,84400.0,19720.0,0.233,0.961,0.74,36,283000.0,572,1
THIN-002572,59,Shopkeeper,264,42100.0,24750.0,0.153,0.668,0.705,30,132000.0,584,1
THIN-002573,48,Vendor,354,19200.0,4980.0,0.097,0.751,0.342,51,151000.0,600,1
THIN-002574,28,Freelancer,208,77500.0,7010.0,0.129,0.559,0.579,40,62000.0,579,1
THIN-002575,45,Freelancer,295,26700.0,3750.0,0.072,0.677,0.543,51,333000.0,618,1
THIN-002576,44,Vendor,733,151500.0,800.0,0.187,0.779,0.797,15,165000.0,567,1
THIN-002577,48,Shopkeeper,308,56400.0,200.0,0.131,0.903,0.666,44,110000.0,615,1
THIN-002578,33,Freelancer,376,44500.0,3150.0,0.407,0.967,0.376,55,6000.0,524,1
THIN-002579,26,Gig Worker,634,153900.0,6830.0,0.193,0.982,0.73,40,183000.0,645,1
THIN-002580,22,Shopkeeper,348,59500.0,15670.0,0.279,0.716,0.687,46,105000.0,567,1
THIN-002581,41,Vendor,734,134600.0,13520.0,0.24,0.567,0.434,44,5000.0,557,1
THIN-002582,35,Freelancer,550,85100.0,6430.0,0.045,0.768,0.688,13,75000.0,632,1
THIN-002583,30,Gig Worker,750,32400.0,200.0,0.107,0.708,0.728,6,131000.0,544,1
THIN-002584,24,Vendor,685,116900.0,30730.0,0.197,0.651,0.615,16,46000.0,552,1
THIN-002585,32,Vendor,219,106200.0,11870.0,0.158,0.9,0.625,17,156000.0,567,1
THIN-002586,19,Vendor,623,142000.0,2440.0,0.517,0.76,0.44,46,199000.0,501,1
THIN-002587,39,Shopkeeper,315,132100.0,7030.0,0.182,0.769,0.716,24,51000.0,581,1
THIN-002588,23,Gig Worker,225,190200.0,4130.0,0.325,0.843,0.443,58,188000.0,532,1
THIN-002589,30,Gig Worker,456,77800.0,4850.0,0.054,0.741,0.587,6,154000.0,594,1
THIN-002590,38,Shopkeeper,202,130800.0,24420.0,0.384,0.886,0.488,30,62000.0,512,1
THIN-002591,54,Gig Worker,594,172100.0,4350.0,0.096,0.589,0.899,21,286000.0,626,1
THIN-002592,58,Vendor,180,115100.0,8070.0,0.109,0.819,0.846,46,145000.0,643,1
THIN-002593,32,Vendor,199,5000.0,14850.0,0.402,0.804,0.707,51,133000.0,495,1
THIN-002594,19,Vendor,54,122000.0,1320.0,0.155,0.704,0.798,7,250000.0,502,1
THIN-002595,41,Gig Worker,262,151900.0,12630.0,0.148,0.662,0.917,23,186000.0,597,1
THIN-002596,38,Vendor,584,5000.0,18380.0,0.215,0.496,0.759,42,245000.0,553,1
THIN-002597,38,Vendor,491,192200.0,200.0,0.129,0.421,0.799,26,169000.0,578,1
THIN-002598,41,Shopkeeper,386,84600.0,27550.0,0.196,0.819,0.789,41,91000.0,630,1
THIN-002599,29,Shopkeeper,472,206600.0,5030.0,0.388,0.733,0.73,51,42000.0,558,1
THIN-002600,42,Vendor,606,93400.0,1270.0,0.127,0.676,0.699,7,75000.0,552,1
THIN-002601,38,Shopkeeper,589,35900.0,11150.0,0.363,0.651,0.8,31,87000.0,533,1
THIN-002602,36,Shopkeeper,708,106500.0,24900.0,0.161,0.913,0.786,26,208000.0,635,1
THIN-002603,48,Gig Worker,267,78300.0,4370.0,0.203,0.711,0.497,47,305000.0,560,1
THIN-002604,46,Vendor,495,5000.0,4670.0,0.394,0.761,0.468,22,169000.0,459,0
THIN-002605,35,Shopkeeper,253,101800.0,2100.0,0.025,0.754,0.667,58,75000.0,673,1
THIN-002606,27,Shopkeeper,691,84400.0,14970.0,0.38,0.51,0.785,10,185000.0,471,0
THIN-002607,50,Freelancer,141,14700.0,10660.0,0.152,0.749,0.492,44,103000.0,554,1
THIN-002608,36,Gig Worker,38,10100.0,3480.0,0.192,0.856,0.609,11,122000.0,470,1
THIN-002609,52,Freelancer,488,11900.0,9110.0,0.45,0.698,0.55,41,5000.0,496,1
THIN-002610,46,Shopkeeper,238,36700.0,8550.0,0.493,0.833,0.578,34,218000.0,488,1
THIN-002611,59,Vendor,200,85900.0,6070.0,0.083,0.908,0.698,18,83000.0,607,1
THIN-002612,43,Vendor,353,104800.0,28650.0,0.276,0.898,0.458,40,235000.0,577,1
THIN-002613,48,Vendor,26,109900.0,17010.0,0.564,0.842,0.772,56,147000.0,485,1
THIN-002614,46,Shopkeeper,434,7800.0,27930.0,0.109,0.908,0.757,31,216000.0,642,1
THIN-002615,50,Shopkeeper,667,197900.0,7720.0,0.397,0.798,0.644,33,68000.0,549,1
THIN-002616,44,Freelancer,328,24400.0,10500.0,0.063,0.791,0.434,30,94000.0,621,1
THIN-002617,26,Gig Worker,55,11700.0,7950.0,0.066,0.815,0.694,38,165000.0,609,1
THIN-002618,49,Vendor,721,37200.0,200.0,0.151,0.691,0.88,41,58000.0,610,1
THIN-002619,58,Gig Worker,205,35400.0,590.0,0.355,0.526,0.897,43,182000.0,497,1
THIN-002620,45,Shopkeeper,734,144000.0,20640.0,0.052,0.466,0.475,42,240000.0,645,1
THIN-002621,38,Vendor,455,106100.0,16090.0,0.136,0.929,0.808,27,5000.0,651,1
THIN-002622,46,Vendor,540,62800.0,7970.0,0.417,0.812,0.632,44,27000.0,540,1
THIN-002623,22,Vendor,736,24100.0,21930.0,0.117,0.815,0.882,3,184000.0,580,1
THIN-002624,42,Vendor,373,157500.0,14750.0,0.155,0.6,0.224,41,166000.0,575,1
THIN-002625,41,Gig Worker,617,89900.0,200.0,0.198,0.732,0.442,12,152000.0,504,1
THIN-002626,20,Shopkeeper,258,16900.0,8050.0,0.194,0.758,0.709,32,108000.0,564,1
THIN-002627,49,Gig Worker,521,90900.0,10290.0,0.048,0.88,0.548,54,7000.0,691,1
THIN-002628,23,Freelancer,758,116200.0,200.0,0.549,0.925,0.454,52,178000.0,500,1
THIN-002629,23,Gig Worker,129,80300.0,18620.0,0.437,0.613,0.716,29,313000.0,471,1
THIN-002630,36,Gig Worker,392,57200.0,23590.0,0.494,0.988,0.593,18,7000.0,500,0
THIN-002631,38,Gig Worker,27,106600.0,20030.0,0.1,0.885,0.778,59,5000.0,630,1
THIN-002632,33,Freelancer,491,188200.0,10230.0,0.043,0.762,0.871,53,207000.0,718,1
THIN-002633,58,Gig Worker,80,55800.0,13060.0,0.073,0.821,0.289,20,253000.0,553,1
THIN-002634,52,Shopkeeper,778,124200.0,10450.0,0.164,0.765,0.744,29,182000.0,618,1
THIN-002635,37,Shopkeeper,481,31000.0,4100.0,0.288,0.899,0.525,21,91000.0,525,1
THIN-002636,25,Vendor,386,142900.0,15930.0,0.238,0.815,0.35,13,127000.0,519,1
THIN-002637,21,Freelancer,83,33200.0,370.0,0.178,0.593,0.737,27,5000.0,506,1
THIN-002638,33,Vendor,563,104400.0,16550.0,0.163,0.915,0.308,36,212000.0,614,1
THIN-002639,58,Shopkeeper,36,96300.0,7860.0,0.262,0.587,0.711,21,101000.0,478,1
THIN-002640,44,Freelancer,678,19700.0,9350.0,0.146,0.469,0.857,44,161000.0,600,1
THIN-002641,22,Shopkeeper,140,83600.0,5780.0,0.022,0.541,0.894,58,298000.0,659,1
THIN-002642,27,Vendor,446,34000.0,7940.0,0.255,0.884,0.746,54,5000.0,596,1
THIN-002643,22,Gig Worker,228,24500.0,14280.0,0.274,0.718,0.618,27,53000.0,511,1
THIN-002644,59,Shopkeeper,767,39100.0,14520.0,0.22,0.706,0.908,27,128000.0,587,1
THIN-002645,58,Shopkeeper,564,134600.0,11220.0,0.147,0.775,0.397,20,203000.0,575,1
THIN-002646,31,Shopkeeper,123,86400.0,22830.0,0.468,0.768,0.784,37,253000.0,507,1
THIN-002647,49,Gig Worker,367,72000.0,7010.0,0.275,0.773,0.93,34,30000.0,592,1
THIN-002648,35,Gig Worker,283,123000.0,15310.0,0.229,0.722,0.655,8,267000.0,510,1
THIN-002649,46,Vendor,379,96400.0,200.0,0.175,0.689,0.566,32,54000.0,568,1
THIN-002650,22,Vendor,752,90900.0,8280.0,0.37,0.844,0.813,51,213000.0,575,1
THIN-002651,32,Shopkeeper,538,5000.0,200.0,0.223,0.324,0.735,56,65000.0,504,1
THIN-002652,36,Shopkeeper,173,112600.0,8800.0,0.444,0.813,0.411,58,153000.0,488,1
THIN-002653,43,Shopkeeper,396,172500.0,2060.0,0.225,0.614,0.684,44,184000.0,582,1
THIN-002654,54,Shopkeeper,289,109600.0,200.0,0.268,0.733,0.704,59,5000.0,548,1
THIN-002655,59,Vendor,698,173700.0,5090.0,0.093,0.659,0.493,21,42000.0,600,1
THIN-002656,39,Gig Worker,437,5000.0,17210.0,0.123,0.566,0.796,41,184000.0,605,1
THIN-002657,54,Shopkeeper,361,53900.0,22750.0,0.047,0.798,0.808,13,112000.0,641,1
THIN-002658,42,Vendor,486,24700.0,6320.0,0.148,0.696,0.84,9,145000.0,556,1
THIN-002659,19,Vendor,698,129100.0,13690.0,0.335,0.726,0.647,42,186000.0,563,1
THIN-002660,54,Shopkeeper,468,26100.0,16110.0,0.261,0.828,0.382,24,329000.0,526,1
THIN-002661,56,Vendor,227,77700.0,2950.0,0.349,0.952,0.601,37,118000.0,540,1
THIN-002662,52,Shopkeeper,35,116700.0,14880.0,0.517,0.741,0.454,38,57000.0,453,1
THIN-002663,34,Gig Worker,769,162800.0,7240.0,0.154,0.436,0.9,18,196000.0,574,1
THIN-002664,55,Freelancer,740,74500.0,23400.0,0.278,0.695,0.528,39,183000.0,563,1
THIN-002665,41,Shopkeeper,623,43100.0,11670.0,0.155,0.86,0.717,41,139000.0,636,1
THIN-002666,56,Vendor,230,131700.0,200.0,0.247,0.848,0.767,5,190000.0,489,1
THIN-002667,26,Gig Worker,24,94500.0,9740.0,0.209,0.619,0.686,51,107000.0,535,1
THIN-002668,51,Shopkeeper,784,84400.0,14790.0,0.221,0.828,0.462,36,82000.0,591,1
THIN-002669,56,Freelancer,175,122200.0,200.0,0.118,0.776,0.805,39,5000.0,609,1
THIN-002670,42,Gig Worker,596,50700.0,25480.0,0.281,0.682,0.825,30,272000.0,568,1
THIN-002671,22,Freelancer,256,8400.0,4790.0,0.123,0.615,0.863,19,109000.0,551,1
THIN-002672,42,Freelancer,728,133400.0,990.0,0.23,0.851,0.686,50,96000.0,600,1
THIN-002673,51,Gig Worker,752,5000.0,200.0,0.341,0.907,0.615,31,288000.0,506,1
THIN-002674,57,Shopkeeper,455,156200.0,2960.0,0.246,0.574,0.679,27,165000.0,548,1
THIN-002675,33,Gig Worker,156,152400.0,200.0,0.318,0.698,0.638,33,101000.0,498,1
THIN-002676,53,Vendor,101,103600.0,3110.0,0.277,0.924,0.788,34,5000.0,554,1
THIN-002677,26,Gig Worker,279,40300.0,200.0,0.178,0.736,0.527,57,107000.0,554,1
THIN-002678,21,Freelancer,367,105900.0,11400.0,0.189,0.884,0.691,7,255000.0,554,1
THIN-002679,48,Freelancer,656,80800.0,2310.0,0.307,0.944,0.882,5,133000.0,524,1
THIN-002680,53,Freelancer,46,96400.0,3420.0,0.29,0.751,0.731,13,292000.0,465,1
THIN-002681,33,Shopkeeper,132,5000.0,3850.0,0.157,0.906,0.916,42,110000.0,588,1
THIN-002682,32,Shopkeeper,484,95400.0,6920.0,0.137,0.964,0.891,3,150000.0,596,1
THIN-002683,53,Freelancer,503,12800.0,8980.0,0.081,0.753,0.752,8,5000.0,582,1
THIN-002684,28,Freelancer,71,37000.0,7890.0,0.208,0.875,0.798,38,181000.0,569,1
THIN-002685,25,Shopkeeper,234,84900.0,13440.0,0.279,0.399,0.786,23,106000.0,494,1
THIN-002686,29,Vendor,347,80200.0,6650.0,0.777,0.933,0.899,47,118000.0,524,0
THIN-002687,22,Freelancer,603,5000.0,200.0,0.151,0.964,0.681,31,69000.0,588,1
THIN-002688,46,Vendor,362,56400.0,6490.0,0.049,0.684,0.738,40,328000.0,672,1
THIN-002689,34,Freelancer,96,92800.0,9520.0,0.247,0.831,0.741,58,5000.0,559,1
THIN-002690,56,Gig Worker,23,104300.0,200.0,0.289,0.894,0.7,28,81000.0,498,1
THIN-002691,44,Gig Worker,66,5000.0,11180.0,0.466,0.763,0.786,24,126000.0,433,0
THIN-002692,37,Shopkeeper,108,65800.0,980.0,0.229,0.906,0.823,27,179000.0,545,1
THIN-002693,41,Shopkeeper,747,116600.0,200.0,0.633,0.524,0.523,28,197000.0,431,0
THIN-002694,25,Vendor,636,159900.0,7990.0,0.338,0.79,0.43,31,183000.0,537,1
THIN-002695,35,Freelancer,116,95100.0,16950.0,0.333,0.757,0.254,59,57000.0,487,1
THIN-002696,52,Vendor,552,94000.0,18810.0,0.311,0.925,0.892,26,5000.0,587,1
THIN-002697,44,Shopkeeper,284,86100.0,2860.0,0.098,0.592,0.764,39,79000.0,623,1
THIN-002698,34,Gig Worker,271,59700.0,8600.0,0.095,0.727,0.756,15,130000.0,586,1
THIN-002699,50,Shopkeeper,98,5000.0,200.0,0.039,0.601,0.604,17,18000.0,524,1
THIN-002700,37,Shopkeeper,114,115000.0,10130.0,0.3,0.805,0.534,20,154000.0,486,1
THIN-002701,37,Vendor,693,5000.0,9830.0,0.252,0.842,0.777,33,118000.0,568,1
THIN-002702,30,Vendor,114,136400.0,8570.0,0.279,0.64,0.869,23,207000.0,513,1
THIN-002703,58,Gig Worker,215,83400.0,7480.0,0.121,0.449,0.585,47,106000.0,573,1
THIN-002704,52,Vendor,55,161200.0,4580.0,0.22,0.913,0.664,35,179000.0,565,1
THIN-002705,59,Vendor,402,101700.0,20070.0,0.284,0.877,0.813,47,160000.0,609,1
THIN-002706,35,Vendor,519,78000.0,1300.0,0.322,0.84,0.818,29,82000.0,558,1
THIN-002707,19,Vendor,630,5000.0,2310.0,0.076,0.799,0.9,42,300000.0,655,1
THIN-002708,58,Shopkeeper,50,167300.0,6250.0,0.117,0.727,0.809,37,169000.0,608,1
THIN-002709,42,Gig Worker,208,72000.0,10470.0,0.176,0.841,0.552,11,36000.0,524,1
THIN-002710,50,Gig Worker,471,5000.0,9780.0,0.207,0.957,0.985,39,92000.0,624,1
THIN-002711,34,Freelancer,597,22900.0,12110.0,0.226,0.815,0.812,32,138000.0,593,1
THIN-002712,56,Shopkeeper,151,126800.0,17240.0,0.171,0.72,0.803,34,214000.0,593,1
THIN-002713,37,Vendor,736,92300.0,2430.0,0.152,0.837,0.546,43,207000.0,620,1
THIN-002714,53,Shopkeeper,439,66000.0,200.0,0.274,0.734,0.873,22,219000.0,537,1
THIN-002715,38,Shopkeeper,676,121000.0,7840.0,0.175,0.953,0.836,37,203000.0,658,1
THIN-002716,22,Vendor,795,71600.0,10050.0,0.282,0.911,0.783,18,134000.0,558,1
THIN-002717,36,Shopkeeper,312,65600.0,13510.0,0.246,0.622,0.867,58,112000.0,579,1
THIN-002718,54,Shopkeeper,205,5000.0,4800.0,0.58,0.74,0.499,58,69000.0,432,1
THIN-002719,49,Vendor,489,79800.0,1340.0,0.475,0.811,0.714,25,61000.0,501,1
THIN-002720,28,Vendor,632,95700.0,12210.0,0.445,0.762,0.714,35,36000.0,541,1
THIN-002721,49,Vendor,23,154800.0,2810.0,0.251,0.793,0.867,12,131000.0,493,1
THIN-002722,40,Shopkeeper,390,56300.0,8370.0,0.243,0.794,0.83,6,182000.0,528,1
THIN-002723,31,Freelancer,121,64800.0,4230.0,0.084,0.3,0.953,21,155000.0,553,1
THIN-002724,47,Vendor,510,94900.0,200.0,0.298,0.809,0.605,26,5000.0,527,1
THIN-002725,36,Gig Worker,333,100600.0,19610.0,0.176,0.644,0.34,5,73000.0,494,0
THIN-002726,46,Shopkeeper,243,179800.0,21180.0,0.049,0.871,0.46,38,141000.0,669,1
THIN-002727,45,Freelancer,608,97400.0,16620.0,0.239,0.899,0.72,47,164000.0,617,1
THIN-002728,33,Gig Worker,658,136700.0,2590.0,0.334,0.794,0.83,44,103000.0,579,1
THIN-002729,45,Vendor,451,5000.0,3930.0,0.232,0.509,0.77,16,162000.0,490,0
THIN-002730,44,Gig Worker,515,117600.0,13140.0,0.384,0.792,0.697,29,5000.0,544,1
THIN-002731,40,Freelancer,62,117600.0,3890.0,0.1,0.561,0.812,57,47000.0,595,1
THIN-002732,56,Gig Worker,445,101900.0,15350.0,0.279,0.66,0.822,20,279000.0,546,1
THIN-002733,50,Vendor,402,109700.0,16830.0,0.457,0.797,0.729,3,179000.0,467,1
THIN-002734,39,Gig Worker,332,126200.0,12860.0,0.319,0.846,0.84,29,61000.0,570,1
THIN-002735,40,Shopkeeper,238,192300.0,11700.0,0.068,0.71,0.627,36,109000.0,651,1
THIN-002736,29,Shopkeeper,365,46700.0,5030.0,0.221,0.681,0.587,4,74000.0,488,1
THIN-002737,32,Vendor,675,161400.0,6350.0,0.411,0.644,0.756,4,125000.0,463,1
THIN-002738,52,Gig Worker,31,5000.0,1300.0,0.484,0.776,0.558,44,130000.0,423,1
THIN-002739,55,Gig Worker,738,88400.0,760.0,0.087,0.873,0.769,24,5000.0,641,1
THIN-002740,49,Freelancer,428,26400.0,6910.0,0.345,0.42,0.733,24,8000.0,483,1
THIN-002741,34,Shopkeeper,133,95600.0,10400.0,0.403,0.963,0.843,37,199000.0,545,1
THIN-002742,56,Gig Worker,245,227900.0,18510.0,0.401,0.826,0.701,5,76000.0,470,1
THIN-002743,58,Shopkeeper,651,117400.0,3170.0,0.299,0.834,0.443,50,5000.0,558,1
THIN-002744,51,Gig Worker,141,62500.0,11200.0,0.429,0.554,0.898,59,197000.0,496,1
THIN-002745,22,Vendor,648,177700.0,19430.0,0.081,0.816,0.699,5,213000.0,610,1
THIN-002746,57,Vendor,773,5000.0,6610.0,0.318,0.777,0.636,5,125000.0,455,1
THIN-002747,43,Shopkeeper,122,111300.0,430.0,0.269,0.883,0.691,56,129000.0,542,1
THIN-002748,20,Vendor,492,68500.0,6600.0,0.166,0.908,0.887,37,172000.0,654,1
THIN-002749,34,Gig Worker,648,173000.0,200.0,0.129,0.586,0.331,31,65000.0,565,1
THIN-002750,22,Shopkeeper,52,126000.0,8840.0,0.141,0.434,0.678,4,212000.0,471,1
THIN-002751,44,Shopkeeper,710,108100.0,11840.0,0.188,0.701,0.67,55,240000.0,610,1
THIN-002752,23,Freelancer,651,161800.0,9370.0,0.404,0.74,0.546,42,115000.0,539,1
THIN-002753,54,Shopkeeper,748,70600.0,31590.0,0.2,0.779,0.489,38,177000.0,598,1
THIN-002754,42,Shopkeeper,279,146500.0,14220.0,0.07,0.88,0.596,58,159000.0,670,1
THIN-002755,32,Gig Worker,91,24700.0,17770.0,0.154,0.631,0.65,4,105000.0,476,0
THIN-002756,29,Gig Worker,596,77600.0,3990.0,0.315,0.599,0.468,3,59000.0,444,0
THIN-002757,49,Shopkeeper,565,57200.0,200.0,0.197,0.936,0.76,40,72000.0,611,1
THIN-002758,47,Vendor,352,82500.0,200.0,0.308,0.905,0.408,46,134000.0,533,1
THIN-002759,40,Freelancer,141,173800.0,12690.0,0.06,0.788,0.595,50,211000.0,646,1
THIN-002760,43,Shopkeeper,517,97100.0,16360.0,0.238,0.779,0.5,20,331000.0,544,1
THIN-002761,29,Gig Worker,763,68600.0,11540.0,0.397,0.717,0.202,29,31000.0,481,0
THIN-002762,52,Vendor,505,101000.0,25170.0,0.233,0.478,0.592,22,95000.0,529,1
THIN-002763,21,Shopkeeper,347,5000.0,200.0,0.311,0.641,0.598,29,89000.0,471,1
THIN-002764,44,Shopkeeper,723,37500.0,4980.0,0.112,0.914,0.595,24,317000.0,617,1
THIN-002765,30,Vendor,752,101300.0,13600.0,0.231,0.626,0.67,21,11000.0,547,1
THIN-002766,45,Shopkeeper,694,57100.0,13710.0,0.259,0.906,0.793,30,274000.0,595,1
THIN-002767,56,Gig Worker,621,5000.0,5920.0,0.079,0.818,0.848,56,140000.0,656,1
THIN-002768,32,Gig Worker,495,135900.0,8210.0,0.184,0.96,0.864,52,73000.0,658,1
THIN-002769,47,Shopkeeper,659,5000.0,200.0,0.079,0.835,0.504,24,89000.0,578,1
THIN-002770,27,Gig Worker,780,150400.0,6810.0,0.455,0.902,0.716,44,5000.0,559,1
THIN-002771,47,Vendor,184,21500.0,9460.0,0.043,0.541,0.616,22,105000.0,579,1
THIN-002772,36,Shopkeeper,222,56300.0,16200.0,0.114,0.911,0.586,42,5000.0,629,1
THIN-002773,27,Vendor,794,64700.0,13200.0,0.46,0.676,0.795,7,189000.0,462,0
THIN-002774,32,Gig Worker,701,32900.0,9430.0,0.115,0.577,0.862,21,289000.0,597,1
THIN-002775,50,Vendor,195,5000.0,2880.0,0.116,0.584,0.864,20,72000.0,536,1
THIN-002776,54,Gig Worker,620,43300.0,14460.0,0.167,0.398,0.513,5,5000.0,486,1
THIN-002777,36,Vendor,34,96900.0,4610.0,0.188,0.695,0.704,49,166000.0,551,1
THIN-002778,43,Shopkeeper,767,124800.0,21810.0,0.177,0.973,0.589,30,97000.0,628,1
THIN-002779,26,Gig Worker,501,80200.0,5160.0,0.313,0.911,0.547,56,193000.0,570,1
THIN-002780,35,Shopkeeper,406,116800.0,7990.0,0.462,0.802,0.516,48,169000.0,526,1
THIN-002781,20,Gig Worker,761,17200.0,14870.0,0.151,0.737,0.672,25,144000.0,584,1
THIN-002782,31,Shopkeeper,356,81300.0,5830.0,0.073,0.663,0.628,7,18000.0,575,1
THIN-002783,21,Gig Worker,664,38800.0,200.0,0.211,0.585,0.586,15,94000.0,494,1
THIN-002784,29,Vendor,696,24200.0,10330.0,0.093,0.504,0.86,30,31000.0,620,1
THIN-002785,29,Vendor,195,110300.0,4720.0,0.229,0.743,0.523,20,134000.0,510,1
THIN-002786,28,Freelancer,585,60800.0,10270.0,0.629,0.883,0.785,30,220000.0,514,1
THIN-002787,54,Vendor,266,13200.0,9300.0,0.665,0.726,0.662,45,143000.0,459,0
THIN-002788,41,Gig Worker,702,64300.0,4680.0,0.318,0.674,0.611,58,286000.0,545,1
THIN-002789,53,Shopkeeper,454,141400.0,19090.0,0.379,0.914,0.801,27,63000.0,567,1
THIN-002790,57,Shopkeeper,776,26400.0,7420.0,0.07,0.97,0.717,59,183000.0,686,1
THIN-002791,47,Freelancer,682,132300.0,390.0,0.236,0.833,0.698,30,127000.0,577,1
THIN-002792,35,Freelancer,698,53700.0,1580.0,0.173,0.826,0.341,46,79000.0,582,1
THIN-002793,59,Gig Worker,657,131100.0,1070.0,0.321,0.922,0.886,41,166000.0,596,1
THIN-002794,40,Freelancer,627,167600.0,16290.0,0.27,0.599,0.729,10,235000.0,515,1
THIN-002795,51,Vendor,644,116900.0,13400.0,0.163,0.904,0.675,21,5000.0,608,1
THIN-002796,44,Shopkeeper,693,9900.0,10340.0,0.351,0.595,0.416,27,221000.0,471,1
THIN-002797,38,Vendor,475,121900.0,4740.0,0.421,0.723,0.497,24,183000.0,492,1
THIN-002798,40,Vendor,782,87700.0,16220.0,0.13,0.921,0.66,48,30000.0,660,1
THIN-002799,20,Freelancer,548,37800.0,9340.0,0.292,0.95,0.689,24,5000.0,558,1
THIN-002800,48,Shopkeeper,513,202900.0,16620.0,0.076,0.552,0.322,52,5000.0,628,1
THIN-002801,43,Shopkeeper,471,53600.0,16340.0,0.053,0.784,0.646,28,143000.0,662,1
THIN-002802,25,Freelancer,582,6100.0,9570.0,0.245,0.9,0.972,13,150000.0,546,1
THIN-002803,42,Freelancer,432,59600.0,200.0,0.38,0.717,0.704,21,176000.0,486,1
THIN-002804,35,Vendor,524,91600.0,21460.0,0.211,0.994,0.834,46,224000.0,649,1
THIN-002805,32,Vendor,76,5000.0,16310.0,0.121,0.411,0.625,11,104000.0,463,1
THIN-002806,36,Freelancer,543,116500.0,15880.0,0.026,0.711,0.553,20,106000.0,652,1
THIN-002807,30,Gig Worker,283,122700.0,18240.0,0.128,0.967,0.836,17,288000.0,621,1
THIN-002808,43,Freelancer,790,175400.0,13100.0,0.262,0.656,0.421,4,166000.0,481,1
THIN-002809,54,Gig Worker,337,142400.0,5270.0,0.186,0.753,0.68,56,95000.0,607,1
THIN-002810,50,Shopkeeper,792,146500.0,200.0,0.159,0.899,0.699,47,127000.0,628,1
THIN-002811,49,Gig Worker,33,28100.0,23670.0,0.279,0.685,0.741,49,5000.0,515,1
THIN-002812,55,Shopkeeper,442,184200.0,3250.0,0.045,0.529,0.368,36,167000.0,639,1
THIN-002813,23,Vendor,578,160800.0,2380.0,0.432,0.844,0.643,8,124000.0,475,1
THIN-002814,40,Freelancer,777,66700.0,200.0,0.196,0.778,0.882,47,5000.0,606,1
THIN-002815,44,Vendor,793,123100.0,20720.0,0.147,0.865,0.911,7,57000.0,601,1
THIN-002816,30,Vendor,579,10100.0,6710.0,0.165,0.819,0.349,29,121000.0,558,1
THIN-002817,44,Shopkeeper,204,187100.0,12250.0,0.289,0.965,0.531,9,147000.0,499,1
THIN-002818,46,Vendor,369,5000.0,15610.0,0.096,0.867,0.613,10,5000.0,566,1
THIN-002819,51,Vendor,433,90300.0,200.0,0.52,0.871,0.756,18,58000.0,478,0
THIN-002820,25,Gig Worker,70,157400.0,5860.0,0.189,0.774,0.884,41,231000.0,588,1
THIN-002821,39,Vendor,756,94800.0,15160.0,0.255,0.292,0.538,57,282000.0,528,1
THIN-002822,50,Gig Worker,252,43200.0,23070.0,0.412,0.912,0.634,15,259000.0,480,0
THIN-002823,23,Shopkeeper,260,110200.0,3920.0,0.58,0.866,0.496,31,5000.0,475,1
THIN-002824,29,Shopkeeper,612,30300.0,3420.0,0.429,0.552,0.786,4,130000.0,430,0
THIN-002825,39,Vendor,603,134800.0,11640.0,0.118,0.987,0.579,14,49000.0,614,1
THIN-002826,54,Gig Worker,642,101100.0,1500.0,0.37,0.88,0.76,32,5000.0,556,1
THIN-002827,32,Shopkeeper,714,23700.0,22200.0,0.505,0.776,0.918,41,227000.0,540,1
THIN-002828,26,Shopkeeper,391,103900.0,9590.0,0.242,0.592,0.925,10,149000.0,532,1
THIN-002829,19,Shopkeeper,715,140600.0,9270.0,0.266,0.865,0.684,38,144000.0,602,1
THIN-002830,41,Freelancer,311,5000.0,8610.0,0.22,0.699,0.87,30,91000.0,551,1
THIN-002831,19,Gig Worker,708,9200.0,200.0,0.264,0.727,0.312,32,135000.0,492,1
THIN-002832,20,Vendor,32,21000.0,4960.0,0.559,0.73,0.758,26,113000.0,423,0
THIN-002833,43,Gig Worker,23,75000.0,3040.0,0.099,0.826,0.753,11,80000.0,544,1
THIN-002834,49,Shopkeeper,89,100100.0,200.0,0.196,0.853,0.623,27,69000.0,527,1
THIN-002835,44,Shopkeeper,648,134100.0,19380.0,0.264,0.758,0.795,42,69000.0,604,1
THIN-002836,24,Shopkeeper,336,67900.0,6110.0,0.095,0.675,0.839,5,261000.0,572,1
THIN-002837,19,Gig Worker,638,24000.0,200.0,0.334,0.744,0.71,58,5000.0,529,1
THIN-002838,53,Freelancer,45,226900.0,34780.0,0.15,0.715,0.687,15,119000.0,539,1
THIN-002839,40,Shopkeeper,578,44100.0,11530.0,0.338,0.629,0.911,50,213000.0,562,1
THIN-002840,52,Shopkeeper,244,130100.0,25520.0,0.37,0.724,0.685,25,203000.0,510,1
THIN-002841,41,Vendor,505,84500.0,12990.0,0.215,0.799,0.463,42,226000.0,589,1
THIN-002842,31,Freelancer,213,45100.0,18950.0,0.21,0.529,0.829,59,254000.0,562,1
THIN-002843,52,Vendor,26,122800.0,12220.0,0.131,0.5,0.552,59,138000.0,550,1
THIN-002844,30,Vendor,677,14200.0,200.0,0.329,0.632,0.713,38,5000.0,512,1
THIN-002845,24,Shopkeeper,262,5000.0,9540.0,0.045,0.492,0.851,39,112000.0,624,1
THIN-002846,55,Vendor,133,94800.0,9140.0,0.109,0.714,0.416,37,82000.0,584,1
THIN-002847,36,Shopkeeper,100,24500.0,200.0,0.266,0.933,0.291,22,20000.0,453,1
THIN-002848,35,Freelancer,465,32700.0,200.0,0.153,0.796,0.867,32,162000.0,608,1
THIN-002849,21,Gig Worker,691,150300.0,18480.0,0.111,0.711,0.376,29,171000.0,610,1
THIN-002850,40,Gig Worker,498,131500.0,200.0,0.27,0.748,0.413,33,233000.0,533,1
THIN-002851,23,Vendor,353,45400.0,15730.0,0.314,0.729,0.779,51,202000.0,563,1
THIN-002852,53,Gig Worker,89,59400.0,1580.0,0.078,0.792,0.598,27,97000.0,582,1
THIN-002853,41,Gig Worker,567,121100.0,3220.0,0.234,0.711,0.675,19,142000.0,545,1
THIN-002854,59,Freelancer,560,76600.0,3490.0,0.193,0.596,0.63,49,34000.0,582,1
THIN-002855,47,Vendor,638,44700.0,14310.0,0.08,0.963,0.886,4,165000.0,624,1
THIN-002856,55,Shopkeeper,494,5000.0,11990.0,0.195,0.81,0.692,27,219000.0,565,1
THIN-002857,34,Shopkeeper,116,95100.0,16630.0,0.182,0.858,0.156,36,323000.0,542,1
THIN-002858,26,Vendor,316,97500.0,7550.0,0.208,0.735,0.568,24,129000.0,550,1
THIN-002859,25,Shopkeeper,122,166300.0,13630.0,0.187,0.898,0.529,14,207000.0,529,1
THIN-002860,31,Gig Worker,365,60200.0,10790.0,0.097,0.816,0.778,24,5000.0,635,1
THIN-002861,31,Shopkeeper,106,12600.0,10960.0,0.075,0.533,0.671,20,129000.0,541,1
THIN-002862,58,Shopkeeper,512,29400.0,4960.0,0.085,0.854,0.859,45,5000.0,676,1
THIN-002863,35,Freelancer,567,60100.0,7950.0,0.149,0.94,0.751,32,62000.0,643,1
THIN-002864,31,Shopkeeper,552,86300.0,370.0,0.118,0.895,0.566,32,5000.0,624,1
THIN-002865,57,Shopkeeper,451,129800.0,8560.0,0.369,0.795,0.838,35,5000.0,574,1
THIN-002866,32,Vendor,631,87400.0,5310.0,0.253,0.824,0.595,35,218000.0,583,1
THIN-002867,25,Vendor,154,47000.0,22170.0,0.371,0.775,0.807,55,332000.0,528,1
THIN-002868,21,Vendor,577,54100.0,10440.0,0.488,0.837,0.595,18,196000.0,481,0
THIN-002869,39,Gig Worker,71,112700.0,11740.0,0.079,0.873,0.765,49,153000.0,644,1
THIN-002870,58,Vendor,523,51700.0,19480.0,0.104,0.898,0.369,23,168000.0,608,1
THIN-002871,33,Shopkeeper,454,120800.0,2450.0,0.846,0.961,0.688,19,161000.0,468,0
THIN-002872,59,Gig Worker,789,181500.0,2450.0,0.05,0.609,0.507,41,30000.0,656,1
THIN-002873,42,Shopkeeper,544,104300.0,200.0,0.185,0.852,0.87,22,5000.0,588,1
THIN-002874,38,Vendor,361,43800.0,18100.0,0.281,0.909,0.627,45,130000.0,581,1
THIN-002875,46,Gig Worker,663,6300.0,24860.0,0.264,0.528,0.981,25,167000.0,535,0
THIN-002876,30,Gig Worker,146,74100.0,14380.0,0.267,0.809,0.684,3,227000.0,470,1
THIN-002877,36,Gig Worker,772,30700.0,200.0,0.169,0.779,0.618,9,5000.0,518,1
THIN-002878,48,Gig Worker,446,11600.0,200.0,0.591,0.799,0.473,38,166000.0,456,0
THIN-002879,33,Vendor,218,64300.0,200.0,0.057,0.36,0.693,6,25000.0,513,1
THIN-002880,55,Vendor,728,168700.0,3550.0,0.265,0.788,0.806,24,184000.0,571,1
THIN-002881,55,Vendor,468,36400.0,11380.0,0.379,0.437,0.703,15,190000.0,457,0
THIN-002882,42,Vendor,19,61500.0,7830.0,0.282,0.913,0.847,11,5000.0,486,1
THIN-002883,57,Shopkeeper,722,78300.0,7370.0,0.111,0.784,0.744,39,136000.0,657,1
THIN-002884,26,Freelancer,48,80100.0,200.0,0.424,0.877,0.615,7,151000.0,401,0
THIN-002885,37,Vendor,631,133500.0,6090.0,0.093,0.815,0.776,11,126000.0,616,1
THIN-002886,20,Gig Worker,154,70400.0,3140.0,0.242,0.844,0.865,46,88000.0,573,1
THIN-002887,21,Shopkeeper,686,201500.0,10680.0,0.244,0.642,0.75,32,179000.0,585,1
THIN-002888,46,Shopkeeper,157,88100.0,1700.0,0.423,0.723,0.691,55,219000.0,493,1
THIN-002889,55,Shopkeeper,773,5000.0,2880.0,0.221,0.809,0.731,5,118000.0,495,1
THIN-002890,53,Vendor,615,53000.0,17090.0,0.2,0.826,0.786,30,126000.0,609,1
THIN-002891,25,Gig Worker,48,39200.0,14440.0,0.075,0.571,0.588,52,169000.0,583,1
THIN-002892,59,Shopkeeper,143,181200.0,19820.0,0.384,0.541,0.545,41,18000.0,488,1
THIN-002893,53,Vendor,439,100000.0,3790.0,0.148,0.649,0.628,54,121000.0,612,1
THIN-002894,41,Gig Worker,654,5000.0,2840.0,0.381,0.674,0.939,25,93000.0,500,1
THIN-002895,20,Vendor,185,91600.0,2690.0,0.168,0.888,0.746,22,354000.0,569,1
THIN-002896,26,Vendor,279,165300.0,1900.0,0.3,0.871,0.388,26,12000.0,514,1
THIN-002897,27,Gig Worker,683,136100.0,18510.0,0.094,0.839,0.651,36,92000.0,675,1
THIN-002898,35,Gig Worker,608,21300.0,200.0,0.338,0.851,0.851,14,5000.0,496,0
THIN-002899,58,Gig Worker,322,85200.0,12270.0,0.238,0.645,0.572,34,185000.0,556,1
THIN-002900,52,Vendor,261,103900.0,17090.0,0.216,0.616,0.421,26,171000.0,523,1
THIN-002901,19,Shopkeeper,160,142600.0,200.0,0.302,0.794,0.883,48,143000.0,543,1
THIN-002902,33,Gig Worker,506,67600.0,3230.0,0.125,0.88,0.608,34,175000.0,637,1
THIN-002903,34,Shopkeeper,400,95800.0,21000.0,0.028,0.46,0.627,10,192000.0,604,1
THIN-002904,46,Gig Worker,788,58400.0,8250.0,0.042,0.526,0.878,41,206000.0,679,1
THIN-002905,35,Shopkeeper,209,75000.0,5830.0,0.161,0.52,0.587,45,262000.0,558,1
THIN-002906,19,Vendor,232,57400.0,11460.0,0.413,0.665,0.44,28,179000.0,463,1
THIN-002907,34,Vendor,776,113600.0,16590.0,0.189,0.635,0.82,53,5000.0,619,1
THIN-002908,24,Vendor,675,79300.0,6570.0,0.121,0.658,0.876,10,141000.0,584,1
THIN-002909,50,Vendor,132,132800.0,23000.0,0.291,0.781,0.946,53,45000.0,572,1
THIN-002910,27,Shopkeeper,59,5000.0,3130.0,0.386,0.612,0.838,29,188000.0,442,0
THIN-002911,19,Vendor,450,155100.0,19790.0,0.077,0.749,0.873,57,17000.0,697,1
THIN-002912,46,Gig Worker,682,132200.0,3120.0,0.119,0.758,0.752,25,8000.0,624,1
THIN-002913,21,Gig Worker,634,103200.0,19320.0,0.375,0.847,0.632,4,5000.0,484,1
THIN-002914,23,Vendor,121,210000.0,1110.0,0.168,0.851,0.594,31,216000.0,569,1
THIN-002915,40,Vendor,437,120000.0,200.0,0.128,0.741,0.406,24,7000.0,568,1
THIN-002916,42,Vendor,542,113300.0,3750.0,0.078,0.839,0.544,13,59000.0,606,1
THIN-002917,49,Shopkeeper,317,106900.0,5480.0,0.174,0.8,0.681,23,160000.0,579,1
THIN-002918,26,Shopkeeper,171,73700.0,200.0,0.079,0.93,0.687,49,212000.0,631,1
THIN-002919,28,Shopkeeper,655,93700.0,200.0,0.278,0.754,0.852,43,80000.0,575,1
THIN-002920,35,Vendor,675,143500.0,3540.0,0.162,0.67,0.84,18,5000.0,585,1
THIN-002921,48,Freelancer,219,28000.0,8680.0,0.392,0.832,0.57,27,149000.0,484,1
THIN-002922,48,Vendor,311,74000.0,13400.0,0.416,0.789,0.778,20,116000.0,502,1
THIN-002923,21,Vendor,651,174700.0,6070.0,0.163,0.695,0.554,40,170000.0,612,1
THIN-002924,19,Vendor,606,44100.0,16960.0,0.39,0.695,0.825,14,204000.0,496,1
THIN-002925,37,Vendor,132,23000.0,19860.0,0.22,0.611,0.329,31,5000.0,490,1
THIN-002926,29,Gig Worker,584,5000.0,200.0,0.218,0.616,0.671,32,80000.0,522,1
THIN-002927,30,Vendor,455,84400.0,13610.0,0.234,0.929,0.696,19,41000.0,575,1
THIN-002928,56,Gig Worker,122,84700.0,11820.0,0.044,0.663,0.496,14,127000.0,568,1
THIN-002929,30,Freelancer,445,161700.0,8180.0,0.244,0.736,0.852,51,283000.0,611,1
THIN-002930,33,Freelancer,653,77100.0,10300.0,0.071,0.745,0.499,11,172000.0,593,1
THIN-002931,33,Vendor,40,137700.0,8550.0,0.601,0.873,0.681,26,92000.0,451,0
THIN-002932,58,Shopkeeper,524,48800.0,200.0,0.162,0.602,0.683,6,104000.0,506,1
THIN-002933,29,Shopkeeper,470,56100.0,11940.0,0.038,0.778,0.575,31,174000.0,671,1
THIN-002934,49,Freelancer,190,130300.0,200.0,0.281,0.666,0.851,22,144000.0,501,1
THIN-002935,34,Freelancer,596,66400.0,14430.0,0.445,0.855,0.689,34,79000.0,543,1
THIN-002936,25,Freelancer,342,119600.0,200.0,0.107,0.788,0.581,35,35000.0,618,1
THIN-002937,26,Gig Worker,496,5000.0,4350.0,0.303,0.821,0.459,41,5000.0,523,1
THIN-002938,22,Gig Worker,743,120500.0,15860.0,0.19,0.406,0.747,13,61000.0,529,1
THIN-002939,23,Shopkeeper,429,81700.0,4170.0,0.411,0.948,0.576,14,121000.0,496,1
THIN-002940,39,Freelancer,197,38600.0,600.0,0.395,0.886,0.572,3,152000.0,415,0
THIN-002941,29,Shopkeeper,532,69100.0,14900.0,0.235,0.629,0.616,41,272000.0,575,1
THIN-002942,45,Shopkeeper,650,20500.0,3340.0,0.022,0.812,0.676,44,99000.0,689,1
THIN-002943,35,Gig Worker,200,192100.0,13630.0,0.482,0.556,0.533,42,5000.0,476,1
THIN-002944,21,Gig Worker,188,117700.0,4280.0,0.319,0.718,0.681,50,16000.0,530,1
THIN-002945,51,Gig Worker,441,69800.0,4400.0,0.201,0.679,0.642,17,165000.0,542,1
THIN-002946,39,Shopkeeper,34,136600.0,200.0,0.328,0.877,0.357,22,157000.0,443,1
THIN-002947,54,Gig Worker,722,81500.0,5360.0,0.206,0.877,0.607,50,28000.0,609,1
THIN-002948,38,Vendor,490,5000.0,18340.0,0.41,0.878,0.882,36,259000.0,548,1
THIN-002949,43,Shopkeeper,665,21000.0,7480.0,0.192,0.449,0.619,53,150000.0,556,1
THIN-002950,22,Vendor,397,100900.0,6140.0,0.097,0.891,0.747,43,5000.0,678,1
THIN-002951,39,Shopkeeper,366,122900.0,1680.0,0.273,0.942,0.633,34,141000.0,582,1
THIN-002952,22,Freelancer,673,47800.0,10590.0,0.203,0.921,0.815,3,62000.0,549,1
THIN-002953,30,Vendor,156,34700.0,11250.0,0.02,0.62,0.597,58,65000.0,639,1
THIN-002954,28,Shopkeeper,503,5000.0,5480.0,0.375,0.615,0.761,8,114000.0,440,0
THIN-002955,35,Shopkeeper,159,9800.0,13250.0,0.345,0.706,0.765,17,87000.0,456,0
THIN-002956,22,Gig Worker,378,5000.0,8280.0,0.028,0.863,0.61,27,229000.0,648,1
THIN-002957,56,Shopkeeper,212,5000.0,14340.0,0.171,0.892,0.463,14,94000.0,504,1
THIN-002958,37,Gig Worker,590,64700.0,15760.0,0.269,0.649,0.844,36,221000.0,586,1
THIN-002959,49,Vendor,393,170000.0,2710.0,0.434,0.779,0.569,12,115000.0,471,1
THIN-002960,31,Shopkeeper,734,80800.0,200.0,0.494,0.544,0.721,56,160000.0,486,1
THIN-002961,55,Shopkeeper,138,62500.0,11830.0,0.046,0.656,0.726,34,8000.0,636,1
THIN-002962,47,Shopkeeper,608,147300.0,10800.0,0.133,0.449,0.737,38,58000.0,617,1
THIN-002963,37,Freelancer,415,129500.0,11590.0,0.096,0.947,0.63,27,295000.0,658,1
THIN-002964,19,Shopkeeper,578,193200.0,14460.0,0.1,0.951,0.594,53,153000.0,682,1
THIN-002965,56,Shopkeeper,154,183100.0,7710.0,0.179,0.674,0.643,35,49000.0,573,1
THIN-002966,39,Gig Worker,176,46700.0,200.0,0.15,0.923,0.678,39,178000.0,587,1
THIN-002967,43,Freelancer,358,5000.0,17520.0,0.252,0.653,0.513,29,211000.0,510,1
THIN-002968,23,Gig Worker,591,100900.0,7610.0,0.146,0.865,0.683,3,183000.0,563,1
THIN-002969,27,Gig Worker,131,5000.0,200.0,0.194,0.407,0.721,35,256000.0,480,1
THIN-002970,36,Shopkeeper,299,114200.0,200.0,0.179,0.772,0.694,14,158000.0,532,1
THIN-002971,42,Gig Worker,664,73900.0,21790.0,0.332,0.876,0.551,47,110000.0,568,1
THIN-002972,45,Freelancer,342,5000.0,7240.0,0.217,0.365,0.565,57,98000.0,506,1
THIN-002973,57,Gig Worker,569,54600.0,9630.0,0.246,0.462,0.792,13,65000.0,506,1
THIN-002974,44,Shopkeeper,133,92600.0,4260.0,0.268,0.894,0.659,28,49000.0,533,1
THIN-002975,34,Shopkeeper,381,5000.0,200.0,0.235,0.649,0.628,53,5000.0,522,1
THIN-002976,46,Gig Worker,231,107300.0,200.0,0.066,0.518,0.67,31,5000.0,592,1
THIN-002977,45,Gig Worker,237,78100.0,14000.0,0.58,0.677,0.743,43,60000.0,489,1
THIN-002978,32,Freelancer,31,189000.0,17780.0,0.128,0.772,0.593,12,85000.0,532,1
THIN-002979,44,Shopkeeper,535,123100.0,200.0,0.332,0.793,0.82,50,104000.0,563,1
THIN-002980,56,Gig Worker,537,165900.0,700.0,0.219,0.628,0.578,28,61000.0,550,1
THIN-002981,43,Shopkeeper,789,103300.0,21120.0,0.308,0.817,0.719,35,77000.0,585,1
THIN-002982,19,Freelancer,74,120300.0,7630.0,0.228,0.857,0.964,18,204000.0,543,1
THIN-002983,21,Gig Worker,702,13300.0,9640.0,0.224,0.676,0.316,24,32000.0,507,1
THIN-002984,30,Shopkeeper,320,136300.0,15220.0,0.019,0.802,0.523,40,223000.0,694,1
THIN-002985,53,Shopkeeper,414,40700.0,3820.0,0.348,0.922,0.567,4,167000.0,474,0
THIN-002986,32,Shopkeeper,174,82000.0,15220.0,0.032,0.505,0.388,31,126000.0,600,1
THIN-002987,49,Shopkeeper,532,159700.0,200.0,0.393,0.734,0.721,54,23000.0,535,1
THIN-002988,29,Vendor,675,178700.0,2880.0,0.115,0.724,0.557,35,119000.0,633,1
THIN-002989,20,Freelancer,502,55600.0,11060.0,0.049,0.82,0.799,58,136000.0,701,1
THIN-002990,21,Gig Worker,425,73200.0,14660.0,0.575,0.973,0.5,41,264000.0,524,1
THIN-002991,40,Vendor,75,205800.0,5210.0,0.357,0.855,0.337,36,91000.0,495,1
THIN-002992,26,Gig Worker,576,99700.0,10770.0,0.515,0.657,0.848,47,123000.0,531,1
THIN-002993,26,Shopkeeper,205,88000.0,2640.0,0.077,0.967,0.646,38,118000.0,654,1
THIN-002994,26,Shopkeeper,639,52900.0,22410.0,0.343,0.794,0.523,50,5000.0,550,1
THIN-002995,58,Gig Worker,429,144800.0,8060.0,0.224,0.754,0.859,22,249000.0,585,1
THIN-002996,30,Freelancer,729,98900.0,200.0,0.282,0.98,0.814,18,63000.0,550,1
THIN-002997,38,Shopkeeper,171,75500.0,9060.0,0.123,0.907,0.476,17,61000.0,559,1
THIN-002998,54,Vendor,190,68100.0,20420.0,0.482,0.412,0.794,38,52000.0,473,1
THIN-002999,59,Gig Worker,789,168000.0,12810.0,0.302,0.782,0.613,37,113000.0,578,1
