applicant_id,age,employment_type,annual_income,years_employed,cibil_score,existing_loans_count,existing_emi_monthly,requested_loan_amount,loan_tenure_months,dependents,dti_ratio,previous_default,savings_balance,approved
TRAD-000000,24,Business Owner,360000.0,9,718,2,9500.0,321000.0,120,0,0.406,0,1089000.0,1
TRAD-000001,55,Salaried,785000.0,19,694,1,10900.0,1219000.0,24,3,0.943,0,579000.0,1
TRAD-000002,49,Business Owner,480000.0,22,606,1,13100.0,1048000.0,48,4,0.873,0,533000.0,0
TRAD-000003,40,Self-Employed,188000.0,1,845,0,0.0,1472000.0,60,0,1.566,0,707000.0,0
TRAD-000004,40,Salaried,570000.0,25,590,0,0.0,1065000.0,120,1,0.187,0,323000.0,1
TRAD-000005,58,Business Owner,1021000.0,29,741,2,10000.0,1540000.0,240,4,0.193,0,266000.0,1
TRAD-000006,24,Salaried,779000.0,28,655,1,12400.0,1260000.0,180,3,0.299,0,639000.0,1
TRAD-000007,51,Salaried,1215000.0,4,682,1,10000.0,191000.0,12,0,0.256,0,637000.0,1
TRAD-000008,29,Salaried,700000.0,11,565,1,4400.0,1376000.0,60,4,0.469,0,454000.0,1
TRAD-000009,25,Self-Employed,1335000.0,6,828,1,10100.0,833000.0,12,4,0.715,0,521000.0,1
TRAD-000010,44,Salaried,700000.0,13,674,2,33300.0,395000.0,36,1,0.759,0,0.0,0
TRAD-000011,63,Salaried,656000.0,29,585,0,0.0,1351000.0,36,2,0.686,1,236000.0,0
TRAD-000012,53,Salaried,292000.0,22,819,1,4900.0,1499000.0,36,1,1.913,1,726000.0,0
TRAD-000013,54,Salaried,961000.0,23,652,1,9100.0,586000.0,36,2,0.317,0,501000.0,1
TRAD-000014,52,Salaried,509000.0,12,732,2,21900.0,672000.0,48,3,0.846,0,0.0,0
TRAD-000015,55,Salaried,469000.0,28,780,2,4200.0,50000.0,60,3,0.129,0,167000.0,1
TRAD-000016,43,Salaried,1009000.0,27,745,3,6700.0,50000.0,240,4,0.082,0,685000.0,1
TRAD-000017,26,Salaried,974000.0,24,491,0,0.0,742000.0,48,0,0.19,0,414000.0,1
TRAD-000018,57,Self-Employed,967000.0,24,766,0,0.0,1415000.0,12,4,1.463,0,345000.0,0
TRAD-000019,40,Salaried,549000.0,19,690,0,0.0,527000.0,84,4,0.137,1,353000.0,0
TRAD-000020,43,Self-Employed,636000.0,2,669,1,10600.0,1828000.0,36,1,1.158,0,279000.0,0
TRAD-000021,37,Salaried,633000.0,8,690,0,0.0,767000.0,24,0,0.606,0,169000.0,0
TRAD-000022,29,Salaried,869000.0,23,547,1,8100.0,769000.0,120,1,0.2,0,92000.0,1
TRAD-000023,61,Salaried,1085000.0,9,718,1,9200.0,712000.0,120,4,0.167,0,553000.0,1
TRAD-000024,55,Salaried,753000.0,5,570,0,0.0,1538000.0,48,0,0.511,0,359000.0,0
TRAD-000025,49,Salaried,1203000.0,28,673,0,0.0,277000.0,24,0,0.115,0,477000.0,1
TRAD-000026,38,Business Owner,901000.0,14,715,0,0.0,816000.0,60,0,0.181,0,437000.0,1
TRAD-000027,57,Salaried,584000.0,25,802,1,5400.0,544000.0,60,0,0.297,0,652000.0,1
TRAD-000028,44,Salaried,882000.0,8,622,2,14800.0,535000.0,240,3,0.232,0,414000.0,1
TRAD-000029,40,Self-Employed,1128000.0,10,838,2,11100.0,923000.0,12,0,0.936,0,506000.0,1
TRAD-000030,40,Salaried,1210000.0,10,790,1,14900.0,826000.0,24,4,0.489,0,342000.0,1
TRAD-000031,30,Salaried,982000.0,11,659,1,11500.0,1584000.0,180,1,0.248,0,63000.0,1
TRAD-000032,25,Salaried,657000.0,13,595,4,18200.0,893000.0,240,2,0.4,0,244000.0,0
TRAD-000033,45,Salaried,589000.0,8,563,1,8100.0,1261000.0,84,2,0.471,1,447000.0,0
TRAD-000034,60,Salaried,811000.0,24,726,0,0.0,1012000.0,36,4,0.416,0,469000.0,1
TRAD-000035,23,Self-Employed,1119000.0,9,630,0,0.0,1812000.0,24,3,0.81,0,663000.0,1
TRAD-000036,58,Business Owner,771000.0,13,814,2,24800.0,703000.0,180,0,0.447,0,185000.0,1
TRAD-000037,57,Salaried,777000.0,25,635,2,29100.0,705000.0,84,4,0.579,1,356000.0,0
TRAD-000038,33,Self-Employed,664000.0,13,614,1,13900.0,1384000.0,48,0,0.772,0,268000.0,0
TRAD-000039,48,Self-Employed,558000.0,0,722,1,9700.0,695000.0,48,2,0.52,0,706000.0,0
TRAD-000040,28,Salaried,605000.0,0,635,1,14000.0,1224000.0,24,4,1.289,0,394000.0,0
TRAD-000041,54,Self-Employed,688000.0,13,701,1,6900.0,2420000.0,180,2,0.355,0,399000.0,1
TRAD-000042,51,Self-Employed,1131000.0,19,794,0,0.0,264000.0,12,2,0.233,0,291000.0,1
TRAD-000043,36,Business Owner,583000.0,28,711,0,0.0,1896000.0,240,1,0.163,0,244000.0,1
TRAD-000044,23,Business Owner,665000.0,3,711,1,13600.0,580000.0,24,3,0.682,0,0.0,0
TRAD-000045,63,Salaried,408000.0,16,719,1,7600.0,1769000.0,24,3,2.391,0,0.0,0
TRAD-000046,40,Salaried,851000.0,8,539,1,11000.0,1346000.0,12,4,1.737,0,345000.0,0
TRAD-000047,60,Salaried,1033000.0,13,737,0,0.0,1290000.0,60,4,0.25,0,314000.0,1
TRAD-000048,50,Salaried,1105000.0,13,715,0,0.0,802000.0,12,2,0.726,0,346000.0,1
TRAD-000049,55,Salaried,707000.0,9,785,1,5200.0,737000.0,36,1,0.436,0,535000.0,1
TRAD-000050,54,Business Owner,811000.0,0,758,1,8200.0,431000.0,180,2,0.157,0,323000.0,1
TRAD-000051,29,Salaried,607000.0,2,681,1,13400.0,904000.0,120,1,0.414,0,213000.0,0
TRAD-000052,37,Salaried,798000.0,15,798,3,5000.0,780000.0,48,1,0.32,0,248000.0,1
TRAD-000053,41,Business Owner,738000.0,6,672,3,22600.0,1024000.0,12,1,1.755,0,361000.0,0
TRAD-000054,42,Salaried,666000.0,9,723,3,42700.0,50000.0,24,2,0.807,0,205000.0,1
TRAD-000055,22,Salaried,689000.0,2,670,0,0.0,915000.0,60,1,0.266,0,566000.0,1
TRAD-000056,45,Business Owner,777000.0,1,744,2,28000.0,1721000.0,60,1,0.875,0,297000.0,0
TRAD-000057,27,Salaried,568000.0,3,664,1,4500.0,1514000.0,180,2,0.273,0,363000.0,0
TRAD-000058,53,Salaried,582000.0,11,857,1,5300.0,915000.0,60,0,0.424,0,96000.0,1
TRAD-000059,51,Salaried,1128000.0,4,892,1,8400.0,2566000.0,48,0,0.658,0,566000.0,1
TRAD-000060,61,Business Owner,1409000.0,6,783,0,0.0,525000.0,84,3,0.053,0,660000.0,1
TRAD-000061,53,Salaried,313000.0,9,846,0,0.0,844000.0,180,4,0.18,0,0.0,1
TRAD-000062,37,Salaried,297000.0,8,554,3,6200.0,50000.0,180,1,0.262,0,400000.0,0
TRAD-000063,63,Salaried,382000.0,0,565,0,0.0,638000.0,24,0,0.835,0,273000.0,0
TRAD-000064,39,Salaried,621000.0,3,669,0,0.0,2062000.0,48,2,0.83,1,371000.0,0
TRAD-000065,35,Business Owner,901000.0,28,704,2,7200.0,662000.0,240,0,0.133,0,413000.0,1
TRAD-000066,60,Salaried,816000.0,20,681,1,13800.0,50000.0,180,4,0.207,0,0.0,1
TRAD-000067,37,Business Owner,698000.0,3,544,0,0.0,1467000.0,180,0,0.14,1,490000.0,0
TRAD-000068,24,Salaried,798000.0,8,809,0,0.0,1153000.0,24,2,0.722,0,578000.0,1
TRAD-000069,41,Salaried,456000.0,11,900,1,10200.0,1440000.0,48,1,1.058,0,606000.0,1
TRAD-000070,56,Business Owner,582000.0,27,822,1,5800.0,707000.0,180,2,0.201,0,64000.0,1
TRAD-000071,29,Salaried,644000.0,26,803,1,9600.0,245000.0,24,3,0.369,0,292000.0,1
TRAD-000072,41,Salaried,206000.0,23,721,0,0.0,781000.0,120,1,0.379,0,165000.0,1
TRAD-000073,26,Business Owner,325000.0,3,620,1,14400.0,1261000.0,60,4,1.308,0,0.0,0
TRAD-000074,51,Salaried,336000.0,14,707,2,9800.0,853000.0,120,4,0.604,0,145000.0,0
TRAD-000075,41,Salaried,864000.0,14,900,1,10800.0,1152000.0,120,2,0.283,0,29000.0,1
TRAD-000076,35,Business Owner,719000.0,19,667,2,9700.0,551000.0,12,1,0.928,1,384000.0,0
TRAD-000077,30,Salaried,821000.0,25,657,0,0.0,1176000.0,24,1,0.716,0,0.0,1
TRAD-000078,45,Salaried,135000.0,9,805,2,15000.0,898000.0,48,4,2.996,1,55000.0,0
TRAD-000079,50,Salaried,235000.0,16,812,0,0.0,441000.0,240,3,0.094,0,170000.0,1
TRAD-000080,62,Salaried,836000.0,7,619,1,8900.0,991000.0,240,2,0.187,0,493000.0,1
TRAD-000081,40,Salaried,120000.0,6,675,0,0.0,649000.0,120,3,0.541,0,994000.0,0
TRAD-000082,28,Self-Employed,993000.0,9,652,0,0.0,1301000.0,36,1,0.437,0,376000.0,1
TRAD-000083,57,Salaried,139000.0,22,707,0,0.0,1468000.0,240,3,0.528,1,42000.0,0
TRAD-000084,48,Self-Employed,886000.0,13,805,2,16700.0,1226000.0,120,4,0.365,0,130000.0,1
TRAD-000085,51,Salaried,401000.0,20,624,2,32800.0,50000.0,36,2,1.023,0,465000.0,0
TRAD-000086,25,Salaried,944000.0,20,804,0,0.0,273000.0,120,3,0.029,1,0.0,1
TRAD-000087,34,Salaried,1548000.0,10,710,0,0.0,486000.0,48,2,0.078,0,574000.0,1
TRAD-000088,54,Self-Employed,120000.0,28,900,0,0.0,382000.0,60,0,0.637,1,368000.0,1
TRAD-000089,57,Salaried,845000.0,1,730,1,8200.0,547000.0,36,0,0.332,0,269000.0,1
TRAD-000090,40,Salaried,144000.0,26,691,1,9800.0,1501000.0,84,1,2.306,0,0.0,0
TRAD-000091,56,Business Owner,769000.0,0,755,1,6100.0,1354000.0,36,1,0.682,0,530000.0,0
TRAD-000092,58,Self-Employed,592000.0,11,668,0,0.0,624000.0,240,0,0.053,0,110000.0,1
TRAD-000093,38,Salaried,686000.0,24,529,0,0.0,1285000.0,24,4,0.937,0,338000.0,0
TRAD-000094,60,Business Owner,395000.0,20,677,1,11200.0,1114000.0,36,3,1.28,0,261000.0,0
TRAD-000095,33,Salaried,869000.0,9,676,2,16800.0,879000.0,24,0,0.738,0,0.0,0
TRAD-000096,31,Salaried,244000.0,26,549,1,13400.0,1646000.0,36,4,2.908,0,242000.0,0
TRAD-000097,51,Salaried,998000.0,4,693,0,0.0,470000.0,120,1,0.047,0,0.0,1
TRAD-000098,49,Salaried,535000.0,20,504,1,7600.0,934000.0,240,4,0.258,0,137000.0,1
TRAD-000099,27,Salaried,257000.0,15,667,1,14800.0,217000.0,24,1,1.113,0,408000.0,0
TRAD-000100,57,Self-Employed,1097000.0,6,723,1,4600.0,248000.0,36,0,0.126,0,476000.0,1
TRAD-000101,29,Salaried,631000.0,27,709,2,4400.0,50000.0,24,0,0.123,0,295000.0,1
TRAD-000102,56,Business Owner,1184000.0,22,661,0,0.0,259000.0,180,1,0.015,0,79000.0,1
TRAD-000103,21,Business Owner,992000.0,0,692,0,0.0,954000.0,60,4,0.192,0,138000.0,1
TRAD-000104,56,Self-Employed,427000.0,2,626,0,0.0,703000.0,48,2,0.412,0,134000.0,0
TRAD-000105,55,Self-Employed,626000.0,1,701,1,6400.0,725000.0,120,0,0.238,0,0.0,0
TRAD-000106,55,Self-Employed,684000.0,12,706,0,0.0,706000.0,12,1,1.032,0,318000.0,0
TRAD-000107,50,Business Owner,1077000.0,12,614,3,27300.0,2052000.0,180,2,0.431,0,0.0,1
TRAD-000108,41,Salaried,773000.0,21,725,1,8500.0,161000.0,12,2,0.34,1,319000.0,0
TRAD-000109,52,Salaried,699000.0,20,725,1,5600.0,91000.0,84,4,0.115,0,0.0,1
TRAD-000110,33,Salaried,594000.0,0,684,0,0.0,350000.0,12,0,0.589,0,0.0,0
TRAD-000111,55,Salaried,636000.0,14,900,3,25200.0,853000.0,24,0,1.146,0,467000.0,1
TRAD-000112,45,Salaried,1015000.0,23,687,1,3700.0,1235000.0,84,3,0.218,0,306000.0,1
TRAD-000113,41,Self-Employed,651000.0,26,673,0,0.0,1302000.0,84,0,0.286,0,0.0,1
TRAD-000114,43,Salaried,539000.0,8,660,0,0.0,1514000.0,60,3,0.562,0,160000.0,1
TRAD-000115,46,Business Owner,492000.0,1,608,0,0.0,830000.0,84,1,0.241,0,365000.0,0
TRAD-000116,22,Salaried,495000.0,4,765,0,0.0,642000.0,180,1,0.086,0,145000.0,1
TRAD-000117,27,Salaried,257000.0,10,635,1,11500.0,1962000.0,36,0,3.0,0,214000.0,0
TRAD-000118,31,Salaried,440000.0,13,646,2,25800.0,50000.0,240,3,0.709,0,361000.0,0
TRAD-000119,26,Salaried,1070000.0,10,649,1,9200.0,941000.0,24,0,0.543,0,311000.0,1
TRAD-000120,40,Salaried,592000.0,2,606,2,23900.0,1180000.0,240,0,0.584,1,52000.0,0
TRAD-000121,50,Salaried,847000.0,10,534,0,0.0,2118000.0,240,2,0.125,0,306000.0,1
TRAD-000122,49,Salaried,120000.0,8,656,1,8900.0,50000.0,48,0,0.994,0,228000.0,0
TRAD-000123,41,Salaried,809000.0,14,783,1,9500.0,627000.0,12,0,0.916,0,731000.0,1
TRAD-000124,58,Salaried,605000.0,2,719,1,7400.0,50000.0,48,1,0.167,0,274000.0,1
TRAD-000125,45,Salaried,515000.0,23,848,0,0.0,50000.0,36,3,0.032,0,334000.0,1
TRAD-000126,24,Salaried,701000.0,12,771,0,0.0,767000.0,84,3,0.156,1,365000.0,1
TRAD-000127,54,Salaried,511000.0,9,750,0,0.0,1442000.0,36,4,0.941,1,219000.0,0
TRAD-000128,46,Salaried,120000.0,27,879,2,23100.0,1684000.0,12,4,3.0,0,120000.0,0
TRAD-000129,48,Salaried,908000.0,22,691,1,17000.0,554000.0,240,1,0.255,0,415000.0,1
TRAD-000130,45,Salaried,718000.0,4,706,4,52800.0,1333000.0,180,1,1.006,0,417000.0,0
TRAD-000131,45,Self-Employed,562000.0,4,699,0,0.0,771000.0,60,1,0.274,0,821000.0,1
TRAD-000132,24,Business Owner,379000.0,0,847,1,10800.0,1262000.0,180,0,0.564,0,486000.0,1
TRAD-000133,45,Business Owner,238000.0,16,700,0,0.0,1650000.0,240,0,0.347,0,490000.0,0
TRAD-000134,55,Salaried,713000.0,10,638,0,0.0,774000.0,240,2,0.054,0,479000.0,1
TRAD-000135,34,Salaried,1102000.0,11,756,3,51200.0,1600000.0,180,0,0.654,0,127000.0,1
TRAD-000136,47,Salaried,707000.0,15,622,0,0.0,112000.0,12,0,0.158,0,0.0,1
TRAD-000137,22,Self-Employed,263000.0,16,751,0,0.0,1327000.0,120,1,0.505,0,49000.0,0
TRAD-000138,36,Self-Employed,713000.0,0,739,1,9000.0,1572000.0,240,4,0.262,0,472000.0,1
TRAD-000139,40,Business Owner,635000.0,3,682,2,17600.0,1505000.0,24,2,1.518,0,655000.0,0
TRAD-000140,64,Business Owner,892000.0,23,754,1,3800.0,130000.0,12,1,0.197,0,484000.0,1
TRAD-000141,30,Salaried,820000.0,28,559,1,12600.0,766000.0,48,0,0.418,0,258000.0,1
TRAD-000142,33,Self-Employed,120000.0,25,715,2,7700.0,1096000.0,180,3,1.379,0,719000.0,0
TRAD-000143,38,Business Owner,803000.0,27,656,0,0.0,1188000.0,180,1,0.099,0,189000.0,1
TRAD-000144,64,Salaried,369000.0,13,900,4,54600.0,975000.0,84,4,2.153,0,13000.0,0
TRAD-000145,58,Business Owner,252000.0,24,715,0,0.0,1829000.0,240,0,0.363,0,363000.0,1
TRAD-000146,22,Salaried,597000.0,26,643,1,6300.0,58000.0,24,3,0.175,1,623000.0,0
TRAD-000147,31,Business Owner,765000.0,26,569,1,13000.0,744000.0,180,3,0.269,0,89000.0,0
TRAD-000148,57,Self-Employed,191000.0,4,824,0,0.0,50000.0,180,1,0.017,0,0.0,1
TRAD-000149,23,Salaried,847000.0,4,667,0,0.0,1304000.0,240,1,0.077,0,309000.0,1
TRAD-000150,58,Self-Employed,864000.0,12,625,3,43000.0,1261000.0,36,4,1.084,0,493000.0,0
TRAD-000151,33,Salaried,663000.0,15,732,1,8300.0,3077000.0,84,3,0.813,0,0.0,0
TRAD-000152,61,Self-Employed,407000.0,28,762,0,0.0,1567000.0,36,0,1.283,0,544000.0,1
TRAD-000153,33,Self-Employed,376000.0,9,760,1,4000.0,1115000.0,60,2,0.721,0,0.0,0
TRAD-000154,40,Self-Employed,937000.0,24,702,1,4200.0,1066000.0,240,3,0.111,0,481000.0,1
TRAD-000155,50,Business Owner,227000.0,26,715,0,0.0,694000.0,60,1,0.611,0,0.0,1
TRAD-000156,26,Salaried,948000.0,28,722,1,11200.0,985000.0,120,3,0.246,0,0.0,1
TRAD-000157,45,Salaried,604000.0,5,732,0,0.0,1080000.0,60,3,0.358,0,455000.0,1
TRAD-000158,43,Salaried,623000.0,7,740,0,0.0,50000.0,12,1,0.08,0,604000.0,1
TRAD-000159,55,Salaried,172000.0,6,804,0,0.0,1028000.0,24,0,2.988,0,298000.0,0
TRAD-000160,64,Salaried,609000.0,22,705,1,10800.0,966000.0,120,0,0.371,0,899000.0,1
TRAD-000161,50,Salaried,822000.0,20,622,1,3200.0,2040000.0,36,3,0.874,0,44000.0,0
TRAD-000162,39,Salaried,276000.0,12,686,1,8600.0,814000.0,36,3,1.357,0,41000.0,0
TRAD-000163,38,Salaried,790000.0,2,772,2,11300.0,402000.0,12,1,0.681,0,224000.0,1
TRAD-000164,39,Business Owner,675000.0,15,530,1,9400.0,1075000.0,180,2,0.273,0,213000.0,1
TRAD-000165,56,Salaried,470000.0,21,531,1,5300.0,948000.0,12,2,2.152,1,371000.0,0
TRAD-000166,35,Business Owner,889000.0,14,787,0,0.0,815000.0,60,4,0.183,0,114000.0,1
TRAD-000167,28,Salaried,120000.0,8,844,0,0.0,69000.0,36,2,0.192,0,442000.0,1
TRAD-000168,35,Salaried,747000.0,17,580,0,0.0,799000.0,240,2,0.053,0,436000.0,1
TRAD-000169,21,Salaried,1103000.0,19,710,0,0.0,524000.0,84,2,0.068,0,703000.0,1
TRAD-000170,25,Salaried,1053000.0,17,662,1,7700.0,759000.0,12,0,0.809,0,177000.0,1
TRAD-000171,24,Salaried,759000.0,26,675,2,23600.0,1376000.0,84,3,0.632,0,384000.0,1
TRAD-000172,54,Salaried,566000.0,9,729,0,0.0,462000.0,24,4,0.408,0,451000.0,1
TRAD-000173,52,Salaried,472000.0,18,577,1,4700.0,756000.0,84,0,0.348,0,298000.0,1
TRAD-000174,51,Salaried,565000.0,25,595,0,0.0,1252000.0,36,0,0.739,0,247000.0,0
TRAD-000175,41,Self-Employed,802000.0,6,671,0,0.0,725000.0,120,2,0.09,0,0.0,1
TRAD-000176,52,Salaried,424000.0,8,686,2,19500.0,2596000.0,60,3,1.776,0,321000.0,0
TRAD-000177,28,Business Owner,862000.0,1,593,3,14600.0,1062000.0,48,0,0.511,0,449000.0,0
TRAD-000178,60,Salaried,1247000.0,11,775,1,8600.0,93000.0,180,3,0.088,0,286000.0,1
TRAD-000179,43,Business Owner,633000.0,1,660,1,7600.0,354000.0,48,1,0.284,0,104000.0,1
TRAD-000180,62,Self-Employed,274000.0,22,660,3,26900.0,289000.0,36,0,1.53,0,0.0,0
TRAD-000181,27,Business Owner,273000.0,2,727,0,0.0,364000.0,60,0,0.267,0,413000.0,1
TRAD-000182,42,Business Owner,867000.0,20,688,0,0.0,1249000.0,180,2,0.096,0,308000.0,1
TRAD-000183,51,Salaried,633000.0,17,780,1,11000.0,181000.0,12,2,0.494,0,647000.0,1
TRAD-000184,42,Salaried,896000.0,29,611,0,0.0,685000.0,36,2,0.255,1,0.0,1
TRAD-000185,40,Salaried,501000.0,10,567,1,9900.0,1643000.0,84,3,0.706,0,182000.0,0
TRAD-000186,28,Business Owner,883000.0,10,671,0,0.0,562000.0,36,4,0.212,0,0.0,1
TRAD-000187,37,Self-Employed,606000.0,7,706,2,18200.0,1336000.0,120,4,0.581,1,556000.0,0
TRAD-000188,31,Salaried,445000.0,16,582,0,0.0,50000.0,12,3,0.112,0,610000.0,1
TRAD-000189,34,Business Owner,538000.0,6,568,2,14000.0,659000.0,36,2,0.721,0,781000.0,0
TRAD-000190,51,Salaried,315000.0,3,717,2,14800.0,324000.0,84,1,0.711,0,430000.0,0
TRAD-000191,48,Self-Employed,1207000.0,28,628,0,0.0,1095000.0,180,3,0.06,0,497000.0,1
TRAD-000192,47,Self-Employed,623000.0,20,562,1,7000.0,227000.0,48,3,0.226,0,409000.0,1
TRAD-000193,36,Salaried,830000.0,3,792,0,0.0,2245000.0,36,4,0.902,0,443000.0,1
TRAD-000194,63,Self-Employed,500000.0,18,640,0,0.0,50000.0,240,3,0.005,0,312000.0,1
TRAD-000195,24,Business Owner,355000.0,9,809,1,15000.0,1638000.0,60,0,1.43,0,455000.0,0
TRAD-000196,36,Salaried,585000.0,5,703,2,39400.0,1471000.0,24,2,2.065,0,835000.0,0
TRAD-000197,26,Salaried,958000.0,14,728,2,13500.0,1101000.0,180,3,0.246,0,355000.0,1
TRAD-000198,35,Salaried,504000.0,23,680,3,30500.0,935000.0,12,4,2.581,0,306000.0,0
TRAD-000199,63,Self-Employed,406000.0,0,448,2,26300.0,2106000.0,120,1,1.296,1,350000.0,0
TRAD-000200,37,Salaried,694000.0,10,592,0,0.0,2506000.0,240,4,0.181,1,263000.0,0
TRAD-000201,60,Business Owner,790000.0,27,688,1,5000.0,765000.0,84,1,0.214,0,362000.0,1
TRAD-000202,42,Business Owner,1110000.0,11,735,0,0.0,1003000.0,240,1,0.045,0,254000.0,1
TRAD-000203,51,Salaried,749000.0,2,530,0,0.0,541000.0,84,4,0.103,0,586000.0,1
TRAD-000204,41,Salaried,830000.0,12,695,2,20500.0,140000.0,84,0,0.32,0,561000.0,1
TRAD-000205,32,Self-Employed,851000.0,20,593,0,0.0,1201000.0,12,1,1.411,0,841000.0,0
TRAD-000206,54,Self-Employed,327000.0,29,722,0,0.0,1062000.0,24,4,1.624,0,294000.0,0
TRAD-000207,63,Salaried,380000.0,18,698,0,0.0,50000.0,120,4,0.013,0,372000.0,1
TRAD-000208,32,Salaried,347000.0,1,771,1,5100.0,1196000.0,120,0,0.521,0,362000.0,0
TRAD-000209,55,Salaried,277000.0,24,801,1,7000.0,1084000.0,84,4,0.862,1,350000.0,0
TRAD-000210,32,Business Owner,873000.0,23,744,0,0.0,509000.0,24,2,0.292,0,582000.0,1
TRAD-000211,52,Salaried,731000.0,19,782,1,11700.0,467000.0,12,4,0.831,0,0.0,1
TRAD-000212,55,Business Owner,672000.0,26,667,0,0.0,1175000.0,12,2,1.749,0,415000.0,0
TRAD-000213,40,Salaried,120000.0,23,900,0,0.0,1946000.0,24,2,3.0,0,799000.0,0
TRAD-000214,53,Business Owner,1226000.0,6,584,1,8400.0,1159000.0,24,1,0.555,1,641000.0,0
TRAD-000215,32,Salaried,400000.0,12,650,3,38900.0,1407000.0,240,2,1.343,0,612000.0,0
TRAD-000216,24,Salaried,1225000.0,15,786,2,19800.0,359000.0,180,2,0.213,0,511000.0,1
TRAD-000217,25,Business Owner,244000.0,14,772,2,33500.0,631000.0,24,2,2.941,0,151000.0,0
TRAD-000218,40,Business Owner,423000.0,19,746,1,12000.0,1295000.0,36,1,1.361,0,113000.0,0
TRAD-000219,60,Salaried,120000.0,21,764,1,9200.0,50000.0,240,2,0.941,0,114000.0,0
TRAD-000220,26,Salaried,751000.0,3,502,0,0.0,1035000.0,60,0,0.276,0,15000.0,0
TRAD-000221,41,Salaried,342000.0,17,851,0,0.0,1221000.0,36,4,1.19,0,537000.0,1
TRAD-000222,51,Salaried,350000.0,1,681,0,0.0,875000.0,36,2,0.833,0,667000.0,0
TRAD-000223,29,Salaried,266000.0,15,818,0,0.0,1108000.0,48,1,1.041,1,409000.0,0
TRAD-000224,52,Business Owner,868000.0,12,507,0,0.0,938000.0,60,4,0.216,0,501000.0,1
TRAD-000225,34,Salaried,849000.0,6,724,1,6900.0,496000.0,60,2,0.214,0,373000.0,1
TRAD-000226,56,Self-Employed,1157000.0,29,646,2,13700.0,134000.0,60,3,0.165,0,442000.0,1
TRAD-000227,46,Salaried,458000.0,7,754,1,8600.0,841000.0,84,4,0.488,0,0.0,0
TRAD-000228,45,Salaried,711000.0,1,730,0,0.0,1748000.0,36,4,0.82,0,379000.0,1
TRAD-000229,28,Self-Employed,289000.0,10,735,1,9000.0,1566000.0,60,1,1.457,0,194000.0,0
TRAD-000230,41,Salaried,556000.0,22,599,1,16000.0,676000.0,180,2,0.426,0,290000.0,1
TRAD-000231,58,Self-Employed,505000.0,0,695,1,11600.0,662000.0,48,4,0.603,0,356000.0,0
TRAD-000232,21,Salaried,780000.0,14,683,2,34900.0,614000.0,240,2,0.576,0,121000.0,1
TRAD-000233,54,Business Owner,935000.0,12,747,2,14500.0,614000.0,60,1,0.317,0,31000.0,1
TRAD-000234,42,Self-Employed,927000.0,25,794,0,0.0,1087000.0,48,2,0.293,1,114000.0,1
TRAD-000235,52,Business Owner,414000.0,0,714,1,7500.0,1587000.0,120,0,0.601,0,0.0,0
TRAD-000236,50,Salaried,930000.0,0,579,0,0.0,2371000.0,48,4,0.637,0,11000.0,0
TRAD-000237,40,Salaried,638000.0,16,710,1,17600.0,361000.0,48,2,0.472,0,46000.0,1
TRAD-000238,34,Salaried,559000.0,5,900,0,0.0,1323000.0,48,1,0.592,0,0.0,1
TRAD-000239,48,Salaried,452000.0,21,856,1,100.0,1253000.0,60,2,0.557,0,432000.0,1
TRAD-000240,27,Salaried,493000.0,8,417,1,6200.0,686000.0,12,0,1.542,0,75000.0,0
TRAD-000241,46,Salaried,1138000.0,16,706,0,0.0,233000.0,48,3,0.051,0,0.0,1
TRAD-000242,25,Salaried,736000.0,1,789,2,10400.0,1079000.0,120,2,0.316,0,200000.0,1
TRAD-000243,49,Salaried,699000.0,20,683,3,16700.0,2278000.0,36,0,1.373,0,22000.0,0
TRAD-000244,48,Salaried,577000.0,15,656,0,0.0,1075000.0,60,2,0.373,0,665000.0,1
TRAD-000245,24,Salaried,1335000.0,0,675,2,1600.0,388000.0,36,0,0.111,0,333000.0,1
TRAD-000246,54,Salaried,1015000.0,7,752,0,0.0,798000.0,240,1,0.039,0,0.0,1
TRAD-000247,39,Self-Employed,448000.0,1,591,1,1500.0,159000.0,36,4,0.158,0,442000.0,0
TRAD-000248,55,Salaried,573000.0,1,813,0,0.0,912000.0,120,3,0.159,0,321000.0,1
TRAD-000249,22,Salaried,590000.0,20,695,1,7700.0,1344000.0,120,2,0.384,1,240000.0,0
TRAD-000250,28,Salaried,691000.0,12,611,1,12300.0,450000.0,48,2,0.376,0,694000.0,1
TRAD-000251,42,Self-Employed,454000.0,24,807,2,20800.0,50000.0,240,2,0.555,0,56000.0,1
TRAD-000252,29,Salaried,773000.0,7,553,1,13700.0,1080000.0,240,0,0.283,0,559000.0,1
TRAD-000253,35,Self-Employed,1057000.0,21,647,0,0.0,574000.0,12,1,0.543,0,198000.0,1
TRAD-000254,50,Business Owner,282000.0,18,646,2,14300.0,412000.0,84,4,0.817,0,295000.0,0
TRAD-000255,27,Salaried,334000.0,19,900,1,10700.0,406000.0,24,4,0.992,0,113000.0,1
TRAD-000256,50,Business Owner,515000.0,24,635,0,0.0,1160000.0,240,0,0.113,1,128000.0,1
TRAD-000257,25,Self-Employed,528000.0,21,495,0,0.0,635000.0,240,4,0.06,0,191000.0,0
TRAD-000258,28,Salaried,1210000.0,22,645,2,20600.0,1505000.0,48,0,0.515,0,0.0,1
TRAD-000259,46,Salaried,930000.0,22,743,0,0.0,1519000.0,48,2,0.408,0,387000.0,1
TRAD-000260,55,Self-Employed,914000.0,13,774,0,0.0,724000.0,180,4,0.053,0,329000.0,1
TRAD-000261,28,Business Owner,576000.0,21,900,1,10600.0,561000.0,48,1,0.464,0,0.0,1
TRAD-000262,34,Salaried,570000.0,25,834,1,17100.0,983000.0,120,4,0.532,0,465000.0,1
TRAD-000263,61,Salaried,244000.0,22,718,1,8000.0,805000.0,84,4,0.865,0,664000.0,1
TRAD-000264,64,Self-Employed,869000.0,18,615,1,7500.0,50000.0,36,2,0.123,1,134000.0,0
TRAD-000265,46,Salaried,787000.0,2,854,1,7200.0,2144000.0,48,4,0.791,0,104000.0,1
TRAD-000266,40,Self-Employed,1010000.0,13,665,1,10600.0,1364000.0,240,0,0.193,0,578000.0,1
TRAD-000267,36,Salaried,591000.0,1,637,0,0.0,599000.0,60,2,0.203,0,401000.0,1
TRAD-000268,47,Self-Employed,610000.0,3,660,1,8500.0,50000.0,48,1,0.188,0,266000.0,0
TRAD-000269,47,Business Owner,698000.0,10,581,1,12500.0,783000.0,240,3,0.271,0,504000.0,1
TRAD-000270,33,Self-Employed,900000.0,13,656,0,0.0,518000.0,84,1,0.082,0,369000.0,1
TRAD-000271,22,Self-Employed,238000.0,15,678,1,9700.0,861000.0,84,2,1.006,0,657000.0,0
TRAD-000272,27,Self-Employed,856000.0,27,769,0,0.0,50000.0,48,3,0.015,0,296000.0,1
TRAD-000273,63,Business Owner,644000.0,22,663,1,10300.0,593000.0,120,1,0.284,0,407000.0,1
TRAD-000274,39,Business Owner,354000.0,12,580,1,0.0,633000.0,12,4,1.788,0,575000.0,0
TRAD-000275,42,Salaried,120000.0,10,548,2,6700.0,775000.0,24,3,3.0,0,0.0,0
TRAD-000276,41,Self-Employed,612000.0,21,720,1,8000.0,746000.0,180,1,0.238,0,584000.0,1
TRAD-000277,55,Salaried,1055000.0,8,707,1,5800.0,934000.0,36,3,0.361,1,174000.0,0
TRAD-000278,23,Business Owner,1119000.0,26,647,5,47100.0,1889000.0,240,1,0.589,1,425000.0,0
TRAD-000279,24,Self-Employed,750000.0,23,656,2,15600.0,565000.0,240,2,0.287,0,716000.0,1
TRAD-000280,33,Salaried,1199000.0,20,737,0,0.0,308000.0,48,3,0.064,0,224000.0,1
TRAD-000281,42,Salaried,638000.0,7,832,1,4600.0,50000.0,240,4,0.09,0,186000.0,1
TRAD-000282,50,Salaried,917000.0,18,626,2,16300.0,568000.0,120,1,0.275,0,286000.0,1
TRAD-000283,42,Self-Employed,524000.0,24,708,0,0.0,50000.0,180,2,0.006,0,0.0,1
TRAD-000284,40,Salaried,506000.0,2,791,1,10400.0,1524000.0,60,2,0.849,0,850000.0,0
TRAD-000285,62,Salaried,460000.0,5,626,2,19200.0,838000.0,24,4,1.412,0,289000.0,0
TRAD-000286,28,Business Owner,120000.0,15,699,0,0.0,1511000.0,60,4,2.518,1,711000.0,0
TRAD-000287,46,Self-Employed,1010000.0,10,696,1,9300.0,1853000.0,180,1,0.233,0,217000.0,1
TRAD-000288,44,Salaried,470000.0,21,575,3,25200.0,338000.0,12,0,1.363,1,309000.0,0
TRAD-000289,41,Salaried,426000.0,12,716,0,0.0,674000.0,12,4,1.582,0,536000.0,0
TRAD-000290,56,Business Owner,320000.0,29,703,2,23800.0,1766000.0,180,0,1.26,0,24000.0,0
TRAD-000291,32,Self-Employed,593000.0,8,753,1,10000.0,1023000.0,84,1,0.449,1,274000.0,0
TRAD-000292,62,Self-Employed,1144000.0,10,587,0,0.0,1239000.0,60,0,0.217,0,527000.0,1
TRAD-000293,35,Salaried,1236000.0,0,701,3,43200.0,1571000.0,120,0,0.547,0,247000.0,0
TRAD-000294,44,Salaried,185000.0,7,831,2,27200.0,1483000.0,120,0,2.566,0,179000.0,0
TRAD-000295,43,Salaried,551000.0,7,897,1,10100.0,1167000.0,48,3,0.749,0,579000.0,1
TRAD-000296,58,Self-Employed,360000.0,22,822,0,0.0,1808000.0,84,2,0.717,0,650000.0,1
TRAD-000297,40,Salaried,927000.0,10,588,2,13000.0,856000.0,60,0,0.353,1,690000.0,0
TRAD-000298,33,Salaried,730000.0,6,743,0,0.0,1238000.0,24,3,0.848,0,131000.0,1
TRAD-000299,21,Self-Employed,472000.0,9,654,1,9000.0,785000.0,120,0,0.395,0,155000.0,1
TRAD-000300,37,Business Owner,670000.0,16,727,0,0.0,1563000.0,48,2,0.583,0,182000.0,1
TRAD-000301,57,Self-Employed,516000.0,23,627,0,0.0,445000.0,240,3,0.043,0,480000.0,1
TRAD-000302,21,Salaried,1102000.0,29,537,1,6400.0,50000.0,48,2,0.081,0,1000.0,1
TRAD-000303,60,Salaried,803000.0,1,667,1,10400.0,1326000.0,24,1,0.981,0,15000.0,0
TRAD-000304,44,Salaried,838000.0,25,769,1,8800.0,237000.0,180,4,0.145,0,121000.0,1
TRAD-000305,27,Salaried,120000.0,11,727,1,5900.0,172000.0,24,4,1.307,0,65000.0,0
TRAD-000306,34,Salaried,631000.0,24,738,1,9200.0,1722000.0,240,4,0.311,0,521000.0,1
TRAD-000307,45,Salaried,1233000.0,1,721,1,9500.0,1528000.0,84,0,0.269,0,504000.0,1
TRAD-000308,34,Self-Employed,1021000.0,18,738,1,11900.0,677000.0,60,1,0.272,0,180000.0,1
TRAD-000309,25,Business Owner,133000.0,27,750,0,0.0,50000.0,36,1,0.125,0,252000.0,1
TRAD-000310,50,Business Owner,562000.0,1,674,1,12500.0,1247000.0,24,0,1.376,0,0.0,0
TRAD-000311,50,Salaried,314000.0,23,708,2,9300.0,1331000.0,24,1,2.475,0,186000.0,0
TRAD-000312,26,Salaried,1129000.0,3,866,1,7000.0,1236000.0,180,1,0.147,0,611000.0,1
TRAD-000313,33,Salaried,718000.0,29,713,4,63200.0,1206000.0,24,2,1.896,0,172000.0,0
TRAD-000314,31,Salaried,435000.0,22,704,2,9800.0,782000.0,12,3,2.068,0,27000.0,0
TRAD-000315,50,Salaried,660000.0,27,710,2,12700.0,633000.0,24,2,0.71,0,644000.0,1
TRAD-000316,53,Salaried,120000.0,26,679,3,12000.0,181000.0,84,3,1.415,0,21000.0,0
TRAD-000317,52,Self-Employed,346000.0,9,659,1,5700.0,447000.0,60,1,0.456,0,687000.0,1
TRAD-000318,62,Salaried,660000.0,12,720,0,0.0,1109000.0,48,2,0.42,0,1022000.0,1
TRAD-000319,54,Business Owner,887000.0,20,652,2,23700.0,1120000.0,240,1,0.384,0,273000.0,1
TRAD-000320,35,Salaried,120000.0,5,686,1,8900.0,1413000.0,48,0,3.0,1,611000.0,0
TRAD-000321,25,Salaried,543000.0,9,625,2,15400.0,50000.0,180,0,0.346,0,0.0,1
TRAD-000322,48,Salaried,933000.0,2,710,1,4000.0,50000.0,24,0,0.078,0,0.0,1
TRAD-000323,61,Salaried,244000.0,26,755,0,0.0,653000.0,60,3,0.535,0,101000.0,1
TRAD-000324,63,Salaried,714000.0,7,680,1,2800.0,237000.0,24,0,0.213,0,506000.0,1
TRAD-000325,31,Business Owner,668000.0,12,509,0,0.0,1021000.0,12,2,1.528,0,300000.0,0
TRAD-000326,31,Salaried,1130000.0,13,756,0,0.0,50000.0,120,0,0.004,0,253000.0,1
TRAD-000327,22,Salaried,586000.0,11,711,2,17700.0,1667000.0,120,1,0.647,0,0.0,0
TRAD-000328,27,Self-Employed,602000.0,23,606,0,0.0,366000.0,84,1,0.087,0,268000.0,1
TRAD-000329,45,Salaried,889000.0,27,773,0,0.0,1935000.0,60,1,0.435,0,139000.0,1
TRAD-000330,45,Self-Employed,279000.0,17,567,0,0.0,1241000.0,36,2,1.483,0,69000.0,0
TRAD-000331,37,Salaried,588000.0,25,799,1,14600.0,214000.0,180,4,0.322,0,48000.0,1
TRAD-000332,34,Business Owner,522000.0,3,695,1,4900.0,2262000.0,24,3,2.279,0,348000.0,0
TRAD-000333,57,Salaried,611000.0,28,484,2,15200.0,1073000.0,60,1,0.65,0,120000.0,0
TRAD-000334,41,Salaried,888000.0,3,717,0,0.0,1008000.0,240,4,0.057,1,298000.0,1
TRAD-000335,56,Self-Employed,805000.0,1,661,1,11600.0,858000.0,120,4,0.28,0,0.0,0
TRAD-000336,63,Business Owner,440000.0,0,647,3,9800.0,1203000.0,180,3,0.45,0,426000.0,0
TRAD-000337,34,Salaried,688000.0,7,630,0,0.0,1242000.0,24,1,0.903,0,360000.0,0
TRAD-000338,29,Self-Employed,1067000.0,25,688,2,22500.0,338000.0,12,0,0.57,0,242000.0,1
TRAD-000339,62,Salaried,417000.0,9,654,1,16000.0,761000.0,180,4,0.582,0,340000.0,0
TRAD-000340,48,Salaried,691000.0,23,524,3,26500.0,975000.0,84,4,0.662,0,534000.0,0
TRAD-000341,33,Salaried,596000.0,12,821,2,13600.0,1279000.0,180,2,0.417,0,0.0,1
TRAD-000342,48,Self-Employed,632000.0,3,677,1,11600.0,1290000.0,180,2,0.356,0,317000.0,0
TRAD-000343,43,Salaried,193000.0,14,630,0,0.0,1007000.0,48,2,1.304,0,0.0,0
TRAD-000344,60,Self-Employed,1045000.0,6,593,1,6100.0,542000.0,12,4,0.589,0,322000.0,0
TRAD-000345,32,Salaried,433000.0,8,773,0,0.0,509000.0,240,1,0.059,0,235000.0,1
TRAD-000346,64,Business Owner,937000.0,15,577,1,1700.0,126000.0,36,3,0.067,0,294000.0,1
TRAD-000347,62,Business Owner,476000.0,23,713,1,10000.0,1285000.0,24,4,1.602,0,512000.0,0
TRAD-000348,28,Salaried,475000.0,17,645,2,30300.0,500000.0,84,1,0.916,0,505000.0,0
TRAD-000349,28,Salaried,990000.0,6,650,1,3800.0,775000.0,12,1,0.829,0,572000.0,0
TRAD-000350,44,Salaried,928000.0,21,595,0,0.0,1055000.0,12,0,1.137,0,201000.0,0
TRAD-000351,22,Business Owner,708000.0,20,641,0,0.0,903000.0,120,3,0.128,0,476000.0,1
TRAD-000352,34,Salaried,863000.0,7,701,0,0.0,896000.0,12,1,1.038,0,427000.0,1
TRAD-000353,40,Salaried,569000.0,25,722,0,0.0,312000.0,84,0,0.078,0,207000.0,1
TRAD-000354,63,Salaried,648000.0,25,625,4,42800.0,1075000.0,60,2,1.124,0,329000.0,0
TRAD-000355,64,Self-Employed,465000.0,18,691,0,0.0,697000.0,12,2,1.499,0,267000.0,0
TRAD-000356,27,Salaried,903000.0,8,784,0,0.0,844000.0,240,0,0.047,0,649000.0,1
TRAD-000357,60,Salaried,456000.0,10,542,2,7800.0,1653000.0,24,3,2.018,0,503000.0,0
TRAD-000358,25,Business Owner,1066000.0,13,699,0,0.0,1228000.0,84,2,0.165,0,216000.0,1
TRAD-000359,53,Salaried,562000.0,5,610,1,4900.0,529000.0,24,2,0.575,0,199000.0,0
TRAD-000360,58,Business Owner,656000.0,9,600,1,8300.0,803000.0,84,1,0.327,0,539000.0,1
TRAD-000361,60,Salaried,862000.0,4,725,1,13600.0,1940000.0,24,3,1.315,0,635000.0,0
TRAD-000362,30,Salaried,657000.0,4,648,1,9300.0,700000.0,180,3,0.241,0,379000.0,1
TRAD-000363,60,Business Owner,567000.0,22,584,1,13400.0,926000.0,60,3,0.61,0,465000.0,0
TRAD-000364,26,Self-Employed,642000.0,3,826,0,0.0,1332000.0,12,1,2.075,0,626000.0,0
TRAD-000365,43,Self-Employed,900000.0,14,787,0,0.0,1040000.0,12,2,1.156,0,256000.0,1
TRAD-000366,41,Salaried,464000.0,12,516,0,0.0,658000.0,60,1,0.284,0,321000.0,1
TRAD-000367,34,Salaried,615000.0,1,560,0,0.0,417000.0,60,1,0.136,0,422000.0,0
TRAD-000368,21,Salaried,653000.0,24,756,0,0.0,893000.0,36,4,0.456,0,193000.0,1
TRAD-000369,54,Salaried,892000.0,29,673,3,30100.0,1328000.0,84,1,0.618,0,725000.0,1
TRAD-000370,35,Salaried,622000.0,19,843,2,21100.0,1759000.0,180,1,0.596,0,190000.0,1
TRAD-000371,50,Salaried,1156000.0,20,759,0,0.0,50000.0,120,3,0.004,0,315000.0,1
TRAD-000372,39,Salaried,606000.0,6,728,0,0.0,2046000.0,120,3,0.338,0,779000.0,1
TRAD-000373,37,Salaried,583000.0,25,603,1,7800.0,713000.0,240,1,0.222,0,0.0,1
TRAD-000374,59,Salaried,602000.0,23,747,0,0.0,1501000.0,24,0,1.247,0,354000.0,1
TRAD-000375,25,Salaried,281000.0,13,579,1,7600.0,421000.0,12,3,1.823,1,135000.0,0
TRAD-000376,53,Business Owner,360000.0,21,824,2,19900.0,50000.0,24,4,0.733,0,300000.0,1
TRAD-000377,53,Self-Employed,501000.0,28,740,1,9800.0,50000.0,12,0,0.335,0,0.0,1
TRAD-000378,37,Salaried,968000.0,18,622,2,11100.0,685000.0,36,1,0.373,0,207000.0,1
TRAD-000379,32,Self-Employed,641000.0,5,776,4,24100.0,1241000.0,24,4,1.419,1,306000.0,0
TRAD-000380,21,Business Owner,514000.0,9,900,0,0.0,920000.0,240,3,0.089,0,360000.0,1
TRAD-000381,62,Salaried,993000.0,5,679,0,0.0,737000.0,48,3,0.186,0,524000.0,1
TRAD-000382,62,Salaried,1084000.0,9,752,4,41900.0,1627000.0,24,1,1.214,0,0.0,0
TRAD-000383,31,Salaried,1002000.0,26,659,0,0.0,901000.0,60,2,0.18,1,269000.0,1
TRAD-000384,22,Salaried,411000.0,5,708,0,0.0,1082000.0,48,0,0.658,0,256000.0,0
TRAD-000385,26,Self-Employed,511000.0,26,557,1,11700.0,2922000.0,12,4,3.0,0,284000.0,0
TRAD-000386,23,Business Owner,1158000.0,8,700,0,0.0,895000.0,240,2,0.039,0,308000.0,1
TRAD-000387,57,Salaried,718000.0,14,704,2,11000.0,448000.0,120,3,0.246,0,92000.0,1
TRAD-000388,60,Self-Employed,575000.0,15,871,2,22300.0,1213000.0,180,4,0.606,0,0.0,1
TRAD-000389,27,Salaried,851000.0,3,529,0,0.0,1377000.0,240,0,0.081,0,354000.0,1
TRAD-000390,53,Self-Employed,932000.0,5,673,0,0.0,1096000.0,180,4,0.078,0,51000.0,1
TRAD-000391,28,Self-Employed,490000.0,9,822,0,0.0,1002000.0,36,1,0.682,0,401000.0,1
TRAD-000392,37,Salaried,711000.0,1,677,2,12400.0,1863000.0,120,1,0.471,0,66000.0,0
TRAD-000393,47,Salaried,909000.0,22,684,1,10400.0,1782000.0,12,2,2.098,0,473000.0,0
TRAD-000394,52,Self-Employed,325000.0,16,621,1,5300.0,824000.0,48,1,0.83,0,286000.0,0
TRAD-000395,59,Business Owner,653000.0,25,611,0,0.0,482000.0,120,1,0.074,0,304000.0,1
TRAD-000396,22,Salaried,338000.0,25,527,4,32400.0,1179000.0,120,3,1.499,0,238000.0,0
TRAD-000397,29,Salaried,375000.0,10,640,0,0.0,478000.0,120,1,0.127,0,198000.0,1
TRAD-000398,33,Salaried,492000.0,24,606,0,0.0,1475000.0,120,3,0.3,0,242000.0,1
TRAD-000399,34,Self-Employed,784000.0,1,711,1,18700.0,1176000.0,12,1,1.786,0,595000.0,0
TRAD-000400,64,Self-Employed,560000.0,12,625,0,0.0,2636000.0,84,1,0.672,0,0.0,1
TRAD-000401,55,Self-Employed,468000.0,19,654,1,7300.0,1858000.0,84,0,0.754,0,138000.0,0
TRAD-000402,35,Self-Employed,664000.0,13,657,1,6600.0,199000.0,24,4,0.269,0,564000.0,1
TRAD-000403,63,Business Owner,329000.0,22,695,0,0.0,563000.0,36,0,0.57,0,505000.0,1
TRAD-000404,42,Business Owner,770000.0,25,650,2,12900.0,50000.0,60,2,0.214,0,636000.0,1
TRAD-000405,43,Salaried,967000.0,12,599,0,0.0,50000.0,84,1,0.007,0,285000.0,1
TRAD-000406,40,Self-Employed,628000.0,8,708,2,17700.0,974000.0,180,4,0.442,0,0.0,1
TRAD-000407,27,Salaried,593000.0,17,801,1,8800.0,125000.0,120,0,0.199,0,23000.0,1
TRAD-000408,62,Salaried,755000.0,26,712,0,0.0,1967000.0,240,2,0.13,0,225000.0,1
TRAD-000409,21,Business Owner,120000.0,29,642,0,0.0,1653000.0,36,2,3.0,0,490000.0,0
TRAD-000410,28,Self-Employed,800000.0,24,688,2,14900.0,724000.0,48,4,0.45,0,236000.0,1
TRAD-000411,31,Business Owner,1519000.0,7,505,1,7100.0,687000.0,36,0,0.207,0,217000.0,1
TRAD-000412,33,Salaried,616000.0,6,687,1,6600.0,1865000.0,240,4,0.28,0,399000.0,1
TRAD-000413,26,Salaried,617000.0,17,662,0,0.0,2014000.0,84,0,0.466,0,307000.0,1
TRAD-000414,21,Salaried,858000.0,12,611,0,0.0,294000.0,60,1,0.069,0,190000.0,1
TRAD-000415,50,Salaried,1111000.0,18,629,3,43000.0,210000.0,84,4,0.491,0,50000.0,1
TRAD-000416,63,Salaried,923000.0,27,661,1,16800.0,704000.0,36,1,0.473,0,537000.0,1
TRAD-000417,26,Salaried,120000.0,16,794,1,6700.0,1180000.0,180,2,1.326,0,562000.0,0
TRAD-000418,34,Salaried,808000.0,10,804,1,15700.0,566000.0,84,1,0.333,1,36000.0,0
TRAD-000419,43,Business Owner,1370000.0,26,612,0,0.0,1194000.0,60,4,0.174,0,199000.0,1
TRAD-000420,61,Salaried,824000.0,13,651,1,12900.0,2168000.0,120,0,0.451,0,467000.0,1
TRAD-000421,51,Salaried,327000.0,18,653,0,0.0,50000.0,180,4,0.01,0,16000.0,1
TRAD-000422,54,Self-Employed,729000.0,4,777,1,7600.0,610000.0,48,1,0.334,1,391000.0,0
TRAD-000423,46,Salaried,291000.0,15,714,2,23800.0,50000.0,120,2,0.999,1,218000.0,0
TRAD-000424,39,Business Owner,995000.0,12,709,0,0.0,356000.0,180,1,0.024,1,0.0,1
TRAD-000425,29,Self-Employed,382000.0,3,751,1,1900.0,708000.0,84,3,0.324,0,744000.0,1
TRAD-000426,59,Salaried,671000.0,6,643,0,0.0,427000.0,24,3,0.318,1,215000.0,0
TRAD-000427,56,Self-Employed,410000.0,21,830,2,25000.0,1238000.0,24,0,2.241,0,431000.0,0
TRAD-000428,22,Self-Employed,497000.0,5,700,0,0.0,998000.0,12,1,2.008,0,20000.0,0
TRAD-000429,52,Self-Employed,1066000.0,3,619,1,10900.0,1094000.0,36,3,0.465,0,688000.0,1
TRAD-000430,24,Business Owner,679000.0,1,678,1,6000.0,701000.0,24,2,0.622,0,787000.0,1
TRAD-000431,53,Self-Employed,493000.0,0,817,0,0.0,761000.0,84,2,0.221,0,0.0,1
TRAD-000432,57,Self-Employed,329000.0,13,660,2,17200.0,672000.0,240,1,0.729,0,259000.0,0
TRAD-000433,26,Salaried,126000.0,14,790,1,8200.0,738000.0,12,3,3.0,0,632000.0,0
TRAD-000434,40,Self-Employed,300000.0,18,641,0,0.0,1172000.0,36,4,1.302,0,183000.0,0
TRAD-000435,26,Business Owner,681000.0,17,627,1,12700.0,50000.0,12,0,0.297,0,402000.0,1
TRAD-000436,45,Self-Employed,924000.0,16,763,1,10400.0,1087000.0,12,3,1.311,0,0.0,0
TRAD-000437,61,Self-Employed,493000.0,29,617,1,10000.0,335000.0,12,4,0.923,0,103000.0,0
TRAD-000438,24,Salaried,1090000.0,7,778,2,34400.0,680000.0,84,1,0.468,0,376000.0,1
TRAD-000439,38,Self-Employed,449000.0,21,733,2,21800.0,50000.0,240,2,0.588,0,153000.0,1
TRAD-000440,63,Business Owner,583000.0,2,617,2,27600.0,667000.0,120,2,0.683,0,210000.0,0
TRAD-000441,34,Salaried,348000.0,25,693,0,0.0,1081000.0,120,3,0.311,1,0.0,0
TRAD-000442,26,Salaried,927000.0,10,648,0,0.0,1197000.0,24,3,0.646,0,464000.0,1
TRAD-000443,42,Salaried,1237000.0,10,733,0,0.0,129000.0,180,4,0.007,0,0.0,1
TRAD-000444,43,Salaried,157000.0,4,879,0,0.0,1166000.0,84,2,1.061,0,685000.0,0
TRAD-000445,50,Self-Employed,553000.0,15,665,0,0.0,1641000.0,240,4,0.148,0,129000.0,1
TRAD-000446,34,Salaried,1004000.0,11,751,1,10100.0,579000.0,48,2,0.265,0,500000.0,1
TRAD-000447,63,Salaried,245000.0,29,702,0,0.0,901000.0,120,1,0.368,0,476000.0,1
TRAD-000448,43,Self-Employed,809000.0,5,702,0,0.0,50000.0,60,3,0.012,1,54000.0,0
TRAD-000449,33,Self-Employed,992000.0,12,684,1,8600.0,317000.0,60,2,0.168,0,156000.0,1
TRAD-000450,63,Self-Employed,672000.0,27,619,0,0.0,1076000.0,12,3,1.601,1,186000.0,0
TRAD-000451,61,Self-Employed,804000.0,24,732,2,29100.0,1521000.0,60,3,0.813,0,203000.0,1
TRAD-000452,42,Self-Employed,1143000.0,22,673,1,7700.0,510000.0,24,0,0.304,0,0.0,1
TRAD-000453,22,Self-Employed,1196000.0,15,614,1,5100.0,2635000.0,120,2,0.271,0,433000.0,1
TRAD-000454,47,Self-Employed,633000.0,26,796,1,11200.0,1104000.0,120,0,0.387,0,128000.0,1
TRAD-000455,45,Salaried,501000.0,6,709,1,9400.0,72000.0,180,2,0.235,0,271000.0,1
TRAD-000456,27,Self-Employed,392000.0,24,678,1,7600.0,1737000.0,60,3,1.119,0,552000.0,0
TRAD-000457,48,Salaried,924000.0,17,827,0,0.0,86000.0,180,3,0.006,0,443000.0,1
TRAD-000458,57,Salaried,266000.0,10,526,2,18000.0,1113000.0,240,0,1.021,0,145000.0,0
TRAD-000459,25,Salaried,579000.0,6,821,2,28800.0,296000.0,60,4,0.699,0,560000.0,0
TRAD-000460,52,Business Owner,679000.0,15,616,3,32600.0,50000.0,240,3,0.58,0,466000.0,0
TRAD-000461,27,Self-Employed,509000.0,0,720,3,26600.0,1525000.0,120,1,0.927,0,124000.0,0
TRAD-000462,53,Salaried,728000.0,21,644,2,24800.0,731000.0,36,2,0.743,0,171000.0,1
TRAD-000463,39,Self-Employed,1368000.0,7,612,1,9100.0,2022000.0,60,0,0.375,0,550000.0,1
TRAD-000464,21,Salaried,616000.0,11,825,1,10600.0,238000.0,12,1,0.593,0,495000.0,1
TRAD-000465,63,Self-Employed,528000.0,5,876,0,0.0,50000.0,48,3,0.024,1,0.0,0
TRAD-000466,28,Business Owner,934000.0,13,679,1,11400.0,588000.0,48,4,0.304,0,49000.0,1
TRAD-000467,47,Self-Employed,717000.0,11,732,1,7200.0,2779000.0,36,2,1.412,0,474000.0,0
TRAD-000468,28,Self-Employed,1053000.0,5,705,0,0.0,1442000.0,48,1,0.342,0,6000.0,1
TRAD-000469,62,Salaried,696000.0,26,864,2,25300.0,1260000.0,12,4,2.247,0,501000.0,0
TRAD-000470,53,Salaried,580000.0,22,499,0,0.0,1282000.0,60,2,0.442,0,784000.0,1
TRAD-000471,56,Business Owner,151000.0,11,736,2,9300.0,585000.0,24,3,2.676,0,393000.0,0
TRAD-000472,40,Self-Employed,196000.0,1,631,1,9700.0,2674000.0,36,3,3.0,0,69000.0,0
TRAD-000473,41,Salaried,136000.0,25,476,1,7200.0,1198000.0,120,1,1.516,0,344000.0,0
TRAD-000474,48,Salaried,756000.0,20,666,0,0.0,1137000.0,180,0,0.1,0,559000.0,1
TRAD-000475,55,Salaried,269000.0,16,876,1,10000.0,1540000.0,24,3,3.0,0,325000.0,0
TRAD-000476,58,Salaried,1002000.0,18,638,1,22300.0,72000.0,84,4,0.277,0,421000.0,1
TRAD-000477,21,Salaried,658000.0,0,775,0,0.0,328000.0,240,4,0.025,0,100000.0,1
TRAD-000478,50,Salaried,582000.0,14,814,2,30300.0,740000.0,84,4,0.806,0,119000.0,1
TRAD-000479,25,Business Owner,414000.0,5,699,1,15500.0,1544000.0,12,1,3.0,0,527000.0,0
TRAD-000480,33,Salaried,824000.0,19,711,1,11100.0,56000.0,120,4,0.168,0,122000.0,1
TRAD-000481,57,Salaried,425000.0,27,537,1,9100.0,856000.0,12,0,2.271,1,0.0,0
TRAD-000482,32,Salaried,374000.0,15,632,3,28100.0,764000.0,84,1,1.193,0,223000.0,0
TRAD-000483,56,Salaried,983000.0,18,786,0,0.0,50000.0,60,3,0.01,0,379000.0,1
TRAD-000484,41,Business Owner,749000.0,20,706,0,0.0,569000.0,60,1,0.152,1,565000.0,1
TRAD-000485,31,Salaried,584000.0,27,735,1,5500.0,1252000.0,36,0,0.828,1,711000.0,0
TRAD-000486,35,Self-Employed,830000.0,1,713,1,8400.0,50000.0,180,0,0.125,0,321000.0,1
TRAD-000487,44,Business Owner,653000.0,9,900,2,15700.0,1817000.0,12,4,3.0,0,465000.0,0
TRAD-000488,54,Salaried,757000.0,8,659,4,8400.0,1204000.0,240,2,0.213,0,330000.0,1
TRAD-000489,47,Self-Employed,421000.0,21,853,1,12400.0,1125000.0,12,0,3.0,0,389000.0,0
TRAD-000490,62,Business Owner,1230000.0,13,713,2,26500.0,905000.0,36,3,0.504,0,253000.0,1
TRAD-000491,59,Salaried,488000.0,23,861,0,0.0,190000.0,60,1,0.078,1,397000.0,1
TRAD-000492,54,Salaried,1086000.0,14,584,1,13100.0,478000.0,60,1,0.233,0,118000.0,1
TRAD-000493,47,Business Owner,597000.0,29,718,2,5300.0,1135000.0,36,4,0.74,0,795000.0,1
TRAD-000494,33,Business Owner,876000.0,23,663,0,0.0,476000.0,36,2,0.181,1,0.0,1
TRAD-000495,39,Salaried,856000.0,0,713,0,0.0,1023000.0,84,0,0.171,0,443000.0,1
TRAD-000496,26,Self-Employed,971000.0,29,816,0,0.0,316000.0,12,4,0.325,0,380000.0,1
TRAD-000497,37,Salaried,415000.0,28,736,2,18700.0,1193000.0,24,0,1.978,0,393000.0,0
TRAD-000498,61,Business Owner,951000.0,1,816,0,0.0,1242000.0,48,3,0.326,0,4000.0,1
TRAD-000499,39,Salaried,1167000.0,11,636,1,7400.0,50000.0,12,0,0.119,0,0.0,1
TRAD-000500,26,Salaried,578000.0,29,622,1,8600.0,944000.0,12,1,1.812,0,451000.0,0
TRAD-000501,49,Self-Employed,660000.0,25,702,1,14500.0,50000.0,12,4,0.339,0,635000.0,1
TRAD-000502,63,Business Owner,503000.0,14,696,0,0.0,50000.0,180,0,0.007,0,355000.0,1
TRAD-000503,59,Business Owner,553000.0,16,682,1,18000.0,514000.0,24,4,0.855,0,501000.0,1
TRAD-000504,33,Salaried,1129000.0,0,609,0,0.0,2718000.0,24,1,1.204,0,185000.0,0
TRAD-000505,40,Salaried,369000.0,16,814,1,10000.0,1404000.0,180,1,0.579,0,383000.0,1
TRAD-000506,44,Business Owner,386000.0,19,666,0,0.0,1805000.0,48,4,1.169,0,606000.0,1
TRAD-000507,31,Business Owner,1101000.0,10,835,0,0.0,1295000.0,60,3,0.235,0,222000.0,1
TRAD-000508,32,Salaried,825000.0,9,701,0,0.0,1034000.0,84,1,0.179,1,596000.0,0
TRAD-000509,31,Self-Employed,1244000.0,24,762,2,22400.0,1482000.0,84,3,0.386,0,0.0,1
TRAD-000510,64,Salaried,524000.0,13,753,0,0.0,484000.0,48,2,0.231,0,147000.0,1
TRAD-000511,53,Salaried,685000.0,7,622,2,29000.0,1206000.0,180,0,0.625,0,436000.0,0
TRAD-000512,57,Salaried,465000.0,11,735,1,4900.0,1665000.0,36,1,1.32,0,776000.0,0
TRAD-000513,56,Salaried,690000.0,14,883,0,0.0,1355000.0,24,1,0.982,0,304000.0,1
TRAD-000514,63,Salaried,153000.0,7,724,2,22500.0,1708000.0,60,2,3.0,0,42000.0,0
TRAD-000515,25,Business Owner,842000.0,16,786,3,36600.0,1019000.0,180,4,0.602,1,770000.0,1
TRAD-000516,59,Salaried,741000.0,25,766,2,20600.0,2000000.0,240,2,0.469,0,268000.0,1
TRAD-000517,23,Salaried,634000.0,22,729,1,8500.0,765000.0,120,0,0.282,1,466000.0,1
TRAD-000518,41,Salaried,541000.0,6,718,1,8000.0,2277000.0,12,3,3.0,0,216000.0,0
TRAD-000519,47,Salaried,399000.0,14,752,1,13500.0,1273000.0,120,2,0.725,0,336000.0,0
TRAD-000520,36,Salaried,854000.0,16,773,0,0.0,650000.0,24,1,0.381,0,159000.0,1
TRAD-000521,27,Self-Employed,322000.0,20,572,0,0.0,134000.0,180,1,0.028,0,864000.0,1
TRAD-000522,29,Salaried,793000.0,22,723,0,0.0,375000.0,24,3,0.236,0,598000.0,1
TRAD-000523,57,Self-Employed,1231000.0,14,683,1,15100.0,276000.0,24,2,0.259,0,742000.0,1
TRAD-000524,35,Business Owner,1066000.0,9,663,0,0.0,842000.0,60,2,0.158,0,103000.0,1
TRAD-000525,34,Salaried,229000.0,19,823,3,30300.0,72000.0,60,0,1.651,0,0.0,0
TRAD-000526,61,Business Owner,500000.0,3,630,3,43200.0,1740000.0,48,0,1.907,0,227000.0,0
TRAD-000527,27,Business Owner,768000.0,20,567,0,0.0,972000.0,60,1,0.253,0,929000.0,1
TRAD-000528,61,Business Owner,630000.0,26,776,1,6000.0,946000.0,120,3,0.264,1,220000.0,0
TRAD-000529,61,Self-Employed,258000.0,21,565,0,0.0,142000.0,84,0,0.079,0,563000.0,1
TRAD-000530,47,Self-Employed,758000.0,13,517,0,0.0,400000.0,120,0,0.053,0,44000.0,1
TRAD-000531,28,Self-Employed,647000.0,24,786,0,0.0,50000.0,36,4,0.026,0,93000.0,1
TRAD-000532,27,Self-Employed,1186000.0,15,715,1,6800.0,1952000.0,84,1,0.304,0,280000.0,1
TRAD-000533,33,Salaried,579000.0,16,745,2,21000.0,50000.0,24,0,0.478,1,827000.0,0
TRAD-000534,46,Business Owner,977000.0,25,658,0,0.0,50000.0,36,4,0.017,0,575000.0,1
TRAD-000535,27,Self-Employed,295000.0,5,568,0,0.0,1819000.0,240,2,0.308,0,0.0,0
TRAD-000536,41,Self-Employed,362000.0,23,587,0,0.0,1152000.0,12,0,3.0,0,467000.0,0
TRAD-000537,26,Salaried,852000.0,20,674,4,32600.0,978000.0,60,2,0.689,0,13000.0,1
TRAD-000538,44,Salaried,953000.0,15,579,1,11700.0,1121000.0,60,0,0.383,0,130000.0,1
TRAD-000539,21,Salaried,382000.0,2,729,1,11700.0,1520000.0,36,1,1.694,0,428000.0,0
TRAD-000540,52,Salaried,657000.0,22,656,0,0.0,965000.0,12,4,1.469,0,650000.0,0
TRAD-000541,23,Salaried,263000.0,6,718,2,9800.0,50000.0,24,3,0.542,0,637000.0,1
TRAD-000542,29,Salaried,599000.0,26,715,0,0.0,1377000.0,120,2,0.23,1,383000.0,0
TRAD-000543,28,Salaried,884000.0,23,737,2,7500.0,1175000.0,84,1,0.292,0,386000.0,1
TRAD-000544,57,Salaried,528000.0,10,747,0,0.0,1662000.0,84,2,0.45,0,637000.0,1
TRAD-000545,23,Salaried,580000.0,13,667,0,0.0,88000.0,24,3,0.076,0,0.0,0
TRAD-000546,39,Business Owner,334000.0,0,717,2,12400.0,426000.0,60,3,0.701,0,757000.0,0
TRAD-000547,47,Salaried,468000.0,14,722,1,4800.0,1155000.0,24,2,1.357,0,116000.0,0
TRAD-000548,43,Salaried,1142000.0,1,469,1,6500.0,286000.0,36,0,0.152,0,365000.0,0
TRAD-000549,50,Salaried,670000.0,29,761,2,5500.0,50000.0,240,4,0.102,0,176000.0,1
TRAD-000550,56,Salaried,369000.0,19,714,0,0.0,1028000.0,60,1,0.557,0,11000.0,1
TRAD-000551,38,Salaried,562000.0,7,754,0,0.0,1482000.0,12,4,2.637,0,415000.0,0
TRAD-000552,57,Self-Employed,203000.0,24,578,0,0.0,816000.0,84,4,0.574,0,359000.0,0
TRAD-000553,34,Business Owner,366000.0,0,670,2,22300.0,1256000.0,24,1,2.447,0,274000.0,0
TRAD-000554,64,Salaried,1031000.0,16,596,1,12900.0,1162000.0,12,2,1.277,0,262000.0,0
TRAD-000555,43,Self-Employed,610000.0,3,771,1,10000.0,907000.0,120,3,0.345,0,681000.0,0
TRAD-000556,53,Salaried,1179000.0,1,567,0,0.0,988000.0,84,1,0.12,1,848000.0,0
TRAD-000557,59,Salaried,623000.0,7,612,1,14500.0,1777000.0,24,3,1.705,0,613000.0,0
TRAD-000558,55,Salaried,640000.0,8,751,0,0.0,273000.0,120,2,0.043,0,369000.0,1
TRAD-000559,58,Salaried,829000.0,21,640,1,10300.0,1402000.0,24,4,0.995,0,0.0,0
TRAD-000560,44,Self-Employed,120000.0,26,612,0,0.0,132000.0,60,4,0.22,0,457000.0,1
TRAD-000561,22,Self-Employed,707000.0,23,786,1,5000.0,383000.0,84,4,0.162,0,468000.0,1
TRAD-000562,42,Self-Employed,636000.0,22,790,0,0.0,1677000.0,24,1,1.318,0,493000.0,1
TRAD-000563,28,Salaried,1066000.0,16,769,0,0.0,114000.0,120,3,0.011,0,15000.0,1
TRAD-000564,60,Self-Employed,920000.0,11,781,0,0.0,743000.0,60,3,0.162,0,513000.0,1
TRAD-000565,31,Salaried,333000.0,7,678,0,0.0,2435000.0,48,2,1.828,0,690000.0,0
TRAD-000566,31,Salaried,998000.0,28,681,0,0.0,1567000.0,120,0,0.157,0,54000.0,1
TRAD-000567,31,Salaried,577000.0,15,638,1,8100.0,421000.0,180,1,0.217,0,471000.0,1
TRAD-000568,49,Self-Employed,397000.0,16,716,2,11600.0,532000.0,60,2,0.619,0,97000.0,1
TRAD-000569,46,Business Owner,705000.0,0,650,4,26800.0,789000.0,180,4,0.531,0,274000.0,0
TRAD-000570,62,Salaried,593000.0,13,659,0,0.0,1753000.0,12,4,2.956,0,63000.0,0
TRAD-000571,39,Self-Employed,1081000.0,20,757,3,13700.0,249000.0,84,4,0.185,0,212000.0,1
TRAD-000572,33,Self-Employed,745000.0,14,813,0,0.0,210000.0,36,4,0.094,0,214000.0,1
TRAD-000573,23,Business Owner,708000.0,18,738,0,0.0,1364000.0,84,0,0.275,0,403000.0,1
TRAD-000574,21,Salaried,902000.0,24,870,1,12800.0,50000.0,84,4,0.178,0,523000.0,1
TRAD-000575,37,Self-Employed,956000.0,0,633,2,12100.0,308000.0,180,2,0.173,0,604000.0,1
TRAD-000576,61,Self-Employed,869000.0,27,525,0,0.0,845000.0,84,0,0.139,0,137000.0,1
TRAD-000577,44,Business Owner,1047000.0,24,768,2,4600.0,878000.0,12,0,0.891,0,390000.0,1
TRAD-000578,60,Salaried,820000.0,12,627,0,0.0,50000.0,240,1,0.003,0,25000.0,1
TRAD-000579,25,Business Owner,697000.0,22,674,0,0.0,1130000.0,60,1,0.324,0,272000.0,1
TRAD-000580,25,Salaried,997000.0,1,532,0,0.0,1260000.0,24,0,0.632,0,311000.0,0
TRAD-000581,57,Business Owner,625000.0,9,615,0,0.0,469000.0,24,1,0.375,0,69000.0,1
TRAD-000582,25,Salaried,659000.0,3,557,0,0.0,1979000.0,12,2,3.0,0,440000.0,0
TRAD-000583,23,Salaried,1132000.0,19,659,1,8500.0,1121000.0,24,1,0.585,0,261000.0,1
TRAD-000584,38,Salaried,1104000.0,25,663,3,60500.0,247000.0,36,3,0.732,0,339000.0,1
TRAD-000585,61,Salaried,648000.0,18,709,0,0.0,1954000.0,240,3,0.151,0,606000.0,1
TRAD-000586,51,Salaried,523000.0,21,818,1,10500.0,560000.0,180,1,0.312,0,193000.0,1
TRAD-000587,25,Salaried,1060000.0,4,764,0,0.0,1016000.0,12,0,0.958,0,513000.0,1
TRAD-000588,57,Salaried,874000.0,28,546,1,500.0,584000.0,48,1,0.174,0,661000.0,1
TRAD-000589,58,Salaried,738000.0,5,758,0,0.0,1306000.0,36,3,0.59,0,645000.0,1
TRAD-000590,56,Self-Employed,560000.0,15,711,1,8600.0,587000.0,60,1,0.394,0,253000.0,1
TRAD-000591,60,Business Owner,743000.0,20,691,0,0.0,626000.0,24,2,0.421,0,57000.0,1
TRAD-000592,31,Self-Employed,644000.0,25,698,0,0.0,796000.0,36,4,0.412,0,123000.0,1
TRAD-000593,64,Salaried,464000.0,28,719,0,0.0,574000.0,84,3,0.177,0,0.0,1
TRAD-000594,35,Salaried,686000.0,17,634,1,5100.0,1597000.0,60,3,0.555,0,472000.0,1
TRAD-000595,56,Business Owner,724000.0,17,683,0,0.0,82000.0,180,0,0.008,0,487000.0,1
TRAD-000596,46,Salaried,545000.0,12,812,2,10900.0,876000.0,240,3,0.32,0,329000.0,1
TRAD-000597,55,Salaried,903000.0,17,633,1,7900.0,958000.0,48,1,0.37,0,0.0,1
TRAD-000598,48,Business Owner,1011000.0,20,602,2,17700.0,819000.0,180,2,0.264,0,209000.0,1
TRAD-000599,49,Business Owner,922000.0,19,694,0,0.0,1529000.0,180,3,0.111,0,645000.0,1
TRAD-000600,48,Salaried,573000.0,17,593,0,0.0,50000.0,48,4,0.022,1,452000.0,1
TRAD-000601,55,Self-Employed,862000.0,13,536,1,12900.0,1269000.0,48,3,0.548,0,496000.0,1
TRAD-000602,53,Salaried,672000.0,5,667,1,6700.0,91000.0,84,1,0.139,0,1127000.0,1
TRAD-000603,26,Self-Employed,304000.0,1,838,1,8400.0,569000.0,240,2,0.425,0,382000.0,0
TRAD-000604,57,Salaried,838000.0,12,696,1,15600.0,50000.0,120,1,0.229,0,0.0,1
TRAD-000605,44,Salaried,691000.0,11,717,1,5100.0,684000.0,180,2,0.155,0,25000.0,1
TRAD-000606,35,Self-Employed,1376000.0,18,498,1,11900.0,524000.0,180,3,0.129,0,376000.0,1
TRAD-000607,43,Salaried,1058000.0,27,742,3,39100.0,1965000.0,24,4,1.372,0,305000.0,1
TRAD-000608,63,Self-Employed,849000.0,21,709,3,30700.0,1057000.0,24,1,1.056,0,257000.0,1
TRAD-000609,58,Salaried,720000.0,24,637,0,0.0,1186000.0,180,1,0.11,0,261000.0,1
TRAD-000610,57,Business Owner,696000.0,17,717,0,0.0,180000.0,60,4,0.052,0,104000.0,1
TRAD-000611,41,Business Owner,369000.0,27,716,2,17900.0,1381000.0,24,0,2.453,1,393000.0,0
TRAD-000612,55,Salaried,163000.0,28,599,2,19600.0,1965000.0,36,1,3.0,0,649000.0,0
TRAD-000613,37,Self-Employed,406000.0,4,732,1,7700.0,1465000.0,60,4,0.949,0,733000.0,0
TRAD-000614,51,Salaried,637000.0,19,814,2,19200.0,50000.0,84,4,0.373,0,726000.0,1
TRAD-000615,49,Salaried,120000.0,15,678,2,25700.0,598000.0,24,4,3.0,0,61000.0,0
TRAD-000616,31,Salaried,498000.0,29,618,2,15800.0,971000.0,36,4,1.031,0,295000.0,0
TRAD-000617,32,Business Owner,581000.0,17,683,0,0.0,525000.0,48,1,0.226,0,222000.0,1
TRAD-000618,23,Business Owner,590000.0,0,781,0,0.0,2546000.0,24,0,2.158,0,448000.0,0
TRAD-000619,27,Business Owner,465000.0,6,583,1,4700.0,587000.0,240,4,0.184,1,279000.0,0
TRAD-000620,40,Business Owner,554000.0,3,755,0,0.0,872000.0,12,2,1.574,0,244000.0,0
TRAD-000621,42,Business Owner,1133000.0,6,636,4,36000.0,510000.0,120,1,0.426,0,664000.0,1
TRAD-000622,28,Salaried,835000.0,2,723,0,0.0,1051000.0,36,2,0.42,0,325000.0,1
TRAD-000623,39,Business Owner,493000.0,23,646,1,5200.0,1799000.0,60,4,0.856,0,331000.0,0
TRAD-000624,47,Self-Employed,631000.0,14,646,0,0.0,975000.0,36,2,0.515,0,403000.0,1
TRAD-000625,31,Salaried,642000.0,20,845,1,7600.0,758000.0,240,3,0.201,0,469000.0,1
TRAD-000626,35,Self-Employed,435000.0,29,566,1,3100.0,202000.0,240,2,0.109,0,470000.0,1
TRAD-000627,37,Salaried,435000.0,19,746,1,13400.0,1686000.0,48,2,1.339,0,688000.0,0
TRAD-000628,43,Salaried,933000.0,14,864,0,0.0,807000.0,12,4,0.865,1,0.0,1
TRAD-000629,37,Salaried,532000.0,8,765,2,26800.0,779000.0,24,4,1.337,0,381000.0,0
TRAD-000630,53,Salaried,343000.0,22,574,0,0.0,50000.0,120,2,0.015,0,274000.0,1
TRAD-000631,35,Salaried,638000.0,15,578,1,8200.0,817000.0,180,4,0.24,0,225000.0,1
TRAD-000632,40,Business Owner,683000.0,22,629,0,0.0,639000.0,12,3,0.936,0,489000.0,0
TRAD-000633,37,Self-Employed,120000.0,0,715,0,0.0,50000.0,12,0,0.417,0,624000.0,1
TRAD-000634,29,Salaried,639000.0,4,721,0,0.0,1543000.0,60,4,0.483,1,152000.0,0
TRAD-000635,51,Salaried,893000.0,3,579,0,0.0,552000.0,180,3,0.041,0,722000.0,1
TRAD-000636,31,Salaried,776000.0,20,617,0,0.0,2132000.0,120,4,0.275,0,0.0,1
TRAD-000637,34,Salaried,1274000.0,15,623,2,10400.0,1819000.0,12,3,1.526,1,448000.0,0
TRAD-000638,55,Business Owner,1000000.0,9,683,0,0.0,432000.0,240,4,0.022,0,77000.0,1
TRAD-000639,62,Salaried,1056000.0,9,889,1,0.0,1790000.0,36,2,0.565,0,140000.0,1
TRAD-000640,50,Self-Employed,1434000.0,18,611,0,0.0,1947000.0,36,0,0.453,0,315000.0,1
TRAD-000641,61,Self-Employed,862000.0,28,607,2,22500.0,537000.0,48,1,0.469,0,200000.0,1
TRAD-000642,58,Self-Employed,696000.0,29,592,1,7300.0,229000.0,120,0,0.159,0,0.0,1
TRAD-000643,42,Business Owner,923000.0,14,760,0,0.0,50000.0,36,1,0.018,1,453000.0,1
TRAD-000644,54,Salaried,493000.0,20,696,1,8800.0,1147000.0,84,2,0.547,1,495000.0,0
TRAD-000645,35,Business Owner,680000.0,2,615,0,0.0,267000.0,36,4,0.131,1,260000.0,0
TRAD-000646,41,Self-Employed,469000.0,28,666,0,0.0,1167000.0,24,3,1.244,0,240000.0,0
TRAD-000647,44,Self-Employed,761000.0,0,625,1,2400.0,531000.0,12,2,0.736,0,207000.0,0
TRAD-000648,63,Self-Employed,467000.0,10,728,0,0.0,393000.0,48,2,0.21,0,0.0,1
TRAD-000649,58,Business Owner,458000.0,21,900,2,23900.0,535000.0,12,2,1.794,0,0.0,0
TRAD-000650,42,Business Owner,766000.0,29,752,1,7300.0,55000.0,84,2,0.125,0,501000.0,1
TRAD-000651,49,Salaried,611000.0,5,691,1,12900.0,535000.0,120,2,0.341,0,566000.0,1
TRAD-000652,29,Business Owner,120000.0,19,637,1,7300.0,421000.0,84,4,1.231,0,449000.0,0
TRAD-000653,56,Self-Employed,242000.0,5,572,1,10400.0,891000.0,60,0,1.252,1,395000.0,0
TRAD-000654,45,Salaried,329000.0,1,770,0,0.0,968000.0,24,1,1.471,0,496000.0,0
TRAD-000655,44,Business Owner,403000.0,12,765,0,0.0,204000.0,24,0,0.253,0,479000.0,1
TRAD-000656,54,Salaried,766000.0,17,656,1,9400.0,1616000.0,24,4,1.202,0,104000.0,0
TRAD-000657,48,Self-Employed,711000.0,7,815,1,7200.0,796000.0,12,0,1.241,0,356000.0,0
TRAD-000658,24,Salaried,948000.0,29,702,1,4100.0,1877000.0,84,3,0.335,0,226000.0,1
TRAD-000659,33,Salaried,861000.0,18,774,1,12100.0,1057000.0,36,0,0.578,0,229000.0,1
TRAD-000660,28,Business Owner,950000.0,13,728,2,30700.0,945000.0,84,2,0.53,0,585000.0,1
TRAD-000661,53,Salaried,820000.0,14,683,1,15600.0,581000.0,48,4,0.405,0,694000.0,1
TRAD-000662,22,Salaried,709000.0,13,609,0,0.0,1300000.0,36,4,0.611,0,0.0,0
TRAD-000663,29,Salaried,958000.0,3,686,0,0.0,922000.0,60,0,0.192,0,236000.0,0
TRAD-000664,47,Salaried,907000.0,18,780,2,13600.0,1458000.0,48,3,0.582,0,223000.0,1
TRAD-000665,51,Business Owner,755000.0,23,652,1,8300.0,1943000.0,12,1,2.705,0,590000.0,0
TRAD-000666,43,Business Owner,1006000.0,12,742,2,17600.0,428000.0,12,3,0.635,0,0.0,1
TRAD-000667,58,Salaried,120000.0,12,597,2,10000.0,1299000.0,240,2,1.541,0,0.0,0
TRAD-000668,61,Self-Employed,569000.0,27,774,1,3100.0,1280000.0,12,3,2.315,0,505000.0,0
TRAD-000669,26,Salaried,564000.0,18,730,2,18400.0,1198000.0,36,4,1.1,0,541000.0,0
TRAD-000670,62,Self-Employed,973000.0,8,586,0,0.0,618000.0,48,1,0.159,0,0.0,1
TRAD-000671,48,Salaried,1090000.0,0,679,2,17200.0,632000.0,48,0,0.334,0,269000.0,1
TRAD-000672,48,Salaried,244000.0,24,788,1,5200.0,520000.0,120,1,0.469,0,683000.0,1
TRAD-000673,25,Salaried,1045000.0,18,580,2,24200.0,508000.0,120,1,0.327,0,30000.0,1
TRAD-000674,48,Self-Employed,322000.0,18,598,1,13200.0,354000.0,84,0,0.649,0,325000.0,0
TRAD-000675,52,Salaried,330000.0,8,693,1,13300.0,832000.0,36,3,1.324,0,427000.0,0
TRAD-000676,46,Salaried,584000.0,5,900,1,7600.0,407000.0,240,4,0.191,0,0.0,1
TRAD-000677,24,Business Owner,561000.0,14,636,1,4500.0,1183000.0,12,2,2.205,0,159000.0,0
TRAD-000678,44,Self-Employed,214000.0,22,747,1,5700.0,937000.0,36,2,1.779,1,0.0,0
TRAD-000679,62,Salaried,832000.0,8,725,0,0.0,1010000.0,48,2,0.303,0,259000.0,1
TRAD-000680,52,Business Owner,840000.0,15,644,1,2400.0,722000.0,48,4,0.249,0,102000.0,1
TRAD-000681,27,Business Owner,945000.0,29,715,1,14600.0,945000.0,60,0,0.385,1,352000.0,1
TRAD-000682,63,Salaried,529000.0,6,657,1,7700.0,739000.0,12,2,1.572,0,459000.0,0
TRAD-000683,63,Self-Employed,639000.0,6,666,0,0.0,1407000.0,180,4,0.147,0,647000.0,1
TRAD-000684,28,Salaried,641000.0,7,542,2,3700.0,612000.0,24,0,0.547,0,883000.0,1
TRAD-000685,56,Self-Employed,1123000.0,27,698,0,0.0,1144000.0,48,2,0.255,0,352000.0,1
TRAD-000686,38,Salaried,120000.0,15,785,2,2800.0,51000.0,84,0,0.341,0,221000.0,1
TRAD-000687,47,Self-Employed,382000.0,27,705,0,0.0,1363000.0,240,4,0.178,0,206000.0,1
TRAD-000688,40,Salaried,652000.0,28,804,0,0.0,536000.0,84,3,0.117,0,59000.0,1
TRAD-000689,55,Salaried,346000.0,12,755,2,22600.0,307000.0,60,4,0.961,0,412000.0,0
TRAD-000690,64,Business Owner,578000.0,1,694,2,18500.0,160000.0,36,1,0.476,0,176000.0,0
TRAD-000691,55,Salaried,615000.0,9,640,0,0.0,108000.0,120,3,0.018,0,430000.0,1
TRAD-000692,61,Business Owner,466000.0,16,654,0,0.0,587000.0,84,3,0.18,0,67000.0,1
TRAD-000693,62,Business Owner,668000.0,11,560,0,0.0,1874000.0,12,0,2.805,0,183000.0,0
TRAD-000694,24,Business Owner,826000.0,0,675,1,8600.0,482000.0,48,3,0.271,0,408000.0,1
TRAD-000695,32,Salaried,584000.0,29,714,0,0.0,50000.0,240,3,0.004,0,269000.0,1
TRAD-000696,52,Business Owner,523000.0,9,863,2,21500.0,1138000.0,180,3,0.638,0,0.0,0
TRAD-000697,46,Salaried,604000.0,18,750,0,0.0,176000.0,24,2,0.146,0,296000.0,1
TRAD-000698,23,Salaried,648000.0,28,618,0,0.0,1430000.0,120,4,0.221,0,100000.0,1
TRAD-000699,25,Business Owner,163000.0,16,563,0,0.0,626000.0,36,0,1.28,0,595000.0,0
TRAD-000700,43,Self-Employed,779000.0,20,680,0,0.0,722000.0,120,1,0.093,0,543000.0,1
TRAD-000701,48,Salaried,524000.0,1,777,0,0.0,1678000.0,60,1,0.64,0,0.0,0
TRAD-000702,28,Salaried,1003000.0,20,679,0,0.0,1302000.0,36,4,0.433,1,500000.0,1
TRAD-000703,28,Business Owner,815000.0,25,751,2,15500.0,90000.0,240,0,0.234,0,397000.0,1
TRAD-000704,26,Self-Employed,978000.0,27,683,1,10900.0,185000.0,36,0,0.197,0,0.0,1
TRAD-000705,45,Salaried,367000.0,2,768,3,0.0,50000.0,48,4,0.034,1,520000.0,0
TRAD-000706,21,Business Owner,546000.0,6,548,0,0.0,2592000.0,240,1,0.237,0,0.0,0
TRAD-000707,46,Salaried,302000.0,1,852,0,0.0,339000.0,24,3,0.561,0,586000.0,0
TRAD-000708,41,Salaried,453000.0,27,594,1,9200.0,1660000.0,24,1,2.076,0,138000.0,0
TRAD-000709,41,Self-Employed,1001000.0,8,775,1,5000.0,554000.0,240,3,0.088,0,0.0,1
TRAD-000710,50,Business Owner,1066000.0,15,674,0,0.0,198000.0,60,4,0.037,0,830000.0,1
TRAD-000711,43,Salaried,329000.0,14,689,2,9600.0,914000.0,180,3,0.535,1,0.0,0
TRAD-000712,53,Salaried,522000.0,20,677,2,15700.0,688000.0,12,1,1.679,0,98000.0,0
TRAD-000713,54,Salaried,629000.0,26,724,1,3200.0,1421000.0,84,3,0.384,0,148000.0,1
TRAD-000714,61,Business Owner,814000.0,9,743,0,0.0,1429000.0,12,4,1.756,0,186000.0,0
TRAD-000715,56,Salaried,157000.0,23,801,1,7300.0,516000.0,48,4,1.38,1,475000.0,0
TRAD-000716,43,Salaried,201000.0,8,834,0,0.0,50000.0,24,1,0.124,0,314000.0,1
TRAD-000717,42,Business Owner,787000.0,5,732,0,0.0,122000.0,48,1,0.039,0,551000.0,1
TRAD-000718,31,Salaried,120000.0,3,863,2,23100.0,50000.0,48,2,2.414,1,393000.0,0
TRAD-000719,47,Self-Employed,525000.0,11,709,1,8900.0,722000.0,240,1,0.272,0,0.0,1
TRAD-000720,27,Salaried,695000.0,16,802,1,12300.0,892000.0,84,3,0.396,0,437000.0,1
TRAD-000721,61,Business Owner,766000.0,23,741,0,0.0,157000.0,12,2,0.205,0,358000.0,1
TRAD-000722,58,Salaried,610000.0,25,648,2,12100.0,79000.0,60,2,0.264,0,144000.0,1
TRAD-000723,26,Salaried,548000.0,15,717,0,0.0,890000.0,120,4,0.162,0,818000.0,1
TRAD-000724,55,Salaried,886000.0,12,748,1,7900.0,489000.0,60,1,0.217,0,452000.0,1
TRAD-000725,26,Self-Employed,730000.0,5,697,1,8900.0,762000.0,84,4,0.295,0,535000.0,1
TRAD-000726,52,Self-Employed,469000.0,27,739,0,0.0,661000.0,60,2,0.282,0,544000.0,1
TRAD-000727,24,Salaried,661000.0,11,782,0,0.0,1062000.0,240,4,0.08,0,195000.0,1
TRAD-000728,42,Salaried,757000.0,22,698,0,0.0,533000.0,84,2,0.101,0,458000.0,1
TRAD-000729,49,Business Owner,1131000.0,18,420,0,0.0,582000.0,84,3,0.074,0,379000.0,1
TRAD-000730,53,Salaried,870000.0,27,859,2,3900.0,50000.0,240,0,0.057,0,161000.0,1
TRAD-000731,39,Salaried,990000.0,29,672,1,6200.0,867000.0,36,1,0.367,0,0.0,1
TRAD-000732,61,Self-Employed,479000.0,21,622,0,0.0,958000.0,120,2,0.2,0,306000.0,1
TRAD-000733,55,Salaried,503000.0,19,593,1,12300.0,784000.0,180,1,0.397,0,447000.0,1
TRAD-000734,30,Salaried,584000.0,4,668,1,12700.0,2143000.0,48,0,1.178,0,304000.0,0
TRAD-000735,50,Salaried,610000.0,0,647,2,9800.0,1006000.0,240,2,0.275,0,254000.0,0
TRAD-000736,53,Salaried,368000.0,16,630,1,6000.0,798000.0,36,1,0.918,0,307000.0,0
TRAD-000737,35,Salaried,1004000.0,21,635,0,0.0,1224000.0,240,3,0.061,1,228000.0,1
TRAD-000738,53,Self-Employed,897000.0,22,750,0,0.0,2273000.0,12,2,2.534,0,687000.0,0
TRAD-000739,60,Self-Employed,564000.0,7,893,3,26500.0,1064000.0,36,2,1.193,1,368000.0,0
TRAD-000740,56,Salaried,830000.0,15,778,1,12200.0,50000.0,36,4,0.196,0,178000.0,1
TRAD-000741,54,Business Owner,712000.0,25,807,3,33000.0,1181000.0,48,0,0.971,0,0.0,1
TRAD-000742,48,Salaried,852000.0,2,664,0,0.0,328000.0,48,3,0.096,0,251000.0,1
TRAD-000743,32,Self-Employed,274000.0,11,710,3,8500.0,50000.0,120,2,0.391,0,156000.0,0
TRAD-000744,55,Salaried,609000.0,28,741,0,0.0,2003000.0,48,3,0.822,1,147000.0,0
TRAD-000745,37,Self-Employed,634000.0,5,637,4,51200.0,1863000.0,84,4,1.389,0,536000.0,0
TRAD-000746,44,Salaried,825000.0,9,660,1,6800.0,312000.0,24,1,0.288,0,320000.0,1
TRAD-000747,34,Salaried,474000.0,14,781,0,0.0,316000.0,12,1,0.667,0,0.0,1
TRAD-000748,34,Salaried,120000.0,20,804,1,12200.0,1004000.0,48,3,3.0,0,455000.0,0
TRAD-000749,27,Salaried,347000.0,7,706,1,6700.0,325000.0,24,3,0.7,0,0.0,1
TRAD-000750,63,Salaried,633000.0,23,586,0,0.0,812000.0,12,0,1.283,0,473000.0,0
TRAD-000751,27,Self-Employed,668000.0,7,672,1,8900.0,436000.0,12,1,0.813,1,181000.0,0
TRAD-000752,24,Business Owner,1121000.0,11,563,1,7900.0,640000.0,36,4,0.275,0,322000.0,1
TRAD-000753,62,Salaried,813000.0,17,707,2,28900.0,50000.0,24,2,0.457,0,294000.0,1
TRAD-000754,45,Business Owner,673000.0,0,724,0,0.0,1437000.0,24,4,1.068,0,263000.0,0
TRAD-000755,40,Self-Employed,641000.0,23,674,0,0.0,1682000.0,36,3,0.875,1,352000.0,0
TRAD-000756,53,Business Owner,959000.0,20,723,0,0.0,835000.0,36,1,0.29,1,320000.0,1
TRAD-000757,37,Self-Employed,485000.0,25,740,0,0.0,876000.0,240,1,0.09,1,767000.0,1
TRAD-000758,26,Self-Employed,611000.0,8,724,0,0.0,1309000.0,84,4,0.306,0,356000.0,1
TRAD-000759,53,Salaried,345000.0,11,586,1,7300.0,901000.0,120,3,0.515,0,362000.0,0
TRAD-000760,28,Self-Employed,1047000.0,26,676,0,0.0,2024000.0,120,2,0.193,0,123000.0,1
TRAD-000761,45,Business Owner,760000.0,2,739,0,0.0,50000.0,12,3,0.066,0,395000.0,1
TRAD-000762,62,Salaried,452000.0,14,850,1,4900.0,1460000.0,60,2,0.776,0,44000.0,1
TRAD-000763,62,Salaried,618000.0,14,674,1,16800.0,826000.0,84,1,0.517,1,588000.0,0
TRAD-000764,36,Salaried,793000.0,13,752,1,7100.0,171000.0,240,4,0.118,0,0.0,1
TRAD-000765,55,Business Owner,580000.0,13,783,0,0.0,2361000.0,48,4,1.018,0,89000.0,0
TRAD-000766,47,Salaried,500000.0,22,681,1,13100.0,2450000.0,36,4,1.948,0,0.0,0
TRAD-000767,42,Self-Employed,467000.0,5,809,2,20900.0,765000.0,120,3,0.701,0,405000.0,0
TRAD-000768,27,Business Owner,745000.0,26,814,2,16900.0,1189000.0,24,4,1.07,1,194000.0,0
TRAD-000769,37,Business Owner,550000.0,26,831,1,9800.0,594000.0,180,2,0.286,0,471000.0,1
TRAD-000770,49,Salaried,523000.0,5,744,1,11300.0,698000.0,48,1,0.593,0,56000.0,1
TRAD-000771,64,Self-Employed,276000.0,29,900,0,0.0,164000.0,12,0,0.594,0,433000.0,1
TRAD-000772,21,Business Owner,672000.0,7,642,0,0.0,68000.0,48,1,0.025,0,445000.0,1
TRAD-000773,52,Salaried,599000.0,1,900,1,1700.0,2099000.0,240,2,0.209,0,353000.0,1
TRAD-000774,58,Self-Employed,560000.0,11,773,0,0.0,875000.0,48,0,0.391,0,308000.0,1
TRAD-000775,62,Salaried,706000.0,23,827,0,0.0,933000.0,12,1,1.322,0,334000.0,0
TRAD-000776,39,Self-Employed,859000.0,25,670,2,19600.0,373000.0,48,4,0.382,0,72000.0,1
TRAD-000777,26,Salaried,846000.0,19,780,1,8100.0,1023000.0,120,1,0.236,0,31000.0,1
TRAD-000778,32,Salaried,805000.0,24,836,2,19300.0,50000.0,12,1,0.35,0,436000.0,1
TRAD-000779,58,Salaried,583000.0,7,597,2,8900.0,397000.0,240,3,0.217,1,208000.0,0
TRAD-000780,59,Salaried,491000.0,26,684,0,0.0,120000.0,120,4,0.024,0,413000.0,1
TRAD-000781,49,Salaried,358000.0,19,497,1,9800.0,1740000.0,120,4,0.815,0,688000.0,0
TRAD-000782,26,Self-Employed,484000.0,4,683,1,20000.0,50000.0,120,4,0.506,0,186000.0,1
TRAD-000783,26,Salaried,656000.0,3,622,3,28600.0,134000.0,24,0,0.625,0,150000.0,0
TRAD-000784,42,Salaried,430000.0,8,679,2,28800.0,50000.0,180,0,0.811,0,219000.0,0
TRAD-000785,46,Self-Employed,677000.0,2,900,1,3000.0,321000.0,24,3,0.29,0,310000.0,1
TRAD-000786,22,Self-Employed,380000.0,8,863,1,13100.0,601000.0,24,4,1.204,1,454000.0,0
TRAD-000787,51,Salaried,185000.0,29,563,0,0.0,1536000.0,12,3,3.0,0,293000.0,0
TRAD-000788,44,Business Owner,879000.0,7,753,1,10100.0,756000.0,24,4,0.568,0,820000.0,1
TRAD-000789,21,Salaried,517000.0,19,776,1,10100.0,633000.0,24,3,0.847,1,405000.0,0
TRAD-000790,25,Business Owner,416000.0,29,668,0,0.0,1095000.0,180,1,0.175,0,495000.0,1
TRAD-000791,40,Salaried,344000.0,7,717,1,10000.0,612000.0,12,4,2.128,0,291000.0,0
TRAD-000792,52,Self-Employed,768000.0,20,726,3,17600.0,2466000.0,84,3,0.734,0,553000.0,1
TRAD-000793,57,Business Owner,1035000.0,13,572,0,0.0,516000.0,12,1,0.499,0,249000.0,1
TRAD-000794,39,Business Owner,537000.0,8,602,1,12300.0,1169000.0,240,2,0.384,1,139000.0,0
TRAD-000795,33,Self-Employed,590000.0,28,716,2,21600.0,1437000.0,84,2,0.787,0,526000.0,1
TRAD-000796,63,Self-Employed,950000.0,19,709,1,2900.0,497000.0,60,0,0.141,0,286000.0,1
TRAD-000797,41,Salaried,143000.0,13,633,1,11100.0,1007000.0,12,1,3.0,0,361000.0,0
TRAD-000798,34,Self-Employed,1201000.0,24,625,1,4700.0,574000.0,180,1,0.079,1,545000.0,1
TRAD-000799,40,Self-Employed,1334000.0,27,691,1,10800.0,1078000.0,48,1,0.299,0,335000.0,1
TRAD-000800,21,Business Owner,120000.0,23,784,3,17300.0,966000.0,24,2,3.0,1,263000.0,0
TRAD-000801,34,Salaried,623000.0,26,693,0,0.0,809000.0,120,2,0.13,0,166000.0,1
TRAD-000802,43,Salaried,449000.0,9,854,1,6800.0,149000.0,240,4,0.198,1,565000.0,1
TRAD-000803,61,Self-Employed,576000.0,10,634,1,15100.0,2111000.0,12,0,3.0,0,215000.0,0
TRAD-000804,53,Salaried,533000.0,6,718,1,10600.0,1281000.0,24,4,1.44,0,287000.0,0
TRAD-000805,55,Salaried,877000.0,20,666,0,0.0,50000.0,84,1,0.008,0,372000.0,1
TRAD-000806,44,Salaried,618000.0,24,756,1,20600.0,627000.0,12,1,1.415,0,371000.0,0
TRAD-000807,25,Self-Employed,395000.0,19,626,0,0.0,50000.0,120,0,0.013,0,553000.0,1
TRAD-000808,38,Salaried,602000.0,17,883,1,15000.0,1395000.0,84,0,0.63,0,283000.0,1
TRAD-000809,64,Salaried,794000.0,23,539,1,6200.0,886000.0,60,0,0.317,0,644000.0,1
TRAD-000810,22,Salaried,319000.0,5,863,0,0.0,903000.0,36,1,0.944,0,238000.0,0
TRAD-000811,59,Business Owner,189000.0,10,709,0,0.0,352000.0,60,1,0.372,0,393000.0,1
TRAD-000812,51,Self-Employed,1208000.0,21,752,0,0.0,695000.0,12,1,0.575,0,254000.0,1
TRAD-000813,33,Salaried,470000.0,1,827,1,11100.0,1412000.0,120,0,0.584,0,823000.0,1
TRAD-000814,55,Salaried,612000.0,27,781,2,23600.0,1586000.0,84,1,0.833,0,212000.0,0
TRAD-000815,57,Self-Employed,539000.0,5,631,1,3900.0,1450000.0,60,0,0.625,0,235000.0,0
TRAD-000816,22,Salaried,803000.0,23,757,1,5500.0,50000.0,180,3,0.086,0,329000.0,1
TRAD-000817,25,Self-Employed,1146000.0,18,877,1,11400.0,779000.0,60,3,0.255,0,233000.0,1
TRAD-000818,50,Salaried,812000.0,25,616,0,0.0,1065000.0,48,0,0.328,0,379000.0,1
TRAD-000819,64,Business Owner,225000.0,23,900,0,0.0,422000.0,180,3,0.125,1,607000.0,1
TRAD-000820,22,Salaried,262000.0,15,737,0,0.0,50000.0,240,4,0.01,0,337000.0,1
TRAD-000821,50,Self-Employed,538000.0,22,659,1,8500.0,64000.0,180,4,0.198,0,346000.0,1
TRAD-000822,27,Salaried,575000.0,10,615,2,19400.0,1875000.0,60,0,1.057,0,243000.0,0
TRAD-000823,49,Business Owner,168000.0,17,679,0,0.0,126000.0,48,4,0.188,0,174000.0,1
TRAD-000824,48,Business Owner,879000.0,27,514,0,0.0,931000.0,24,2,0.53,0,324000.0,1
TRAD-000825,24,Self-Employed,346000.0,2,661,1,5900.0,798000.0,48,4,0.781,0,302000.0,0
TRAD-000826,50,Salaried,1068000.0,10,675,1,7400.0,800000.0,180,1,0.133,0,593000.0,1
TRAD-000827,60,Salaried,1160000.0,0,598,0,0.0,692000.0,180,3,0.04,0,60000.0,1
TRAD-000828,58,Business Owner,580000.0,16,771,0,0.0,1413000.0,24,4,1.218,0,664000.0,1
TRAD-000829,22,Self-Employed,773000.0,23,679,1,7400.0,923000.0,60,1,0.354,1,263000.0,0
TRAD-000830,31,Salaried,305000.0,1,640,1,3000.0,493000.0,120,3,0.28,1,337000.0,0
TRAD-000831,31,Salaried,825000.0,16,669,0,0.0,933000.0,120,0,0.113,0,34000.0,1
TRAD-000832,40,Salaried,511000.0,12,734,2,20800.0,70000.0,180,3,0.498,0,440000.0,1
TRAD-000833,27,Business Owner,346000.0,23,707,1,1100.0,1209000.0,12,4,3.0,1,60000.0,0
TRAD-000834,58,Self-Employed,569000.0,6,633,0,0.0,457000.0,60,1,0.161,0,393000.0,1
TRAD-000835,55,Self-Employed,520000.0,4,712,1,3300.0,495000.0,12,4,1.028,0,369000.0,0
TRAD-000836,56,Self-Employed,559000.0,2,695,1,12200.0,1233000.0,120,3,0.482,0,219000.0,1
TRAD-000837,29,Salaried,916000.0,12,592,3,4100.0,635000.0,60,2,0.192,0,0.0,1
TRAD-000838,21,Salaried,430000.0,14,673,1,8700.0,672000.0,48,1,0.633,0,840000.0,1
TRAD-000839,61,Salaried,1136000.0,27,755,1,11900.0,1659000.0,180,2,0.223,0,36000.0,1
TRAD-000840,33,Self-Employed,279000.0,13,754,0,0.0,267000.0,180,4,0.064,0,368000.0,1
TRAD-000841,49,Salaried,1102000.0,5,678,1,7200.0,1224000.0,36,0,0.449,0,118000.0,1
TRAD-000842,61,Salaried,365000.0,20,764,1,10400.0,1517000.0,180,4,0.619,0,562000.0,1
TRAD-000843,22,Salaried,650000.0,1,607,0,0.0,1658000.0,240,0,0.128,0,205000.0,0
TRAD-000844,21,Salaried,513000.0,10,610,3,25700.0,2315000.0,12,4,3.0,0,112000.0,0
TRAD-000845,21,Self-Employed,554000.0,19,676,1,0.0,483000.0,120,2,0.087,0,449000.0,1
TRAD-000846,27,Salaried,874000.0,7,842,0,0.0,336000.0,24,4,0.192,0,0.0,1
TRAD-000847,23,Salaried,1070000.0,17,716,1,10600.0,1431000.0,180,0,0.208,0,197000.0,1
TRAD-000848,57,Self-Employed,983000.0,13,674,1,8900.0,1511000.0,120,0,0.262,0,473000.0,1
TRAD-000849,47,Salaried,537000.0,28,847,2,2200.0,386000.0,180,2,0.097,0,677000.0,1
TRAD-000850,64,Salaried,702000.0,8,673,1,7800.0,1215000.0,84,3,0.381,0,59000.0,1
TRAD-000851,56,Salaried,431000.0,27,900,1,5500.0,2671000.0,36,3,2.219,0,147000.0,0
TRAD-000852,63,Business Owner,372000.0,18,651,0,0.0,968000.0,120,3,0.26,0,388000.0,1
TRAD-000853,31,Salaried,329000.0,22,604,2,16900.0,1500000.0,36,4,2.136,0,0.0,0
TRAD-000854,33,Self-Employed,527000.0,5,684,0,0.0,1925000.0,12,3,3.0,0,639000.0,0
TRAD-000855,58,Business Owner,720000.0,0,676,1,7100.0,2527000.0,24,4,1.873,0,50000.0,0
TRAD-000856,31,Self-Employed,120000.0,21,623,0,0.0,1060000.0,180,0,0.589,0,191000.0,0
TRAD-000857,23,Salaried,637000.0,14,900,1,10000.0,1714000.0,48,1,0.861,0,365000.0,1
TRAD-000858,50,Self-Employed,1074000.0,9,730,1,7000.0,387000.0,24,0,0.258,0,313000.0,1
TRAD-000859,56,Salaried,964000.0,26,744,0,0.0,916000.0,12,2,0.95,0,59000.0,1
TRAD-000860,63,Salaried,486000.0,9,656,1,7200.0,610000.0,12,1,1.433,0,730000.0,0
TRAD-000861,61,Salaried,259000.0,13,645,2,16000.0,50000.0,120,3,0.761,1,0.0,0
TRAD-000862,26,Salaried,779000.0,21,797,3,34000.0,50000.0,24,2,0.556,0,19000.0,1
TRAD-000863,54,Salaried,120000.0,28,541,2,9700.0,1180000.0,180,2,1.626,0,141000.0,0
TRAD-000864,58,Salaried,961000.0,26,591,0,0.0,1192000.0,84,3,0.177,0,63000.0,1
TRAD-000865,51,Salaried,590000.0,19,677,0,0.0,223000.0,24,4,0.189,0,605000.0,1
TRAD-000866,57,Salaried,1163000.0,3,828,4,0.0,1912000.0,240,0,0.082,0,0.0,1
TRAD-000867,57,Self-Employed,166000.0,3,664,1,9300.0,179000.0,60,1,0.888,0,689000.0,0
TRAD-000868,40,Business Owner,907000.0,20,740,0,0.0,1067000.0,48,2,0.294,0,230000.0,1
TRAD-000869,22,Salaried,622000.0,15,703,0,0.0,630000.0,120,0,0.101,0,0.0,1
TRAD-000870,41,Self-Employed,557000.0,3,823,1,7400.0,970000.0,84,4,0.408,0,0.0,1
TRAD-000871,29,Salaried,266000.0,20,549,1,8800.0,1484000.0,120,1,0.955,0,246000.0,0
TRAD-000872,26,Salaried,817000.0,28,770,0,0.0,1392000.0,84,0,0.243,0,125000.0,1
TRAD-000873,26,Salaried,839000.0,1,681,1,12100.0,1360000.0,240,2,0.254,0,359000.0,1
TRAD-000874,51,Salaried,1150000.0,24,788,0,0.0,1277000.0,48,0,0.278,0,187000.0,1
TRAD-000875,43,Salaried,932000.0,10,622,1,6600.0,73000.0,24,1,0.124,0,539000.0,1
TRAD-000876,44,Salaried,484000.0,11,702,2,31100.0,1637000.0,24,3,2.462,0,264000.0,0
TRAD-000877,53,Salaried,369000.0,21,690,0,0.0,211000.0,36,1,0.191,0,194000.0,1
TRAD-000878,45,Salaried,267000.0,7,605,0,0.0,831000.0,120,4,0.311,0,543000.0,0
TRAD-000879,48,Salaried,1063000.0,4,578,1,20900.0,672000.0,180,1,0.278,0,357000.0,1
TRAD-000880,24,Salaried,432000.0,28,645,0,0.0,1128000.0,36,0,0.87,0,494000.0,0
TRAD-000881,58,Salaried,1064000.0,10,712,2,8400.0,585000.0,12,2,0.645,0,587000.0,1
TRAD-000882,40,Salaried,797000.0,5,628,1,7900.0,797000.0,120,0,0.219,0,227000.0,1
TRAD-000883,27,Salaried,742000.0,20,669,1,13400.0,1952000.0,180,3,0.392,1,310000.0,1
TRAD-000884,56,Salaried,564000.0,6,521,1,14000.0,58000.0,12,2,0.401,0,511000.0,0
TRAD-000885,53,Salaried,835000.0,23,665,1,18100.0,898000.0,24,0,0.798,0,0.0,1
TRAD-000886,23,Salaried,646000.0,2,797,2,17700.0,176000.0,48,1,0.397,0,275000.0,0
TRAD-000887,29,Business Owner,547000.0,15,767,3,32900.0,1338000.0,60,4,1.211,0,244000.0,0
TRAD-000888,21,Salaried,845000.0,12,692,2,12300.0,428000.0,12,4,0.681,0,394000.0,0
TRAD-000889,32,Salaried,610000.0,28,723,1,0.0,925000.0,84,3,0.217,0,100000.0,1
TRAD-000890,25,Salaried,426000.0,15,621,1,8800.0,50000.0,60,4,0.271,0,574000.0,1
TRAD-000891,52,Business Owner,818000.0,27,854,0,0.0,1740000.0,120,0,0.213,0,116000.0,1
TRAD-000892,43,Self-Employed,632000.0,7,896,4,46300.0,947000.0,240,3,0.954,0,185000.0,1
TRAD-000893,64,Self-Employed,787000.0,14,716,0,0.0,990000.0,24,0,0.629,0,134000.0,1
TRAD-000894,53,Business Owner,523000.0,24,900,3,18100.0,1439000.0,60,2,0.966,0,607000.0,1
TRAD-000895,47,Salaried,311000.0,4,635,1,10100.0,87000.0,180,0,0.408,0,0.0,0
TRAD-000896,43,Business Owner,1136000.0,27,581,1,10500.0,500000.0,12,1,0.551,0,747000.0,1
TRAD-000897,23,Salaried,1083000.0,23,633,1,8800.0,1011000.0,180,0,0.16,0,668000.0,1
TRAD-000898,24,Self-Employed,897000.0,20,679,1,16500.0,50000.0,48,1,0.235,0,159000.0,1
TRAD-000899,48,Salaried,541000.0,7,900,1,15300.0,50000.0,180,3,0.346,0,557000.0,1
TRAD-000900,21,Salaried,566000.0,24,673,0,0.0,366000.0,84,3,0.092,0,333000.0,1
TRAD-000901,22,Business Owner,1037000.0,25,618,0,0.0,158000.0,240,4,0.008,0,713000.0,1
TRAD-000902,30,Salaried,551000.0,8,615,0,0.0,676000.0,24,4,0.613,0,538000.0,0
TRAD-000903,59,Business Owner,473000.0,17,808,2,17000.0,1240000.0,180,0,0.606,1,848000.0,1
TRAD-000904,41,Salaried,1174000.0,1,795,1,9200.0,1387000.0,84,4,0.263,0,0.0,1
TRAD-000905,52,Self-Employed,637000.0,11,654,3,26400.0,2076000.0,120,1,0.823,0,348000.0,0
TRAD-000906,39,Business Owner,1145000.0,4,522,2,12800.0,885000.0,120,4,0.211,0,0.0,1
TRAD-000907,28,Salaried,258000.0,16,593,3,20500.0,1000000.0,84,4,1.507,1,170000.0,0
TRAD-000908,37,Business Owner,795000.0,16,864,2,28600.0,884000.0,60,4,0.654,0,862000.0,1
TRAD-000909,25,Self-Employed,1230000.0,15,765,1,10700.0,1108000.0,180,2,0.164,0,417000.0,1
TRAD-000910,54,Self-Employed,658000.0,20,706,2,13600.0,1159000.0,60,3,0.6,0,546000.0,1
TRAD-000911,29,Salaried,576000.0,27,878,0,0.0,1499000.0,240,2,0.13,0,428000.0,1
TRAD-000912,37,Salaried,323000.0,5,886,0,0.0,1497000.0,120,0,0.463,0,413000.0,1
TRAD-000913,64,Self-Employed,953000.0,6,697,2,16700.0,1238000.0,84,2,0.396,0,169000.0,1
TRAD-000914,47,Salaried,434000.0,6,698,5,63300.0,1882000.0,84,1,2.37,0,123000.0,0
TRAD-000915,41,Salaried,623000.0,27,645,0,0.0,917000.0,36,0,0.491,0,163000.0,1
TRAD-000916,44,Salaried,304000.0,2,673,3,37800.0,502000.0,120,0,1.657,1,0.0,0
TRAD-000917,55,Business Owner,1086000.0,0,559,1,9800.0,609000.0,36,1,0.295,0,279000.0,1
TRAD-000918,32,Salaried,973000.0,4,558,0,0.0,831000.0,84,3,0.122,0,360000.0,1
TRAD-000919,49,Self-Employed,641000.0,23,536,0,0.0,196000.0,180,4,0.02,1,145000.0,1
TRAD-000920,59,Business Owner,327000.0,17,803,2,24700.0,501000.0,60,4,1.213,0,267000.0,0
TRAD-000921,46,Salaried,1080000.0,27,552,0,0.0,159000.0,240,3,0.007,0,431000.0,1
TRAD-000922,40,Salaried,548000.0,6,885,1,4700.0,1124000.0,24,4,1.128,0,521000.0,0
TRAD-000923,27,Self-Employed,341000.0,11,631,0,0.0,1130000.0,24,1,1.657,0,1000.0,0
TRAD-000924,31,Salaried,157000.0,16,865,0,0.0,50000.0,36,4,0.106,0,101000.0,1
TRAD-000925,62,Self-Employed,469000.0,2,665,1,14500.0,475000.0,240,4,0.422,0,488000.0,0
TRAD-000926,44,Self-Employed,243000.0,27,551,1,9300.0,2086000.0,60,0,2.176,0,447000.0,0
TRAD-000927,34,Self-Employed,476000.0,24,822,0,0.0,1309000.0,36,1,0.917,0,636000.0,1
TRAD-000928,39,Salaried,858000.0,4,833,2,12300.0,1195000.0,240,1,0.242,0,626000.0,1
TRAD-000929,46,Self-Employed,545000.0,25,614,3,20500.0,468000.0,48,0,0.666,0,904000.0,1
TRAD-000930,44,Self-Employed,750000.0,13,668,0,0.0,1087000.0,36,0,0.483,0,227000.0,1
TRAD-000931,51,Salaried,447000.0,10,614,0,0.0,891000.0,240,4,0.1,0,695000.0,1
TRAD-000932,32,Self-Employed,668000.0,28,689,2,27300.0,382000.0,24,0,0.776,1,70000.0,0
TRAD-000933,49,Business Owner,1188000.0,15,710,0,0.0,579000.0,240,3,0.024,0,899000.0,1
TRAD-000934,40,Self-Employed,552000.0,6,667,0,0.0,594000.0,12,4,1.076,0,414000.0,0
TRAD-000935,62,Salaried,758000.0,24,527,2,27200.0,50000.0,84,3,0.44,0,436000.0,1
TRAD-000936,27,Salaried,212000.0,21,645,1,7800.0,50000.0,84,2,0.475,0,547000.0,1
TRAD-000937,27,Salaried,1076000.0,5,767,2,26600.0,770000.0,240,0,0.332,0,0.0,1
TRAD-000938,41,Salaried,516000.0,20,680,3,53400.0,349000.0,240,2,1.276,1,31000.0,0
TRAD-000939,43,Salaried,944000.0,18,669,0,0.0,704000.0,180,1,0.05,0,329000.0,1
TRAD-000940,51,Business Owner,616000.0,8,612,1,13700.0,50000.0,240,4,0.271,0,386000.0,1
TRAD-000941,38,Salaried,821000.0,12,642,0,0.0,1421000.0,180,4,0.115,0,821000.0,1
TRAD-000942,61,Business Owner,838000.0,25,834,1,10600.0,2252000.0,60,1,0.689,0,63000.0,1
TRAD-000943,41,Salaried,523000.0,5,592,1,8800.0,1568000.0,180,0,0.402,0,685000.0,0
TRAD-000944,26,Salaried,956000.0,21,768,0,0.0,1635000.0,120,4,0.171,0,234000.0,1
TRAD-000945,26,Salaried,437000.0,24,704,1,13700.0,1307000.0,48,4,1.124,0,230000.0,0
TRAD-000946,63,Salaried,868000.0,28,723,2,17700.0,1073000.0,180,4,0.327,0,259000.0,1
TRAD-000947,26,Self-Employed,541000.0,9,630,2,14100.0,956000.0,12,3,2.08,0,224000.0,0
TRAD-000948,62,Business Owner,748000.0,7,667,1,15900.0,306000.0,12,2,0.664,0,422000.0,1
TRAD-000949,33,Business Owner,521000.0,28,699,0,0.0,1349000.0,24,1,1.295,0,201000.0,0
TRAD-000950,25,Salaried,664000.0,13,651,1,13800.0,1310000.0,60,0,0.644,0,0.0,1
TRAD-000951,34,Self-Employed,349000.0,17,731,2,20100.0,599000.0,12,4,2.407,0,233000.0,0
TRAD-000952,48,Salaried,719000.0,15,743,1,16300.0,1242000.0,36,4,0.848,0,414000.0,1
TRAD-000953,39,Business Owner,662000.0,15,900,0,0.0,449000.0,36,4,0.226,0,0.0,1
TRAD-000954,55,Salaried,499000.0,18,726,0,0.0,490000.0,36,2,0.327,0,445000.0,1
TRAD-000955,47,Salaried,635000.0,12,518,0,0.0,1404000.0,12,4,2.211,0,595000.0,0
TRAD-000956,38,Salaried,688000.0,11,810,1,4500.0,1180000.0,36,0,0.65,0,670000.0,1
TRAD-000957,48,Salaried,477000.0,12,681,2,18900.0,749000.0,36,2,0.999,0,384000.0,0
TRAD-000958,63,Salaried,614000.0,19,891,1,15200.0,674000.0,120,0,0.407,0,0.0,1
TRAD-000959,39,Business Owner,368000.0,24,840,2,3700.0,1014000.0,84,2,0.514,0,462000.0,1
TRAD-000960,27,Self-Employed,1307000.0,16,652,2,21200.0,50000.0,36,0,0.207,0,542000.0,1
TRAD-000961,38,Business Owner,947000.0,20,769,2,27700.0,407000.0,24,1,0.566,0,126000.0,1
TRAD-000962,57,Salaried,726000.0,12,644,0,0.0,78000.0,60,2,0.021,0,282000.0,1
TRAD-000963,30,Self-Employed,978000.0,23,700,1,5300.0,908000.0,36,0,0.375,0,421000.0,1
TRAD-000964,62,Salaried,120000.0,11,764,1,7900.0,1608000.0,120,0,2.13,0,747000.0,0
TRAD-000965,46,Salaried,120000.0,12,806,0,0.0,1210000.0,36,4,3.0,0,236000.0,0
TRAD-000966,47,Salaried,538000.0,1,785,4,37100.0,568000.0,240,1,0.88,0,523000.0,1
TRAD-000967,34,Salaried,264000.0,7,707,1,7900.0,441000.0,12,4,2.03,0,379000.0,0
TRAD-000968,61,Self-Employed,584000.0,22,900,0,0.0,410000.0,180,1,0.047,0,350000.0,1
TRAD-000969,22,Salaried,708000.0,2,665,1,10900.0,2200000.0,120,0,0.495,0,633000.0,1
TRAD-000970,34,Salaried,908000.0,6,547,0,0.0,944000.0,120,0,0.104,0,92000.0,1
TRAD-000971,39,Self-Employed,331000.0,23,566,2,20600.0,1030000.0,240,3,0.902,0,358000.0,0
TRAD-000972,42,Salaried,762000.0,26,840,0,0.0,50000.0,60,0,0.013,0,307000.0,1
TRAD-000973,41,Business Owner,654000.0,12,693,1,15300.0,132000.0,120,4,0.301,0,0.0,1
TRAD-000974,27,Salaried,747000.0,12,715,0,0.0,871000.0,60,1,0.233,1,608000.0,1
TRAD-000975,30,Business Owner,504000.0,15,648,2,20200.0,576000.0,120,3,0.595,0,507000.0,1
TRAD-000976,25,Self-Employed,1037000.0,23,657,0,0.0,986000.0,60,2,0.19,0,308000.0,1
TRAD-000977,46,Self-Employed,621000.0,14,625,1,3100.0,978000.0,240,0,0.139,0,235000.0,1
TRAD-000978,36,Self-Employed,1147000.0,5,745,0,0.0,1290000.0,36,3,0.375,0,300000.0,1
TRAD-000979,45,Business Owner,429000.0,12,691,0,0.0,50000.0,120,0,0.012,0,477000.0,1
TRAD-000980,46,Self-Employed,858000.0,7,741,1,10900.0,182000.0,24,3,0.259,0,313000.0,1
TRAD-000981,51,Salaried,633000.0,20,732,1,2800.0,835000.0,12,2,1.372,0,133000.0,0
TRAD-000982,45,Salaried,558000.0,4,660,3,29100.0,479000.0,120,1,0.712,0,171000.0,0
TRAD-000983,49,Self-Employed,827000.0,18,561,0,0.0,698000.0,24,4,0.422,1,297000.0,0
TRAD-000984,46,Salaried,566000.0,3,553,0,0.0,971000.0,12,1,1.716,0,67000.0,0
TRAD-000985,49,Salaried,120000.0,29,900,0,0.0,416000.0,84,1,0.495,1,383000.0,0
TRAD-000986,48,Salaried,120000.0,19,840,0,0.0,1025000.0,84,3,1.22,1,102000.0,0
TRAD-000987,34,Salaried,1006000.0,4,827,0,0.0,1254000.0,84,1,0.178,0,61000.0,1
TRAD-000988,31,Salaried,994000.0,28,636,0,0.0,942000.0,60,2,0.19,0,1098000.0,1
TRAD-000989,55,Self-Employed,1178000.0,17,701,2,18900.0,1368000.0,180,3,0.27,0,785000.0,1
TRAD-000990,36,Self-Employed,645000.0,18,623,1,8200.0,50000.0,12,4,0.23,0,336000.0,1
TRAD-000991,45,Business Owner,288000.0,1,575,1,11000.0,519000.0,24,4,1.359,0,513000.0,0
TRAD-000992,29,Salaried,533000.0,5,644,0,0.0,1480000.0,48,0,0.694,0,555000.0,0
TRAD-000993,39,Salaried,653000.0,24,826,0,0.0,338000.0,240,4,0.026,0,281000.0,1
TRAD-000994,44,Self-Employed,368000.0,14,780,2,14300.0,250000.0,120,2,0.534,0,371000.0,1
TRAD-000995,48,Salaried,1112000.0,18,608,0,0.0,818000.0,60,4,0.147,0,234000.0,1
TRAD-000996,44,Self-Employed,1277000.0,29,670,0,0.0,889000.0,240,1,0.035,0,614000.0,1
TRAD-000997,36,Salaried,784000.0,12,771,0,0.0,552000.0,240,2,0.035,0,617000.0,1
TRAD-000998,63,Business Owner,647000.0,11,646,1,8500.0,2098000.0,12,4,3.0,0,690000.0,0
TRAD-000999,43,Salaried,287000.0,24,708,0,0.0,1086000.0,60,4,0.757,0,366000.0,0
TRAD-001000,56,Business Owner,1083000.0,1,738,2,8600.0,313000.0,240,3,0.11,0,842000.0,1
TRAD-001001,53,Self-Employed,671000.0,13,737,1,12600.0,50000.0,24,3,0.263,0,281000.0,1
TRAD-001002,45,Salaried,569000.0,25,724,1,8800.0,1164000.0,24,0,1.208,0,812000.0,1
TRAD-001003,60,Self-Employed,785000.0,6,638,1,7300.0,298000.0,48,3,0.206,0,184000.0,1
TRAD-001004,26,Salaried,486000.0,9,648,4,53600.0,2299000.0,240,2,1.56,0,0.0,0
TRAD-001005,61,Self-Employed,691000.0,14,592,0,0.0,1178000.0,24,0,0.852,0,807000.0,1
TRAD-001006,58,Self-Employed,246000.0,2,552,0,0.0,1264000.0,84,4,0.734,0,465000.0,0
TRAD-001007,43,Salaried,954000.0,2,689,0,0.0,1062000.0,36,2,0.371,0,430000.0,1
TRAD-001008,53,Salaried,621000.0,7,778,1,9600.0,1629000.0,120,3,0.448,0,210000.0,0
TRAD-001009,43,Self-Employed,974000.0,26,569,3,45500.0,50000.0,240,0,0.563,0,89000.0,0
TRAD-001010,32,Salaried,594000.0,6,726,4,38800.0,118000.0,12,1,0.982,0,112000.0,0
TRAD-001011,56,Business Owner,612000.0,21,775,0,0.0,1572000.0,48,4,0.642,0,335000.0,1
TRAD-001012,31,Self-Employed,311000.0,12,526,4,4700.0,1875000.0,84,4,1.043,0,262000.0,0
TRAD-001013,34,Self-Employed,863000.0,22,674,3,21700.0,97000.0,24,0,0.358,0,0.0,1
TRAD-001014,43,Salaried,405000.0,9,856,0,0.0,50000.0,84,4,0.018,0,723000.0,1
TRAD-001015,57,Self-Employed,514000.0,26,752,0,0.0,1009000.0,48,1,0.491,0,195000.0,1
TRAD-001016,37,Business Owner,650000.0,11,522,1,12100.0,1216000.0,12,1,2.094,0,610000.0,0
TRAD-001017,42,Salaried,684000.0,23,763,1,11700.0,996000.0,84,4,0.413,0,124000.0,1
TRAD-001018,22,Salaried,172000.0,24,629,0,0.0,861000.0,12,2,3.0,0,339000.0,0
TRAD-001019,26,Salaried,585000.0,12,766,2,21800.0,50000.0,24,3,0.49,0,543000.0,1
TRAD-001020,23,Salaried,873000.0,20,634,0,0.0,656000.0,24,0,0.376,0,509000.0,1
TRAD-001021,24,Self-Employed,544000.0,3,695,0,0.0,753000.0,12,3,1.384,0,233000.0,0
TRAD-001022,59,Salaried,587000.0,14,649,1,5600.0,544000.0,48,1,0.346,0,427000.0,1
TRAD-001023,58,Self-Employed,695000.0,11,700,2,20500.0,50000.0,180,3,0.359,0,469000.0,1
TRAD-001024,57,Salaried,615000.0,28,646,0,0.0,1280000.0,36,3,0.694,0,263000.0,1
TRAD-001025,23,Salaried,361000.0,28,679,0,0.0,1463000.0,36,0,1.351,0,22000.0,0
TRAD-001026,24,Salaried,640000.0,23,588,0,0.0,383000.0,180,4,0.04,0,144000.0,1
TRAD-001027,33,Business Owner,928000.0,28,747,1,1200.0,779000.0,240,1,0.057,0,205000.0,1
TRAD-001028,45,Self-Employed,356000.0,29,717,0,0.0,577000.0,36,1,0.54,0,307000.0,1
TRAD-001029,35,Salaried,545000.0,23,546,1,12300.0,583000.0,12,3,1.341,0,698000.0,0
TRAD-001030,42,Self-Employed,263000.0,17,794,1,3200.0,1221000.0,120,4,0.61,0,527000.0,1
TRAD-001031,28,Salaried,914000.0,6,683,0,0.0,1236000.0,84,4,0.193,0,96000.0,1
TRAD-001032,53,Salaried,624000.0,24,715,0,0.0,1599000.0,240,2,0.128,0,759000.0,1
TRAD-001033,34,Salaried,412000.0,5,773,0,0.0,1585000.0,84,1,0.55,0,280000.0,1
TRAD-001034,23,Business Owner,676000.0,5,731,0,0.0,788000.0,240,4,0.058,1,468000.0,0
TRAD-001035,53,Self-Employed,313000.0,26,811,2,18700.0,2747000.0,24,1,3.0,0,65000.0,0
TRAD-001036,60,Self-Employed,361000.0,3,672,0,0.0,1907000.0,24,3,2.641,0,187000.0,0
TRAD-001037,21,Salaried,241000.0,4,798,0,0.0,472000.0,84,1,0.28,0,559000.0,1
TRAD-001038,40,Salaried,351000.0,15,712,1,9600.0,982000.0,120,1,0.608,0,80000.0,0
TRAD-001039,57,Self-Employed,1030000.0,17,748,0,0.0,50000.0,48,2,0.012,1,314000.0,1
TRAD-001040,52,Salaried,445000.0,1,738,3,11700.0,918000.0,48,4,0.831,0,418000.0,0
TRAD-001041,58,Business Owner,781000.0,11,818,0,0.0,1988000.0,48,1,0.636,0,44000.0,1
TRAD-001042,39,Self-Employed,416000.0,6,769,0,0.0,2708000.0,12,3,3.0,0,0.0,0
TRAD-001043,37,Salaried,863000.0,9,658,2,19000.0,821000.0,180,0,0.328,0,527000.0,1
TRAD-001044,52,Self-Employed,363000.0,5,639,2,23800.0,1118000.0,240,3,0.941,0,1016000.0,0
TRAD-001045,27,Business Owner,661000.0,20,695,0,0.0,1293000.0,240,1,0.098,0,415000.0,1
TRAD-001046,31,Salaried,665000.0,14,628,0,0.0,2187000.0,60,0,0.658,0,463000.0,1
TRAD-001047,47,Self-Employed,1302000.0,28,600,0,0.0,261000.0,24,2,0.1,0,79000.0,1
TRAD-001048,50,Business Owner,827000.0,0,498,1,12600.0,2626000.0,48,1,0.977,0,667000.0,0
TRAD-001049,26,Salaried,484000.0,23,553,0,0.0,694000.0,120,3,0.143,0,206000.0,1
TRAD-001050,43,Business Owner,842000.0,27,889,2,26800.0,139000.0,24,0,0.464,0,591000.0,1
TRAD-001051,37,Salaried,1249000.0,14,638,2,21100.0,695000.0,24,1,0.481,0,452000.0,1
TRAD-001052,43,Self-Employed,194000.0,20,881,0,0.0,374000.0,240,1,0.096,0,458000.0,1
TRAD-001053,63,Self-Employed,414000.0,13,738,0,0.0,1173000.0,12,1,2.833,0,448000.0,0
TRAD-001054,24,Self-Employed,584000.0,17,695,1,8200.0,50000.0,84,0,0.181,0,440000.0,1
TRAD-001055,64,Salaried,533000.0,27,557,1,8700.0,992000.0,24,1,1.126,0,371000.0,0
TRAD-001056,40,Self-Employed,557000.0,15,700,0,0.0,1332000.0,12,0,2.391,0,542000.0,0
TRAD-001057,54,Salaried,285000.0,17,880,2,11500.0,1864000.0,84,3,1.419,0,118000.0,0
TRAD-001058,39,Salaried,1043000.0,29,848,1,17000.0,1342000.0,24,2,0.839,0,240000.0,1
TRAD-001059,34,Salaried,252000.0,14,726,0,0.0,1824000.0,120,1,0.724,0,667000.0,1
TRAD-001060,54,Self-Employed,594000.0,5,591,0,0.0,506000.0,180,3,0.057,0,343000.0,0
TRAD-001061,51,Salaried,943000.0,20,609,1,6300.0,1156000.0,60,4,0.325,0,219000.0,1
TRAD-001062,27,Salaried,642000.0,20,619,1,5000.0,50000.0,24,2,0.132,0,559000.0,1
TRAD-001063,52,Business Owner,376000.0,7,821,1,8500.0,826000.0,240,1,0.381,0,509000.0,1
TRAD-001064,54,Salaried,272000.0,21,855,0,0.0,1151000.0,48,2,1.058,0,0.0,1
TRAD-001065,38,Salaried,586000.0,1,719,2,17300.0,1210000.0,120,3,0.561,0,482000.0,0
TRAD-001066,61,Salaried,438000.0,9,671,1,15600.0,50000.0,24,0,0.484,0,334000.0,0
TRAD-001067,49,Salaried,707000.0,25,847,1,8500.0,646000.0,24,1,0.601,0,478000.0,1
TRAD-001068,35,Self-Employed,258000.0,18,607,0,0.0,737000.0,120,2,0.286,0,303000.0,1
TRAD-001069,21,Salaried,878000.0,18,705,1,12300.0,621000.0,24,3,0.522,0,416000.0,1
TRAD-001070,50,Salaried,682000.0,18,744,1,8300.0,1371000.0,60,2,0.548,0,0.0,1
TRAD-001071,30,Business Owner,703000.0,4,618,1,11200.0,759000.0,84,3,0.345,0,76000.0,0
TRAD-001072,54,Business Owner,1054000.0,28,640,0,0.0,965000.0,24,4,0.458,0,485000.0,1
TRAD-001073,44,Self-Employed,527000.0,8,632,0,0.0,582000.0,36,0,0.368,0,955000.0,1
TRAD-001074,41,Business Owner,447000.0,23,835,0,0.0,1592000.0,24,2,1.781,0,392000.0,0
TRAD-001075,28,Business Owner,497000.0,29,882,0,0.0,1641000.0,12,1,3.0,0,127000.0,0
TRAD-001076,52,Salaried,596000.0,7,711,1,5800.0,700000.0,240,0,0.176,0,334000.0,1
TRAD-001077,28,Self-Employed,625000.0,19,675,0,0.0,2753000.0,12,0,3.0,0,77000.0,0
TRAD-001078,39,Self-Employed,417000.0,1,643,0,0.0,402000.0,180,3,0.064,1,612000.0,0
TRAD-001079,57,Salaried,120000.0,19,700,0,0.0,1555000.0,48,2,3.0,0,312000.0,0
TRAD-001080,61,Salaried,493000.0,13,648,1,6900.0,282000.0,36,1,0.359,0,563000.0,1
TRAD-001081,64,Salaried,751000.0,2,691,1,9900.0,1402000.0,60,4,0.532,0,262000.0,0
TRAD-001082,63,Self-Employed,688000.0,20,739,1,4900.0,1352000.0,240,1,0.184,0,585000.0,1
TRAD-001083,45,Self-Employed,986000.0,29,661,0,0.0,242000.0,84,2,0.035,1,0.0,1
TRAD-001084,29,Self-Employed,1198000.0,2,682,2,22300.0,815000.0,12,4,0.904,0,306000.0,0
TRAD-001085,57,Salaried,863000.0,26,682,1,8900.0,2114000.0,120,3,0.369,0,435000.0,1
TRAD-001086,56,Salaried,1037000.0,25,670,2,14200.0,371000.0,120,3,0.2,0,233000.0,1
TRAD-001087,64,Salaried,865000.0,16,658,0,0.0,1161000.0,240,1,0.067,0,390000.0,1
TRAD-001088,49,Salaried,1129000.0,27,772,1,4900.0,1118000.0,24,4,0.547,0,386000.0,1
TRAD-001089,27,Business Owner,1168000.0,9,532,1,8500.0,873000.0,180,2,0.137,0,562000.0,1
TRAD-001090,43,Business Owner,916000.0,21,850,0,0.0,50000.0,48,1,0.014,0,455000.0,1
TRAD-001091,40,Business Owner,848000.0,20,713,1,11300.0,1439000.0,48,3,0.584,0,398000.0,1
TRAD-001092,58,Business Owner,593000.0,17,758,2,7300.0,908000.0,84,2,0.366,1,520000.0,1
TRAD-001093,38,Business Owner,638000.0,25,769,1,11800.0,1617000.0,60,0,0.729,0,0.0,1
TRAD-001094,35,Salaried,555000.0,26,633,0,0.0,1051000.0,36,0,0.631,0,112000.0,1
TRAD-001095,24,Salaried,824000.0,23,613,0,0.0,942000.0,24,0,0.572,0,0.0,1
TRAD-001096,57,Salaried,448000.0,17,602,1,6600.0,1142000.0,84,0,0.541,0,437000.0,0
TRAD-001097,54,Salaried,596000.0,29,677,0,0.0,258000.0,240,1,0.022,0,403000.0,1
TRAD-001098,22,Salaried,120000.0,16,766,1,4500.0,1913000.0,36,1,3.0,0,646000.0,0
TRAD-001099,40,Salaried,1132000.0,19,645,1,10300.0,656000.0,60,1,0.225,0,388000.0,1
TRAD-001100,42,Business Owner,588000.0,5,758,0,0.0,664000.0,36,4,0.376,0,142000.0,1
TRAD-001101,41,Salaried,778000.0,9,475,3,35900.0,1740000.0,36,4,1.299,0,334000.0,0
TRAD-001102,61,Business Owner,1058000.0,27,663,0,0.0,1061000.0,180,4,0.067,1,0.0,1
TRAD-001103,27,Self-Employed,734000.0,14,811,1,14000.0,746000.0,120,0,0.331,0,198000.0,1
TRAD-001104,34,Self-Employed,1054000.0,15,684,1,11900.0,1169000.0,60,2,0.357,0,0.0,1
TRAD-001105,28,Self-Employed,302000.0,24,621,0,0.0,1307000.0,60,0,0.866,1,382000.0,0
TRAD-001106,31,Salaried,1321000.0,9,638,0,0.0,823000.0,48,3,0.156,1,230000.0,1
TRAD-001107,60,Self-Employed,954000.0,7,412,1,11200.0,1500000.0,240,0,0.219,0,267000.0,0
TRAD-001108,62,Salaried,709000.0,0,604,1,6800.0,74000.0,240,1,0.12,0,67000.0,0
TRAD-001109,22,Business Owner,1049000.0,6,800,1,9800.0,1070000.0,12,1,1.132,1,133000.0,0
TRAD-001110,48,Salaried,323000.0,15,645,2,23000.0,1420000.0,180,2,1.148,0,473000.0,0
TRAD-001111,31,Salaried,569000.0,21,656,0,0.0,1304000.0,48,1,0.573,0,0.0,1
TRAD-001112,29,Self-Employed,1054000.0,9,478,1,11000.0,50000.0,84,2,0.132,0,426000.0,1
TRAD-001113,33,Self-Employed,127000.0,13,545,2,25700.0,818000.0,240,0,2.75,0,97000.0,0
TRAD-001114,29,Salaried,807000.0,6,813,2,24900.0,111000.0,48,2,0.405,0,0.0,1
TRAD-001115,42,Self-Employed,799000.0,24,759,0,0.0,1736000.0,60,0,0.435,1,607000.0,1
TRAD-001116,64,Salaried,1201000.0,15,577,0,0.0,646000.0,84,0,0.077,0,632000.0,1
TRAD-001117,46,Self-Employed,207000.0,4,640,2,33800.0,1664000.0,36,0,3.0,0,165000.0,0
TRAD-001118,52,Salaried,1101000.0,18,697,0,0.0,109000.0,36,1,0.033,0,163000.0,1
TRAD-001119,42,Salaried,493000.0,10,586,0,0.0,1154000.0,84,3,0.334,0,237000.0,0
TRAD-001120,21,Salaried,525000.0,25,510,0,0.0,905000.0,24,1,0.862,0,97000.0,0
TRAD-001121,24,Salaried,308000.0,8,685,0,0.0,2697000.0,84,2,1.251,0,142000.0,0
TRAD-001122,32,Salaried,345000.0,25,754,0,0.0,1666000.0,36,3,1.61,0,413000.0,0
TRAD-001123,31,Salaried,763000.0,20,756,0,0.0,1624000.0,12,3,2.128,0,818000.0,0
TRAD-001124,57,Salaried,339000.0,4,783,1,15100.0,2218000.0,12,2,3.0,0,211000.0,0
TRAD-001125,58,Salaried,857000.0,22,552,0,0.0,1084000.0,36,0,0.422,0,556000.0,1
TRAD-001126,58,Salaried,464000.0,21,706,1,2300.0,835000.0,12,3,1.859,0,388000.0,0
TRAD-001127,49,Salaried,310000.0,13,674,0,0.0,761000.0,36,1,0.818,0,0.0,1
TRAD-001128,45,Self-Employed,502000.0,4,692,2,17900.0,1113000.0,48,2,0.982,1,294000.0,0
TRAD-001129,49,Business Owner,744000.0,14,680,0,0.0,50000.0,36,4,0.022,0,262000.0,1
TRAD-001130,38,Salaried,572000.0,18,637,1,11000.0,902000.0,60,0,0.546,0,666000.0,1
TRAD-001131,50,Business Owner,660000.0,3,413,2,4100.0,1047000.0,48,0,0.471,1,676000.0,0
TRAD-001132,55,Salaried,845000.0,10,810,1,9000.0,799000.0,12,1,1.073,1,394000.0,0
TRAD-001133,54,Salaried,953000.0,21,731,2,18600.0,50000.0,48,2,0.247,0,604000.0,1
TRAD-001134,48,Self-Employed,563000.0,16,559,0,0.0,803000.0,12,2,1.426,0,263000.0,0
TRAD-001135,23,Self-Employed,358000.0,29,745,0,0.0,50000.0,120,1,0.014,1,580000.0,1
TRAD-001136,52,Business Owner,671000.0,6,658,0,0.0,2053000.0,48,4,0.765,0,325000.0,0
TRAD-001137,37,Salaried,782000.0,23,660,1,13200.0,733000.0,84,0,0.336,0,574000.0,1
TRAD-001138,53,Self-Employed,241000.0,12,627,0,0.0,50000.0,24,2,0.104,0,600000.0,1
TRAD-001139,44,Salaried,401000.0,6,751,1,8100.0,766000.0,48,2,0.72,0,479000.0,0
TRAD-001140,59,Salaried,449000.0,28,624,2,39500.0,1482000.0,180,3,1.276,0,115000.0,0
TRAD-001141,35,Salaried,592000.0,18,596,0,0.0,1014000.0,24,2,0.856,0,195000.0,1
TRAD-001142,61,Business Owner,437000.0,16,808,0,0.0,306000.0,240,0,0.035,0,488000.0,1
TRAD-001143,58,Salaried,848000.0,8,683,1,10000.0,459000.0,48,1,0.277,0,523000.0,1
TRAD-001144,35,Business Owner,201000.0,26,686,1,17000.0,714000.0,24,0,2.791,0,340000.0,0
TRAD-001145,42,Self-Employed,208000.0,0,766,2,21100.0,614000.0,24,2,2.693,0,222000.0,0
TRAD-001146,44,Self-Employed,557000.0,3,637,1,11400.0,81000.0,60,4,0.275,0,348000.0,0
TRAD-001147,54,Self-Employed,601000.0,5,656,0,0.0,856000.0,240,1,0.071,1,230000.0,0
TRAD-001148,51,Business Owner,243000.0,19,729,0,0.0,50000.0,60,1,0.041,1,232000.0,1
TRAD-001149,58,Salaried,480000.0,3,554,0,0.0,1517000.0,24,2,1.58,0,790000.0,0
TRAD-001150,37,Salaried,538000.0,23,721,1,7900.0,1596000.0,48,0,0.918,1,181000.0,0
TRAD-001151,43,Self-Employed,540000.0,5,628,1,12800.0,248000.0,180,4,0.315,0,427000.0,1
TRAD-001152,39,Salaried,693000.0,20,781,2,19900.0,434000.0,240,3,0.376,0,338000.0,1
TRAD-001153,61,Salaried,465000.0,23,752,1,8200.0,625000.0,84,3,0.404,0,0.0,1
TRAD-001154,34,Salaried,1064000.0,26,739,0,0.0,880000.0,180,1,0.055,1,0.0,1
TRAD-001155,46,Salaried,787000.0,8,547,1,1100.0,1067000.0,180,1,0.107,0,280000.0,1
TRAD-001156,26,Salaried,424000.0,2,690,2,7600.0,1201000.0,48,2,0.923,0,0.0,0
TRAD-001157,58,Salaried,676000.0,22,588,1,0.0,1186000.0,180,1,0.117,0,758000.0,1
TRAD-001158,37,Business Owner,685000.0,13,696,1,13800.0,1910000.0,12,0,3.0,0,210000.0,0
TRAD-001159,35,Salaried,990000.0,28,480,1,8600.0,939000.0,180,3,0.167,0,189000.0,1
TRAD-001160,46,Business Owner,482000.0,5,554,3,38600.0,53000.0,84,4,0.977,0,606000.0,0
TRAD-001161,42,Business Owner,865000.0,17,813,1,8600.0,50000.0,84,1,0.128,0,265000.0,1
TRAD-001162,58,Salaried,662000.0,3,735,1,13100.0,1963000.0,240,3,0.386,0,463000.0,0
TRAD-001163,44,Self-Employed,1068000.0,14,666,2,17000.0,1231000.0,36,4,0.575,0,157000.0,1
TRAD-001164,43,Self-Employed,1011000.0,0,614,1,10600.0,1034000.0,24,3,0.637,1,311000.0,0
TRAD-001165,25,Self-Employed,705000.0,22,597,0,0.0,1192000.0,84,4,0.242,0,542000.0,1
TRAD-001166,21,Salaried,577000.0,18,719,1,10400.0,1004000.0,120,4,0.39,1,85000.0,0
TRAD-001167,38,Salaried,792000.0,2,667,0,0.0,1182000.0,12,1,1.492,0,432000.0,0
TRAD-001168,64,Salaried,599000.0,14,847,2,5000.0,658000.0,60,0,0.32,0,0.0,1
TRAD-001169,61,Self-Employed,1120000.0,12,682,1,8700.0,1586000.0,48,4,0.447,0,616000.0,1
TRAD-001170,48,Business Owner,672000.0,20,706,1,9800.0,559000.0,180,3,0.23,0,161000.0,1
TRAD-001171,48,Self-Employed,536000.0,14,568,0,0.0,313000.0,180,0,0.039,0,279000.0,1
TRAD-001172,38,Self-Employed,521000.0,13,666,5,37000.0,50000.0,24,4,0.9,0,276000.0,0
TRAD-001173,28,Business Owner,310000.0,24,717,0,0.0,745000.0,84,0,0.343,0,56000.0,1
TRAD-001174,21,Self-Employed,806000.0,15,665,2,30200.0,1724000.0,120,1,0.664,1,37000.0,0
TRAD-001175,35,Salaried,420000.0,24,654,0,0.0,603000.0,36,4,0.479,0,430000.0,1
TRAD-001176,34,Business Owner,957000.0,26,731,0,0.0,50000.0,240,1,0.003,0,442000.0,1
TRAD-001177,29,Salaried,288000.0,25,844,1,11100.0,1085000.0,240,3,0.651,0,79000.0,0
TRAD-001178,32,Salaried,686000.0,28,714,1,7800.0,477000.0,24,0,0.484,0,435000.0,1
TRAD-001179,22,Salaried,972000.0,20,809,0,0.0,1906000.0,12,2,1.961,0,439000.0,1
TRAD-001180,47,Business Owner,120000.0,16,759,1,9400.0,1598000.0,84,3,2.842,0,205000.0,0
TRAD-001181,61,Salaried,1215000.0,15,803,1,14400.0,74000.0,180,4,0.146,0,0.0,1
TRAD-001182,51,Salaried,531000.0,6,642,2,8700.0,787000.0,120,2,0.345,0,291000.0,1
TRAD-001183,40,Salaried,690000.0,24,680,0,0.0,409000.0,120,0,0.059,0,391000.0,1
TRAD-001184,39,Salaried,810000.0,20,681,2,20900.0,146000.0,120,2,0.328,0,285000.0,1
TRAD-001185,34,Salaried,853000.0,26,752,0,0.0,864000.0,24,3,0.506,0,152000.0,1
TRAD-001186,27,Self-Employed,727000.0,21,775,1,10100.0,1432000.0,12,2,2.136,0,417000.0,0
TRAD-001187,47,Business Owner,929000.0,14,712,1,11700.0,847000.0,12,4,1.063,0,616000.0,1
TRAD-001188,45,Salaried,795000.0,8,783,1,11100.0,565000.0,240,1,0.203,0,107000.0,1
TRAD-001189,21,Salaried,1143000.0,29,646,1,3100.0,50000.0,240,4,0.035,0,225000.0,1
TRAD-001190,39,Salaried,796000.0,22,784,1,10100.0,467000.0,180,3,0.191,1,986000.0,1
TRAD-001191,33,Salaried,1200000.0,26,797,0,0.0,1259000.0,12,2,1.049,0,373000.0,1
TRAD-001192,28,Self-Employed,902000.0,17,764,1,9700.0,50000.0,180,0,0.133,0,0.0,1
TRAD-001193,51,Self-Employed,144000.0,15,713,1,3800.0,1734000.0,240,1,0.919,0,181000.0,0
TRAD-001194,44,Self-Employed,1381000.0,1,768,1,7700.0,521000.0,180,3,0.092,0,111000.0,1
TRAD-001195,48,Salaried,489000.0,2,615,2,22500.0,1026000.0,48,4,1.077,0,395000.0,0
TRAD-001196,52,Self-Employed,1069000.0,21,719,0,0.0,641000.0,12,2,0.6,0,377000.0,1
TRAD-001197,64,Salaried,658000.0,6,729,2,2300.0,135000.0,48,1,0.093,0,141000.0,1
TRAD-001198,56,Salaried,947000.0,2,574,2,20900.0,1186000.0,24,3,0.891,0,764000.0,1
TRAD-001199,48,Business Owner,457000.0,23,745,0,0.0,511000.0,84,4,0.16,0,321000.0,1
TRAD-001200,59,Self-Employed,825000.0,18,581,0,0.0,359000.0,180,0,0.029,0,186000.0,1
TRAD-001201,42,Business Owner,579000.0,3,659,2,22700.0,50000.0,60,1,0.488,0,0.0,0
TRAD-001202,64,Business Owner,1092000.0,14,704,1,8100.0,1747000.0,12,3,1.689,1,76000.0,0
TRAD-001203,54,Self-Employed,773000.0,14,631,0,0.0,904000.0,48,0,0.292,1,0.0,0
TRAD-001204,49,Business Owner,912000.0,0,708,3,40700.0,1619000.0,180,4,0.654,0,252000.0,0
TRAD-001205,60,Salaried,120000.0,18,706,0,0.0,1303000.0,84,1,1.551,0,79000.0,0
TRAD-001206,43,Salaried,626000.0,11,622,0,0.0,1619000.0,12,2,2.586,0,496000.0,0
TRAD-001207,52,Salaried,765000.0,26,754,0,0.0,533000.0,48,2,0.174,0,154000.0,1
TRAD-001208,33,Salaried,713000.0,3,627,1,12300.0,50000.0,48,1,0.225,0,510000.0,1
TRAD-001209,63,Salaried,919000.0,25,900,1,11300.0,1396000.0,12,0,1.667,0,423000.0,1
TRAD-001210,48,Salaried,548000.0,0,690,0,0.0,985000.0,48,0,0.449,0,461000.0,0
TRAD-001211,55,Self-Employed,664000.0,22,589,0,0.0,597000.0,180,1,0.06,0,524000.0,1
TRAD-001212,41,Self-Employed,981000.0,23,606,1,17200.0,1383000.0,24,1,0.915,0,798000.0,1
TRAD-001213,59,Self-Employed,120000.0,12,809,2,17000.0,1100000.0,60,4,3.0,0,88000.0,0
TRAD-001214,24,Salaried,815000.0,8,661,1,9400.0,1315000.0,84,3,0.369,0,511000.0,1
TRAD-001215,26,Self-Employed,557000.0,4,570,0,0.0,235000.0,120,0,0.042,0,400000.0,1
TRAD-001216,43,Salaried,395000.0,10,781,0,0.0,1535000.0,36,3,1.295,0,566000.0,1
TRAD-001217,53,Salaried,744000.0,20,661,2,9400.0,897000.0,84,3,0.324,0,328000.0,1
TRAD-001218,56,Salaried,994000.0,21,762,2,19000.0,1605000.0,120,0,0.391,0,594000.0,1
TRAD-001219,40,Salaried,941000.0,5,789,2,15300.0,1529000.0,84,2,0.427,1,0.0,0
TRAD-001220,49,Salaried,612000.0,0,726,0,0.0,1346000.0,180,3,0.147,0,49000.0,1
TRAD-001221,45,Business Owner,895000.0,16,900,1,5400.0,828000.0,24,3,0.535,0,158000.0,1
TRAD-001222,63,Self-Employed,893000.0,17,536,2,16700.0,1361000.0,12,2,1.748,1,281000.0,0
TRAD-001223,49,Self-Employed,626000.0,29,622,0,0.0,1622000.0,240,2,0.13,0,312000.0,1
TRAD-001224,39,Salaried,456000.0,22,676,3,29300.0,1294000.0,120,3,1.055,1,115000.0,0
TRAD-001225,63,Business Owner,472000.0,16,900,0,0.0,1032000.0,60,4,0.437,0,52000.0,1
TRAD-001226,25,Self-Employed,885000.0,17,871,0,0.0,1363000.0,84,0,0.22,0,136000.0,1
TRAD-001227,64,Salaried,638000.0,19,822,1,7900.0,558000.0,240,2,0.192,0,0.0,1
TRAD-001228,27,Self-Employed,357000.0,13,625,1,9700.0,1884000.0,180,4,0.678,0,228000.0,0
TRAD-001229,33,Salaried,178000.0,20,636,0,0.0,50000.0,180,2,0.019,0,285000.0,1
TRAD-001230,57,Salaried,883000.0,5,621,1,11600.0,922000.0,84,0,0.307,0,410000.0,1
TRAD-001231,53,Salaried,497000.0,24,626,1,7800.0,636000.0,120,0,0.316,1,342000.0,1
TRAD-001232,63,Salaried,743000.0,25,842,1,9900.0,483000.0,84,3,0.253,0,748000.0,1
TRAD-001233,53,Salaried,997000.0,13,677,2,3000.0,1098000.0,60,2,0.256,1,503000.0,1
TRAD-001234,49,Salaried,284000.0,13,689,1,4000.0,168000.0,120,3,0.228,0,484000.0,1
TRAD-001235,36,Salaried,637000.0,14,774,1,7400.0,2299000.0,12,0,3.0,0,391000.0,0
TRAD-001236,21,Business Owner,602000.0,24,542,0,0.0,50000.0,180,3,0.006,0,434000.0,1
TRAD-001237,26,Salaried,756000.0,5,705,1,11100.0,282000.0,36,2,0.301,1,245000.0,0
TRAD-001238,34,Salaried,997000.0,10,596,0,0.0,220000.0,60,2,0.044,0,325000.0,1
TRAD-001239,22,Salaried,278000.0,18,672,1,5300.0,1029000.0,84,2,0.758,0,780000.0,0
TRAD-001240,43,Business Owner,810000.0,20,644,2,9100.0,1559000.0,36,1,0.776,0,282000.0,1
TRAD-001241,55,Self-Employed,939000.0,8,639,0,0.0,1242000.0,36,3,0.441,0,0.0,1
TRAD-001242,63,Business Owner,598000.0,3,721,0,0.0,1857000.0,24,1,1.553,0,474000.0,0
TRAD-001243,42,Salaried,612000.0,15,721,0,0.0,362000.0,12,2,0.592,0,519000.0,1
TRAD-001244,59,Salaried,767000.0,19,679,0,0.0,1328000.0,180,4,0.115,1,339000.0,1
TRAD-001245,64,Self-Employed,747000.0,22,735,0,0.0,703000.0,60,3,0.188,0,0.0,1
TRAD-001246,58,Salaried,813000.0,0,617,0,0.0,1048000.0,120,0,0.129,1,622000.0,0
TRAD-001247,41,Business Owner,807000.0,0,765,1,2200.0,1621000.0,24,0,1.037,0,357000.0,0
TRAD-001248,35,Business Owner,375000.0,11,680,0,0.0,50000.0,180,2,0.009,0,222000.0,1
TRAD-001249,64,Salaried,927000.0,16,654,0,0.0,2194000.0,36,3,0.789,0,597000.0,1
TRAD-001250,31,Business Owner,977000.0,0,624,0,0.0,806000.0,60,2,0.165,1,0.0,0
TRAD-001251,39,Self-Employed,702000.0,5,677,0,0.0,50000.0,60,4,0.014,0,328000.0,1
TRAD-001252,24,Salaried,232000.0,12,878,0,0.0,450000.0,120,4,0.194,0,165000.0,1
TRAD-001253,55,Salaried,618000.0,8,694,0,0.0,966000.0,24,2,0.782,1,673000.0,0
TRAD-001254,49,Salaried,704000.0,21,591,1,10900.0,450000.0,240,1,0.218,0,361000.0,1
TRAD-001255,24,Business Owner,330000.0,1,787,0,0.0,50000.0,24,0,0.076,1,84000.0,0
TRAD-001256,30,Salaried,549000.0,26,655,1,9900.0,963000.0,84,0,0.467,0,585000.0,1
TRAD-001257,45,Salaried,255000.0,5,727,0,0.0,431000.0,24,3,0.845,0,0.0,0
TRAD-001258,44,Self-Employed,820000.0,13,642,4,7600.0,1323000.0,240,1,0.192,0,427000.0,1
TRAD-001259,56,Salaried,696000.0,29,822,1,11400.0,206000.0,84,0,0.239,0,0.0,1
TRAD-001260,32,Salaried,189000.0,19,644,2,22100.0,2370000.0,240,0,2.03,0,184000.0,0
TRAD-001261,61,Self-Employed,748000.0,29,833,0,0.0,1234000.0,240,2,0.082,0,240000.0,1
TRAD-001262,40,Salaried,634000.0,0,600,1,5100.0,1028000.0,36,2,0.637,0,528000.0,0
TRAD-001263,57,Salaried,795000.0,21,672,1,11400.0,1305000.0,36,0,0.719,0,851000.0,1
TRAD-001264,31,Salaried,540000.0,2,833,1,7800.0,50000.0,24,2,0.22,0,0.0,1
TRAD-001265,22,Salaried,426000.0,18,716,1,13400.0,577000.0,120,2,0.513,0,412000.0,1
TRAD-001266,23,Salaried,434000.0,9,900,0,0.0,2059000.0,12,0,3.0,0,851000.0,0
TRAD-001267,37,Self-Employed,499000.0,23,674,1,9200.0,692000.0,24,4,0.915,0,157000.0,0
TRAD-001268,62,Business Owner,655000.0,3,724,0,0.0,859000.0,240,1,0.066,0,141000.0,1
TRAD-001269,23,Salaried,691000.0,26,881,1,10200.0,597000.0,84,0,0.301,0,359000.0,1
TRAD-001270,37,Business Owner,597000.0,14,556,2,24400.0,1852000.0,60,0,1.111,0,507000.0,0
TRAD-001271,25,Self-Employed,531000.0,15,544,4,44500.0,741000.0,24,2,1.703,1,464000.0,0
TRAD-001272,61,Self-Employed,552000.0,17,624,1,7300.0,86000.0,180,3,0.169,0,210000.0,1
TRAD-001273,50,Self-Employed,1352000.0,1,777,0,0.0,2576000.0,180,1,0.127,0,99000.0,1
TRAD-001274,54,Self-Employed,434000.0,9,547,1,11600.0,50000.0,12,3,0.436,0,629000.0,0
TRAD-001275,52,Business Owner,494000.0,21,757,1,10500.0,837000.0,120,1,0.424,0,106000.0,1
TRAD-001276,49,Salaried,1572000.0,28,750,0,0.0,353000.0,36,0,0.075,1,0.0,1
TRAD-001277,55,Salaried,768000.0,29,891,1,11000.0,444000.0,120,3,0.23,0,0.0,1
TRAD-001278,21,Salaried,264000.0,16,799,0,0.0,211000.0,36,3,0.266,0,156000.0,1
TRAD-001279,59,Salaried,886000.0,7,735,3,29900.0,549000.0,12,3,1.025,0,673000.0,0
TRAD-001280,53,Self-Employed,395000.0,14,829,3,46700.0,1540000.0,120,2,1.809,0,3000.0,0
TRAD-001281,53,Salaried,905000.0,13,751,0,0.0,50000.0,180,4,0.004,0,680000.0,1
TRAD-001282,38,Salaried,591000.0,11,656,1,9300.0,1720000.0,120,4,0.48,0,627000.0,1
TRAD-001283,56,Salaried,527000.0,10,591,0,0.0,1607000.0,24,1,1.525,0,356000.0,0
TRAD-001284,37,Salaried,1101000.0,26,646,1,11000.0,1231000.0,60,3,0.344,0,0.0,1
TRAD-001285,23,Self-Employed,809000.0,11,696,0,0.0,982000.0,60,0,0.243,1,4000.0,0
TRAD-001286,60,Self-Employed,922000.0,0,717,1,14200.0,1080000.0,180,0,0.263,0,142000.0,1
TRAD-001287,31,Salaried,772000.0,21,497,2,11100.0,1825000.0,120,2,0.409,0,733000.0,1
TRAD-001288,25,Salaried,526000.0,19,679,2,14400.0,50000.0,180,3,0.335,0,158000.0,1
TRAD-001289,48,Salaried,821000.0,11,703,2,13200.0,1373000.0,84,2,0.432,0,107000.0,1
TRAD-001290,31,Salaried,989000.0,18,752,1,16300.0,415000.0,240,0,0.219,0,347000.0,1
TRAD-001291,58,Self-Employed,688000.0,28,855,3,24700.0,1437000.0,180,3,0.57,0,0.0,1
TRAD-001292,40,Self-Employed,1154000.0,27,718,0,0.0,501000.0,24,3,0.217,0,294000.0,1
TRAD-001293,21,Salaried,888000.0,23,614,2,1300.0,1359000.0,120,3,0.171,0,100000.0,1
TRAD-001294,62,Salaried,709000.0,17,527,0,0.0,50000.0,12,3,0.071,0,972000.0,1
TRAD-001295,43,Business Owner,720000.0,0,765,1,11100.0,50000.0,120,4,0.192,1,71000.0,0
TRAD-001296,32,Self-Employed,688000.0,15,617,0,0.0,827000.0,24,1,0.601,0,782000.0,1
TRAD-001297,50,Salaried,300000.0,24,782,0,0.0,1833000.0,36,0,2.037,0,15000.0,0
TRAD-001298,44,Salaried,625000.0,25,833,0,0.0,1249000.0,84,2,0.285,0,366000.0,1
TRAD-001299,22,Salaried,712000.0,23,553,1,16400.0,1244000.0,48,4,0.713,0,425000.0,1
TRAD-001300,54,Business Owner,533000.0,29,753,1,19800.0,1459000.0,84,0,0.837,0,335000.0,1
TRAD-001301,38,Salaried,745000.0,15,823,0,0.0,642000.0,60,4,0.172,0,320000.0,1
TRAD-001302,51,Salaried,656000.0,3,797,1,15200.0,1297000.0,84,3,0.56,0,515000.0,1
TRAD-001303,60,Business Owner,867000.0,14,501,1,16100.0,523000.0,84,0,0.309,1,404000.0,1
TRAD-001304,47,Self-Employed,836000.0,9,619,2,35700.0,696000.0,24,2,0.929,0,257000.0,0
TRAD-001305,50,Salaried,697000.0,25,578,0,0.0,777000.0,120,1,0.111,1,131000.0,1
TRAD-001306,32,Salaried,267000.0,23,750,1,5500.0,545000.0,240,3,0.349,0,259000.0,1
TRAD-001307,31,Salaried,1151000.0,12,739,0,0.0,857000.0,84,3,0.106,1,255000.0,1
TRAD-001308,39,Self-Employed,610000.0,11,444,2,10300.0,735000.0,84,1,0.375,0,251000.0,0
TRAD-001309,58,Salaried,627000.0,4,671,1,4900.0,440000.0,120,2,0.164,0,319000.0,1
TRAD-001310,44,Business Owner,554000.0,1,776,1,5000.0,809000.0,12,0,1.569,0,0.0,0
TRAD-001311,36,Business Owner,513000.0,9,714,2,16900.0,1001000.0,24,0,1.371,1,43000.0,0
TRAD-001312,55,Salaried,1082000.0,7,714,0,0.0,185000.0,84,3,0.024,1,508000.0,1
TRAD-001313,58,Self-Employed,1038000.0,7,665,0,0.0,1171000.0,48,1,0.282,0,0.0,1
TRAD-001314,60,Salaried,774000.0,29,599,4,26000.0,579000.0,120,4,0.478,0,599000.0,1
TRAD-001315,34,Salaried,620000.0,20,698,2,8400.0,1029000.0,240,2,0.246,1,160000.0,0
TRAD-001316,52,Self-Employed,823000.0,16,705,1,13200.0,468000.0,180,1,0.23,0,717000.0,1
TRAD-001317,46,Salaried,671000.0,5,758,1,9000.0,1583000.0,24,4,1.341,0,607000.0,0
TRAD-001318,40,Salaried,597000.0,25,766,3,33900.0,1521000.0,36,0,1.531,0,218000.0,0
TRAD-001319,38,Salaried,745000.0,19,708,0,0.0,218000.0,24,4,0.146,0,244000.0,1
TRAD-001320,26,Salaried,526000.0,15,804,1,8200.0,1241000.0,12,0,2.546,0,698000.0,0
TRAD-001321,33,Salaried,721000.0,13,664,0,0.0,1840000.0,120,4,0.255,0,618000.0,1
TRAD-001322,45,Self-Employed,707000.0,16,563,1,10800.0,284000.0,120,2,0.223,0,543000.0,1
TRAD-001323,60,Business Owner,819000.0,25,745,2,15500.0,335000.0,24,2,0.432,0,586000.0,1
TRAD-001324,59,Self-Employed,477000.0,21,712,1,2300.0,1378000.0,120,3,0.347,0,28000.0,1
TRAD-001325,29,Business Owner,849000.0,14,747,0,0.0,50000.0,60,3,0.012,0,351000.0,1
TRAD-001326,50,Salaried,396000.0,20,580,0,0.0,395000.0,180,1,0.066,0,107000.0,1
TRAD-001327,24,Business Owner,490000.0,27,870,0,0.0,240000.0,120,0,0.049,0,22000.0,1
TRAD-001328,50,Salaried,502000.0,9,767,0,0.0,1386000.0,36,4,0.92,0,341000.0,0
TRAD-001329,36,Salaried,350000.0,27,673,2,7100.0,450000.0,60,2,0.501,0,197000.0,0
TRAD-001330,40,Business Owner,934000.0,18,611,0,0.0,715000.0,36,1,0.255,0,258000.0,1
TRAD-001331,52,Salaried,379000.0,5,802,1,9800.0,414000.0,240,4,0.365,0,175000.0,1
TRAD-001332,39,Salaried,454000.0,29,595,0,0.0,1647000.0,60,0,0.726,0,0.0,0
TRAD-001333,56,Salaried,1002000.0,20,900,0,0.0,341000.0,180,4,0.023,0,724000.0,1
TRAD-001334,44,Salaried,490000.0,11,642,0,0.0,50000.0,60,0,0.02,0,339000.0,1
TRAD-001335,64,Salaried,597000.0,6,863,1,11400.0,50000.0,60,3,0.246,0,0.0,1
TRAD-001336,49,Salaried,367000.0,27,682,1,6200.0,1351000.0,24,0,2.043,0,345000.0,0
TRAD-001337,34,Business Owner,883000.0,24,850,1,4700.0,1398000.0,240,0,0.143,0,680000.0,1
TRAD-001338,55,Salaried,887000.0,1,630,0,0.0,1712000.0,120,1,0.193,0,540000.0,1
TRAD-001339,38,Salaried,857000.0,19,702,3,38200.0,80000.0,36,0,0.566,0,170000.0,1
TRAD-001340,44,Salaried,801000.0,3,776,1,11400.0,750000.0,180,0,0.233,0,176000.0,1
TRAD-001341,27,Business Owner,671000.0,8,763,1,8200.0,2478000.0,36,3,1.378,0,61000.0,0
TRAD-001342,26,Salaried,503000.0,17,805,1,1200.0,703000.0,12,3,1.426,0,114000.0,0
TRAD-001343,46,Salaried,422000.0,7,654,0,0.0,534000.0,120,1,0.127,1,135000.0,0
TRAD-001344,29,Salaried,1011000.0,15,708,0,0.0,886000.0,120,3,0.088,0,0.0,1
TRAD-001345,64,Self-Employed,864000.0,12,819,0,0.0,1244000.0,84,1,0.206,0,189000.0,1
TRAD-001346,58,Self-Employed,456000.0,17,633,2,34900.0,1234000.0,120,1,1.189,0,386000.0,0
TRAD-001347,51,Self-Employed,661000.0,24,754,0,0.0,501000.0,36,4,0.253,1,197000.0,1
TRAD-001348,53,Self-Employed,566000.0,4,679,0,0.0,520000.0,36,2,0.306,0,354000.0,1
TRAD-001349,47,Salaried,334000.0,23,720,0,0.0,707000.0,48,0,0.529,0,705000.0,1
TRAD-001350,23,Salaried,700000.0,6,708,1,9800.0,425000.0,24,3,0.472,0,759000.0,1
TRAD-001351,38,Salaried,534000.0,1,625,3,55200.0,97000.0,36,1,1.301,0,283000.0,0
TRAD-001352,42,Salaried,383000.0,13,675,2,11300.0,2075000.0,12,0,3.0,0,520000.0,0
TRAD-001353,61,Salaried,236000.0,9,714,1,5100.0,635000.0,36,1,1.156,0,258000.0,0
TRAD-001354,30,Salaried,212000.0,5,690,0,0.0,672000.0,60,1,0.634,1,178000.0,0
TRAD-001355,42,Salaried,546000.0,12,849,1,16000.0,693000.0,48,0,0.669,0,21000.0,1
TRAD-001356,36,Self-Employed,626000.0,26,796,0,0.0,848000.0,48,3,0.339,0,322000.0,1
TRAD-001357,26,Salaried,405000.0,17,728,0,0.0,1183000.0,240,1,0.146,0,571000.0,1
TRAD-001358,25,Self-Employed,832000.0,21,628,0,0.0,598000.0,12,0,0.719,0,0.0,1
TRAD-001359,37,Self-Employed,632000.0,4,622,0,0.0,1641000.0,180,0,0.173,0,228000.0,1
TRAD-001360,24,Salaried,812000.0,2,888,1,13100.0,1289000.0,12,3,1.781,0,216000.0,0
TRAD-001361,23,Salaried,599000.0,10,604,1,14700.0,776000.0,60,2,0.554,0,362000.0,1
TRAD-001362,36,Self-Employed,430000.0,23,711,2,20500.0,467000.0,24,4,1.115,0,366000.0,0
TRAD-001363,29,Self-Employed,682000.0,26,734,2,14300.0,1605000.0,60,2,0.722,0,434000.0,1
TRAD-001364,45,Salaried,296000.0,3,670,2,19200.0,795000.0,240,3,0.913,0,774000.0,0
TRAD-001365,21,Salaried,801000.0,14,605,0,0.0,92000.0,12,2,0.115,0,82000.0,1
TRAD-001366,34,Self-Employed,388000.0,11,625,2,38200.0,1564000.0,60,2,1.988,0,69000.0,0
TRAD-001367,40,Self-Employed,907000.0,22,648,2,13700.0,428000.0,60,4,0.276,0,362000.0,1
TRAD-001368,63,Salaried,555000.0,6,633,0,0.0,1465000.0,60,3,0.528,0,663000.0,1
TRAD-001369,48,Salaried,948000.0,14,826,1,3000.0,50000.0,84,2,0.046,0,0.0,1
TRAD-001370,59,Business Owner,336000.0,25,699,0,0.0,660000.0,36,4,0.655,0,383000.0,1
TRAD-001371,36,Salaried,460000.0,13,650,1,7900.0,1654000.0,180,3,0.446,0,250000.0,0
TRAD-001372,40,Business Owner,757000.0,23,710,3,35100.0,903000.0,36,4,0.954,1,514000.0,0
TRAD-001373,39,Salaried,978000.0,18,763,0,0.0,1289000.0,48,3,0.329,0,457000.0,1
TRAD-001374,60,Salaried,1117000.0,17,667,1,14700.0,314000.0,60,3,0.214,0,312000.0,1
TRAD-001375,63,Salaried,662000.0,7,786,1,14400.0,1126000.0,240,2,0.346,0,422000.0,1
TRAD-001376,63,Salaried,1165000.0,29,579,1,8700.0,902000.0,60,4,0.244,0,135000.0,1
TRAD-001377,54,Business Owner,569000.0,7,811,1,5200.0,1058000.0,180,1,0.234,0,500000.0,1
TRAD-001378,43,Salaried,958000.0,27,699,0,0.0,2226000.0,24,2,1.162,0,647000.0,1
TRAD-001379,44,Business Owner,386000.0,29,695,0,0.0,1748000.0,12,4,3.0,1,325000.0,0
TRAD-001380,64,Salaried,768000.0,15,634,1,9600.0,1415000.0,60,1,0.518,0,198000.0,1
TRAD-001381,33,Business Owner,120000.0,26,583,2,20100.0,1423000.0,240,2,2.603,0,264000.0,0
TRAD-001382,36,Business Owner,336000.0,21,542,0,0.0,309000.0,36,0,0.307,0,497000.0,1
TRAD-001383,60,Self-Employed,781000.0,22,628,1,14700.0,594000.0,36,2,0.479,0,290000.0,1
TRAD-001384,37,Salaried,283000.0,2,756,2,6200.0,50000.0,24,1,0.351,0,0.0,0
TRAD-001385,31,Self-Employed,770000.0,4,609,2,13300.0,75000.0,240,2,0.212,0,538000.0,1
TRAD-001386,45,Salaried,904000.0,2,553,2,9400.0,324000.0,12,1,0.483,0,54000.0,0
TRAD-001387,35,Business Owner,510000.0,0,614,3,24500.0,881000.0,84,4,0.823,0,406000.0,0
TRAD-001388,60,Salaried,379000.0,25,663,0,0.0,104000.0,48,4,0.069,0,0.0,1
TRAD-001389,60,Salaried,517000.0,5,667,1,7800.0,875000.0,48,2,0.604,1,327000.0,0
TRAD-001390,34,Salaried,380000.0,0,688,0,0.0,800000.0,120,3,0.211,1,283000.0,0
TRAD-001391,44,Self-Employed,622000.0,28,798,0,0.0,163000.0,48,2,0.066,0,0.0,1
TRAD-001392,64,Business Owner,679000.0,8,819,0,0.0,1892000.0,12,1,2.786,0,383000.0,0
TRAD-001393,53,Salaried,564000.0,24,891,1,10500.0,50000.0,84,2,0.236,0,25000.0,1
TRAD-001394,30,Self-Employed,1119000.0,28,546,0,0.0,1626000.0,12,2,1.453,0,321000.0,0
TRAD-001395,46,Business Owner,449000.0,15,619,1,4500.0,50000.0,180,3,0.128,0,197000.0,1
TRAD-001396,48,Salaried,1040000.0,27,766,0,0.0,808000.0,240,3,0.039,1,0.0,1
TRAD-001397,49,Salaried,358000.0,29,657,1,10400.0,122000.0,180,1,0.371,0,39000.0,1
TRAD-001398,22,Self-Employed,670000.0,4,782,0,0.0,475000.0,48,3,0.177,0,59000.0,1
TRAD-001399,34,Self-Employed,981000.0,4,720,1,14100.0,2077000.0,48,4,0.702,0,546000.0,1
TRAD-001400,58,Salaried,967000.0,11,850,1,17400.0,674000.0,84,2,0.315,0,509000.0,1
TRAD-001401,31,Business Owner,532000.0,16,799,2,21900.0,182000.0,180,4,0.517,0,849000.0,1
TRAD-001402,34,Salaried,805000.0,23,801,2,14700.0,1217000.0,120,2,0.37,0,172000.0,1
TRAD-001403,35,Business Owner,768000.0,5,661,2,17500.0,669000.0,60,0,0.448,0,164000.0,1
TRAD-001404,28,Business Owner,499000.0,5,691,1,8500.0,998000.0,180,0,0.338,1,334000.0,0
TRAD-001405,27,Business Owner,822000.0,9,671,3,22100.0,306000.0,48,1,0.416,0,211000.0,0
TRAD-001406,36,Salaried,1171000.0,8,557,1,10500.0,338000.0,120,2,0.136,1,154000.0,0
TRAD-001407,59,Salaried,782000.0,28,840,0,0.0,388000.0,36,4,0.165,1,314000.0,1
TRAD-001408,21,Salaried,809000.0,11,771,1,4300.0,1419000.0,60,1,0.415,0,476000.0,1
TRAD-001409,33,Salaried,838000.0,26,667,1,13400.0,753000.0,180,1,0.252,0,0.0,1
TRAD-001410,23,Self-Employed,241000.0,1,824,0,0.0,219000.0,36,3,0.303,0,157000.0,1
TRAD-001411,45,Salaried,779000.0,3,640,0,0.0,1005000.0,84,1,0.184,0,0.0,1
TRAD-001412,32,Salaried,365000.0,24,525,1,13600.0,952000.0,36,2,1.317,0,262000.0,0
TRAD-001413,55,Salaried,485000.0,7,796,0,0.0,1273000.0,48,1,0.656,0,408000.0,1
TRAD-001414,46,Salaried,1255000.0,2,579,3,22700.0,587000.0,36,1,0.373,0,579000.0,1
TRAD-001415,55,Salaried,579000.0,17,681,0,0.0,850000.0,84,0,0.21,0,192000.0,1
TRAD-001416,48,Self-Employed,443000.0,4,720,1,7200.0,1174000.0,120,2,0.46,1,327000.0,0
TRAD-001417,40,Self-Employed,973000.0,1,737,1,1000.0,244000.0,180,2,0.029,0,0.0,1
TRAD-001418,58,Salaried,385000.0,12,781,0,0.0,1476000.0,48,0,0.958,0,85000.0,0
TRAD-001419,41,Business Owner,525000.0,16,755,1,1900.0,911000.0,24,3,0.911,0,352000.0,1
TRAD-001420,62,Business Owner,1000000.0,15,752,0,0.0,184000.0,240,1,0.009,0,0.0,1
TRAD-001421,64,Salaried,662000.0,17,625,0,0.0,180000.0,48,3,0.068,0,609000.0,1
TRAD-001422,46,Self-Employed,213000.0,0,728,3,21500.0,835000.0,84,0,1.771,0,431000.0,0
TRAD-001423,50,Salaried,802000.0,8,557,2,22600.0,542000.0,48,0,0.507,0,74000.0,0
TRAD-001424,32,Salaried,539000.0,10,848,2,8700.0,1390000.0,180,0,0.366,0,0.0,1
TRAD-001425,56,Salaried,1081000.0,8,567,0,0.0,714000.0,12,2,0.66,0,120000.0,0
TRAD-001426,50,Salaried,480000.0,16,667,1,2200.0,1097000.0,12,0,2.34,0,75000.0,0
TRAD-001427,60,Business Owner,944000.0,6,575,1,14300.0,348000.0,48,1,0.274,0,0.0,0
TRAD-001428,32,Business Owner,1147000.0,18,631,0,0.0,885000.0,48,2,0.193,0,0.0,1
TRAD-001429,55,Business Owner,412000.0,28,701,0,0.0,1755000.0,120,3,0.426,0,242000.0,1
TRAD-001430,41,Self-Employed,596000.0,19,650,1,5600.0,804000.0,60,3,0.383,0,483000.0,1
TRAD-001431,29,Self-Employed,759000.0,11,809,2,33400.0,541000.0,36,2,0.766,0,122000.0,0
TRAD-001432,28,Business Owner,410000.0,13,722,2,10300.0,339000.0,12,0,1.128,0,411000.0,0
TRAD-001433,45,Salaried,726000.0,17,656,0,0.0,888000.0,180,4,0.082,0,218000.0,1
TRAD-001434,35,Salaried,587000.0,21,687,1,9200.0,1816000.0,60,3,0.807,0,453000.0,1
TRAD-001435,25,Self-Employed,581000.0,9,816,2,27900.0,50000.0,240,4,0.581,0,103000.0,1
TRAD-001436,39,Salaried,664000.0,1,786,0,0.0,868000.0,36,4,0.436,0,370000.0,1
TRAD-001437,49,Salaried,670000.0,21,592,1,13700.0,50000.0,36,3,0.27,1,330000.0,0
TRAD-001438,35,Salaried,696000.0,19,635,0,0.0,633000.0,36,4,0.303,0,641000.0,1
TRAD-001439,63,Self-Employed,482000.0,3,745,0,0.0,1071000.0,48,2,0.555,0,440000.0,1
TRAD-001440,55,Salaried,495000.0,18,734,1,12100.0,50000.0,24,2,0.344,0,364000.0,1
TRAD-001441,43,Salaried,617000.0,2,600,2,18700.0,611000.0,24,2,0.859,1,0.0,0
TRAD-001442,62,Salaried,637000.0,19,771,1,6200.0,1089000.0,180,2,0.231,0,169000.0,1
TRAD-001443,40,Salaried,527000.0,22,615,0,0.0,985000.0,120,2,0.187,0,100000.0,1
TRAD-001444,27,Business Owner,741000.0,0,824,1,8800.0,1120000.0,60,1,0.445,0,94000.0,1
TRAD-001445,22,Salaried,142000.0,21,750,0,0.0,267000.0,60,3,0.376,0,304000.0,1
TRAD-001446,62,Self-Employed,445000.0,3,592,0,0.0,1089000.0,60,1,0.489,0,360000.0,0
TRAD-001447,63,Self-Employed,572000.0,7,650,1,6800.0,510000.0,84,4,0.27,0,370000.0,1
TRAD-001448,53,Salaried,410000.0,21,648,0,0.0,1364000.0,36,3,1.109,0,615000.0,0
TRAD-001449,25,Business Owner,1106000.0,10,715,1,16600.0,50000.0,180,4,0.183,0,421000.0,1
TRAD-001450,33,Self-Employed,655000.0,29,681,1,6400.0,712000.0,12,3,1.204,0,0.0,0
TRAD-001451,22,Self-Employed,699000.0,28,591,1,14200.0,964000.0,120,2,0.382,0,351000.0,0
TRAD-001452,23,Salaried,515000.0,29,568,0,0.0,1777000.0,180,1,0.23,0,446000.0,0
TRAD-001453,31,Salaried,646000.0,3,752,1,11000.0,956000.0,60,3,0.5,0,616000.0,1
TRAD-001454,46,Business Owner,310000.0,5,727,0,0.0,1022000.0,36,2,1.099,0,261000.0,0
TRAD-001455,23,Self-Employed,602000.0,5,710,0,0.0,1144000.0,180,1,0.127,1,264000.0,0
TRAD-001456,64,Business Owner,388000.0,17,726,1,13400.0,1715000.0,180,0,0.709,0,570000.0,1
TRAD-001457,41,Business Owner,572000.0,12,641,1,9300.0,652000.0,240,0,0.252,0,345000.0,0
TRAD-001458,32,Salaried,120000.0,22,717,2,13700.0,50000.0,12,1,1.787,0,0.0,0
TRAD-001459,43,Self-Employed,334000.0,8,900,2,31000.0,50000.0,84,3,1.135,0,0.0,0
TRAD-001460,55,Salaried,1060000.0,5,812,1,6500.0,1332000.0,12,4,1.33,0,760000.0,0
TRAD-001461,34,Self-Employed,883000.0,19,673,0,0.0,1045000.0,12,4,1.183,0,0.0,0
TRAD-001462,23,Salaried,1019000.0,18,650,2,3100.0,733000.0,12,2,0.756,0,258000.0,1
TRAD-001463,23,Salaried,1039000.0,20,428,2,5100.0,519000.0,120,4,0.109,1,521000.0,0
TRAD-001464,58,Self-Employed,838000.0,9,802,1,11400.0,1018000.0,120,0,0.285,0,0.0,1
TRAD-001465,25,Self-Employed,523000.0,15,775,1,17900.0,1036000.0,240,4,0.51,0,30000.0,1
TRAD-001466,48,Self-Employed,360000.0,27,648,1,800.0,1212000.0,84,4,0.508,0,0.0,0
TRAD-001467,37,Salaried,971000.0,18,564,1,5900.0,179000.0,84,2,0.099,0,750000.0,1
TRAD-001468,55,Salaried,668000.0,27,590,1,9400.0,50000.0,24,0,0.206,0,805000.0,1
TRAD-001469,23,Business Owner,1348000.0,13,742,0,0.0,306000.0,120,3,0.023,0,116000.0,1
TRAD-001470,60,Salaried,548000.0,1,692,0,0.0,50000.0,240,0,0.005,0,445000.0,0
TRAD-001471,51,Salaried,1202000.0,22,766,0,0.0,50000.0,48,3,0.01,0,377000.0,1
TRAD-001472,40,Self-Employed,606000.0,13,708,1,8000.0,1920000.0,120,1,0.475,0,230000.0,1
TRAD-001473,30,Salaried,1024000.0,1,792,1,19400.0,50000.0,60,2,0.237,0,0.0,1
TRAD-001474,63,Self-Employed,1125000.0,4,735,2,19200.0,1205000.0,60,4,0.419,0,877000.0,1
TRAD-001475,34,Salaried,364000.0,9,779,0,0.0,1490000.0,180,0,0.273,0,0.0,1
TRAD-001476,42,Business Owner,514000.0,5,501,0,0.0,1542000.0,36,0,1.0,0,353000.0,0
TRAD-001477,38,Business Owner,361000.0,20,583,3,22000.0,1080000.0,180,2,0.931,0,138000.0,0
TRAD-001478,31,Business Owner,306000.0,18,665,3,38400.0,1758000.0,240,3,1.793,0,552000.0,0
TRAD-001479,39,Self-Employed,837000.0,9,803,0,0.0,2059000.0,24,1,1.23,1,511000.0,0
TRAD-001480,27,Salaried,595000.0,2,879,2,2000.0,704000.0,60,0,0.277,0,55000.0,1
TRAD-001481,21,Self-Employed,665000.0,2,684,0,0.0,1191000.0,12,3,1.791,0,102000.0,0
TRAD-001482,33,Business Owner,806000.0,28,642,1,12300.0,1729000.0,48,3,0.719,0,0.0,1
TRAD-001483,25,Self-Employed,130000.0,10,514,0,0.0,340000.0,48,4,0.654,0,349000.0,0
TRAD-001484,39,Self-Employed,1010000.0,3,782,2,19500.0,741000.0,84,4,0.336,0,478000.0,1
TRAD-001485,58,Self-Employed,552000.0,21,648,0,0.0,493000.0,48,3,0.223,0,190000.0,1
TRAD-001486,28,Self-Employed,799000.0,26,900,1,13300.0,1200000.0,48,0,0.575,0,239000.0,1
TRAD-001487,21,Self-Employed,824000.0,3,630,0,0.0,50000.0,120,1,0.006,0,777000.0,1
TRAD-001488,25,Salaried,1034000.0,28,900,2,18200.0,1834000.0,120,3,0.389,0,534000.0,1
TRAD-001489,43,Salaried,621000.0,21,771,1,9700.0,1247000.0,12,2,2.195,1,637000.0,0
TRAD-001490,33,Self-Employed,120000.0,7,602,0,0.0,1283000.0,48,0,2.673,0,0.0,0
TRAD-001491,42,Salaried,666000.0,23,722,0,0.0,50000.0,120,2,0.008,0,437000.0,1
TRAD-001492,22,Business Owner,706000.0,12,773,0,0.0,224000.0,12,3,0.317,0,363000.0,1
TRAD-001493,35,Self-Employed,360000.0,19,679,1,11100.0,1869000.0,60,3,1.408,0,0.0,0
TRAD-001494,39,Salaried,691000.0,3,780,2,22500.0,785000.0,60,4,0.618,0,39000.0,1
TRAD-001495,39,Business Owner,549000.0,7,778,1,7500.0,50000.0,120,0,0.173,0,245000.0,1
TRAD-001496,45,Self-Employed,274000.0,23,757,2,24000.0,1044000.0,120,4,1.432,0,0.0,0
TRAD-001497,55,Self-Employed,838000.0,24,698,4,58700.0,1341000.0,60,2,1.161,0,100000.0,0
TRAD-001498,41,Salaried,492000.0,0,588,0,0.0,1245000.0,48,1,0.633,0,185000.0,0
TRAD-001499,58,Business Owner,536000.0,6,693,1,10200.0,802000.0,180,4,0.328,0,443000.0,1
TRAD-001500,44,Salaried,520000.0,18,717,0,0.0,1638000.0,48,0,0.788,0,123000.0,1
TRAD-001501,32,Self-Employed,996000.0,27,522,0,0.0,444000.0,48,0,0.111,0,188000.0,1
TRAD-001502,31,Salaried,639000.0,20,716,1,9700.0,1251000.0,48,3,0.672,0,556000.0,1
TRAD-001503,35,Self-Employed,672000.0,21,691,1,15800.0,988000.0,48,3,0.65,0,0.0,1
TRAD-001504,47,Self-Employed,527000.0,11,577,1,12700.0,813000.0,84,0,0.51,0,357000.0,0
TRAD-001505,31,Self-Employed,780000.0,1,668,1,12300.0,654000.0,84,4,0.309,1,397000.0,0
TRAD-001506,61,Salaried,1028000.0,22,670,0,0.0,677000.0,240,4,0.033,0,404000.0,1
TRAD-001507,42,Business Owner,831000.0,23,883,1,5400.0,921000.0,60,3,0.3,0,175000.0,1
TRAD-001508,58,Self-Employed,842000.0,13,721,1,10600.0,710000.0,120,1,0.235,0,34000.0,1
TRAD-001509,51,Salaried,820000.0,15,798,1,14000.0,1376000.0,36,4,0.764,0,680000.0,1
TRAD-001510,35,Business Owner,264000.0,7,689,1,15900.0,552000.0,240,0,0.827,0,86000.0,0
TRAD-001511,31,Self-Employed,405000.0,13,522,1,0.0,1919000.0,240,3,0.237,0,21000.0,0
TRAD-001512,53,Business Owner,593000.0,7,764,0,0.0,523000.0,84,4,0.126,0,305000.0,1
TRAD-001513,35,Business Owner,447000.0,12,637,0,0.0,1498000.0,120,2,0.335,0,115000.0,0
TRAD-001514,31,Business Owner,352000.0,4,668,1,12600.0,1526000.0,84,1,1.049,0,563000.0,0
TRAD-001515,61,Self-Employed,126000.0,18,600,1,2000.0,1008000.0,24,2,3.0,0,234000.0,0
TRAD-001516,42,Self-Employed,273000.0,7,707,0,0.0,950000.0,240,0,0.174,1,595000.0,0
TRAD-001517,23,Salaried,578000.0,21,801,1,12300.0,426000.0,120,0,0.329,0,412000.0,1
TRAD-001518,42,Salaried,631000.0,15,789,1,4300.0,564000.0,48,1,0.305,0,203000.0,1
TRAD-001519,41,Self-Employed,428000.0,26,851,0,0.0,1043000.0,36,0,0.812,1,579000.0,0
TRAD-001520,59,Salaried,672000.0,6,864,0,0.0,871000.0,120,3,0.13,0,137000.0,1
TRAD-001521,52,Business Owner,529000.0,8,506,1,8800.0,1669000.0,48,3,0.988,0,220000.0,0
TRAD-001522,29,Salaried,955000.0,7,587,0,0.0,605000.0,180,4,0.042,0,432000.0,1
TRAD-001523,27,Salaried,605000.0,18,528,0,0.0,644000.0,24,1,0.532,0,357000.0,1
TRAD-001524,47,Salaried,845000.0,3,760,1,8700.0,50000.0,60,4,0.135,0,132000.0,1
TRAD-001525,23,Salaried,707000.0,20,634,1,11800.0,1318000.0,24,1,1.132,0,0.0,0
TRAD-001526,35,Salaried,257000.0,24,654,0,0.0,1260000.0,120,2,0.49,0,295000.0,1
TRAD-001527,27,Salaried,625000.0,20,679,0,0.0,1535000.0,48,4,0.614,1,118000.0,0
TRAD-001528,21,Business Owner,304000.0,4,736,1,12800.0,1572000.0,24,1,3.0,0,307000.0,0
TRAD-001529,61,Salaried,620000.0,14,559,0,0.0,1413000.0,60,0,0.456,0,195000.0,1
TRAD-001530,24,Salaried,441000.0,16,580,1,9100.0,1440000.0,84,4,0.714,0,121000.0,0
TRAD-001531,21,Salaried,757000.0,11,700,0,0.0,1297000.0,36,1,0.571,0,233000.0,1
TRAD-001532,62,Salaried,274000.0,13,814,0,0.0,1397000.0,240,1,0.255,1,282000.0,0
TRAD-001533,29,Salaried,654000.0,22,698,1,10300.0,50000.0,12,3,0.265,0,474000.0,1
TRAD-001534,56,Self-Employed,810000.0,25,625,2,9400.0,185000.0,36,2,0.215,0,406000.0,1
TRAD-001535,22,Self-Employed,904000.0,9,496,0,0.0,79000.0,36,0,0.029,0,824000.0,1
TRAD-001536,27,Salaried,436000.0,9,791,3,24700.0,1726000.0,240,4,0.878,0,335000.0,0
TRAD-001537,25,Self-Employed,655000.0,6,630,3,38700.0,391000.0,36,2,0.908,0,132000.0,0
TRAD-001538,52,Salaried,702000.0,12,591,3,32400.0,495000.0,24,1,0.906,0,258000.0,0
TRAD-001539,48,Salaried,1083000.0,16,537,1,10000.0,904000.0,84,0,0.23,0,442000.0,1
TRAD-001540,41,Business Owner,235000.0,21,563,0,0.0,92000.0,36,3,0.13,0,551000.0,1
TRAD-001541,31,Salaried,395000.0,8,609,0,0.0,1147000.0,36,3,0.968,0,635000.0,0
TRAD-001542,24,Business Owner,1435000.0,6,677,1,5000.0,50000.0,36,3,0.053,0,46000.0,1
TRAD-001543,46,Salaried,574000.0,0,585,3,36400.0,135000.0,60,3,0.808,0,620000.0,0
TRAD-001544,31,Salaried,121000.0,2,718,1,12400.0,1029000.0,120,4,2.08,0,288000.0,0
TRAD-001545,46,Salaried,487000.0,1,677,1,7600.0,93000.0,60,3,0.225,0,68000.0,0
TRAD-001546,51,Salaried,120000.0,6,900,1,10700.0,1744000.0,240,1,1.797,1,249000.0,0
TRAD-001547,58,Business Owner,717000.0,20,538,0,0.0,930000.0,36,1,0.432,0,603000.0,1
TRAD-001548,42,Salaried,877000.0,23,715,1,9700.0,1636000.0,180,1,0.257,1,414000.0,0
TRAD-001549,21,Business Owner,395000.0,29,717,1,8500.0,1133000.0,120,3,0.545,0,0.0,0
TRAD-001550,33,Business Owner,518000.0,16,602,2,28100.0,892000.0,12,0,2.373,0,0.0,0
TRAD-001551,58,Self-Employed,909000.0,13,709,1,8200.0,252000.0,120,1,0.136,0,0.0,1
TRAD-001552,44,Salaried,160000.0,26,773,0,0.0,1504000.0,240,2,0.47,0,117000.0,1
TRAD-001553,48,Salaried,280000.0,4,709,1,7400.0,1187000.0,120,2,0.741,0,319000.0,0
TRAD-001554,41,Salaried,586000.0,18,832,1,0.0,2255000.0,36,0,1.283,0,18000.0,1
TRAD-001555,28,Self-Employed,439000.0,24,493,1,8100.0,1438000.0,48,0,1.04,0,193000.0,0
TRAD-001556,60,Salaried,568000.0,15,620,1,9800.0,642000.0,180,4,0.282,0,651000.0,1
TRAD-001557,55,Business Owner,296000.0,7,840,0,0.0,1088000.0,36,0,1.225,0,704000.0,0
TRAD-001558,64,Self-Employed,710000.0,18,787,2,19300.0,1174000.0,60,0,0.657,1,688000.0,1
TRAD-001559,58,Salaried,608000.0,29,751,3,20900.0,1656000.0,84,0,0.802,0,0.0,1
TRAD-001560,33,Self-Employed,804000.0,7,817,2,15400.0,1759000.0,180,1,0.376,0,718000.0,1
TRAD-001561,32,Salaried,706000.0,16,518,2,9000.0,795000.0,240,1,0.209,0,323000.0,1
TRAD-001562,31,Business Owner,708000.0,1,776,0,0.0,110000.0,120,4,0.016,0,319000.0,1
TRAD-001563,61,Salaried,245000.0,6,801,2,17100.0,50000.0,48,0,0.889,0,557000.0,0
TRAD-001564,45,Business Owner,788000.0,23,637,1,6000.0,159000.0,48,0,0.142,0,476000.0,1
TRAD-001565,40,Business Owner,557000.0,14,900,0,0.0,515000.0,84,0,0.132,0,0.0,1
TRAD-001566,63,Business Owner,603000.0,5,719,1,300.0,1878000.0,12,3,3.0,1,147000.0,0
TRAD-001567,47,Salaried,944000.0,10,492,1,10200.0,1888000.0,48,4,0.63,0,208000.0,1
TRAD-001568,61,Business Owner,449000.0,3,736,1,17500.0,1524000.0,48,0,1.316,0,0.0,0
TRAD-001569,64,Salaried,1028000.0,23,632,2,16500.0,1700000.0,240,2,0.275,0,549000.0,1
TRAD-001570,24,Self-Employed,1054000.0,28,811,2,18000.0,440000.0,180,1,0.233,0,660000.0,1
TRAD-001571,36,Salaried,861000.0,3,752,4,42800.0,50000.0,36,3,0.616,0,297000.0,0
TRAD-001572,53,Salaried,375000.0,7,643,0,0.0,246000.0,84,3,0.094,0,375000.0,1
TRAD-001573,56,Salaried,120000.0,25,843,0,0.0,50000.0,60,1,0.083,0,297000.0,1
TRAD-001574,27,Salaried,952000.0,26,789,0,0.0,176000.0,180,3,0.012,0,325000.0,1
TRAD-001575,35,Salaried,681000.0,23,621,1,11600.0,571000.0,60,0,0.372,0,579000.0,1
TRAD-001576,45,Business Owner,441000.0,21,686,1,1400.0,1008000.0,84,2,0.365,0,0.0,1
TRAD-001577,56,Salaried,979000.0,25,749,0,0.0,988000.0,120,4,0.101,0,422000.0,1
TRAD-001578,25,Self-Employed,409000.0,11,665,1,7400.0,452000.0,180,4,0.291,0,303000.0,1
TRAD-001579,47,Salaried,531000.0,26,668,2,18000.0,1270000.0,120,0,0.646,1,122000.0,0
TRAD-001580,34,Self-Employed,797000.0,26,703,2,13800.0,464000.0,36,0,0.402,0,174000.0,1
TRAD-001581,30,Self-Employed,338000.0,6,599,1,14700.0,907000.0,120,4,0.79,0,758000.0,0
TRAD-001582,43,Salaried,619000.0,2,488,1,10000.0,179000.0,36,1,0.29,1,0.0,0
TRAD-001583,39,Self-Employed,955000.0,15,723,3,23100.0,1608000.0,120,3,0.459,0,258000.0,1
TRAD-001584,48,Business Owner,709000.0,22,511,1,7600.0,914000.0,240,2,0.193,0,707000.0,1
TRAD-001585,34,Business Owner,999000.0,25,606,0,0.0,1341000.0,60,2,0.268,0,0.0,1
TRAD-001586,57,Salaried,967000.0,4,532,1,18600.0,109000.0,240,1,0.236,0,186000.0,1
TRAD-001587,24,Salaried,652000.0,11,543,0,0.0,1013000.0,24,3,0.777,1,311000.0,0
TRAD-001588,58,Self-Employed,120000.0,23,741,1,13300.0,1272000.0,48,1,3.0,1,403000.0,0
TRAD-001589,22,Salaried,340000.0,1,679,1,11300.0,50000.0,180,3,0.409,1,280000.0,0
TRAD-001590,53,Business Owner,864000.0,21,675,0,0.0,1659000.0,120,1,0.192,0,76000.0,1
TRAD-001591,36,Salaried,216000.0,8,575,0,0.0,88000.0,36,4,0.136,0,412000.0,0
TRAD-001592,37,Business Owner,559000.0,0,638,0,0.0,1037000.0,60,3,0.371,0,275000.0,1
TRAD-001593,21,Salaried,745000.0,7,736,2,26200.0,2062000.0,12,2,3.0,0,457000.0,0
TRAD-001594,51,Salaried,1061000.0,22,695,1,9900.0,1521000.0,180,0,0.208,0,531000.0,1
TRAD-001595,28,Business Owner,489000.0,26,778,1,12000.0,50000.0,24,1,0.346,0,0.0,1
TRAD-001596,50,Business Owner,470000.0,2,792,0,0.0,784000.0,84,3,0.238,0,558000.0,1
TRAD-001597,52,Business Owner,635000.0,13,676,2,18700.0,1702000.0,60,2,0.889,0,236000.0,0
TRAD-001598,58,Business Owner,748000.0,6,524,1,7300.0,369000.0,84,0,0.188,0,506000.0,0
TRAD-001599,52,Salaried,607000.0,20,628,0,0.0,666000.0,48,0,0.274,0,423000.0,1
TRAD-001600,34,Salaried,944000.0,23,691,0,0.0,648000.0,12,3,0.686,1,764000.0,0
TRAD-001601,53,Salaried,426000.0,28,626,1,5500.0,1271000.0,84,1,0.581,0,302000.0,1
TRAD-001602,57,Salaried,684000.0,10,600,0,0.0,50000.0,240,2,0.004,0,199000.0,1
TRAD-001603,34,Salaried,775000.0,8,707,0,0.0,1307000.0,84,3,0.241,1,172000.0,0
TRAD-001604,26,Business Owner,538000.0,9,900,0,0.0,495000.0,12,4,0.92,0,41000.0,1
TRAD-001605,60,Salaried,885000.0,22,654,0,0.0,893000.0,12,1,1.009,0,502000.0,0
TRAD-001606,27,Salaried,692000.0,13,700,1,3900.0,754000.0,36,3,0.431,1,25000.0,0
TRAD-001607,47,Salaried,871000.0,0,575,1,4600.0,1290000.0,36,4,0.557,0,500000.0,0
TRAD-001608,31,Salaried,704000.0,28,818,1,6700.0,886000.0,24,4,0.743,0,244000.0,1
TRAD-001609,26,Salaried,755000.0,3,783,0,0.0,1836000.0,240,4,0.122,0,0.0,1
TRAD-001610,55,Self-Employed,473000.0,27,777,2,20000.0,1543000.0,120,0,0.834,0,672000.0,1
TRAD-001611,27,Salaried,473000.0,4,829,0,0.0,383000.0,120,0,0.081,0,0.0,1
TRAD-001612,50,Self-Employed,993000.0,16,659,0,0.0,1787000.0,240,4,0.09,0,280000.0,1
TRAD-001613,51,Business Owner,828000.0,9,671,0,0.0,1108000.0,180,1,0.089,0,358000.0,1
TRAD-001614,23,Self-Employed,364000.0,20,862,2,23900.0,1010000.0,24,1,2.175,0,0.0,0
TRAD-001615,28,Self-Employed,701000.0,12,760,0,0.0,1451000.0,12,2,2.07,1,410000.0,0
TRAD-001616,55,Salaried,120000.0,11,489,0,0.0,223000.0,120,3,0.186,0,133000.0,0
TRAD-001617,43,Salaried,489000.0,14,743,0,0.0,50000.0,240,0,0.005,0,238000.0,1
TRAD-001618,26,Salaried,919000.0,29,645,1,9800.0,916000.0,120,3,0.228,0,636000.0,1
TRAD-001619,64,Business Owner,615000.0,7,785,6,77400.0,506000.0,180,0,1.565,0,336000.0,0
TRAD-001620,32,Self-Employed,683000.0,6,739,0,0.0,2248000.0,84,1,0.47,0,212000.0,0
TRAD-001621,21,Salaried,120000.0,1,535,0,0.0,403000.0,60,4,0.672,0,257000.0,0
TRAD-001622,61,Salaried,540000.0,22,726,2,15600.0,926000.0,24,0,1.204,0,744000.0,0
TRAD-001623,21,Business Owner,745000.0,20,720,2,19300.0,1025000.0,120,0,0.448,0,401000.0,1
TRAD-001624,45,Self-Employed,780000.0,18,735,1,9100.0,1700000.0,36,2,0.866,0,79000.0,1
TRAD-001625,64,Self-Employed,919000.0,0,755,1,10900.0,254000.0,36,1,0.234,0,178000.0,1
TRAD-001626,46,Business Owner,591000.0,23,842,1,8500.0,50000.0,180,1,0.178,0,2000.0,1
TRAD-001627,46,Self-Employed,604000.0,24,739,0,0.0,1806000.0,84,2,0.427,0,187000.0,1
TRAD-001628,38,Self-Employed,277000.0,28,702,1,15800.0,952000.0,60,0,1.372,0,702000.0,0
TRAD-001629,26,Salaried,593000.0,27,809,0,0.0,1426000.0,180,0,0.16,0,258000.0,1
TRAD-001630,46,Salaried,297000.0,7,900,1,9200.0,1457000.0,120,4,0.862,0,0.0,0
TRAD-001631,60,Business Owner,133000.0,21,787,1,12200.0,1570000.0,60,4,3.0,0,408000.0,0
TRAD-001632,25,Self-Employed,346000.0,12,720,0,0.0,654000.0,240,2,0.095,0,202000.0,1
TRAD-001633,59,Salaried,1072000.0,17,741,3,22100.0,478000.0,12,4,0.693,0,440000.0,1
TRAD-001634,39,Self-Employed,574000.0,9,724,1,10000.0,50000.0,60,4,0.226,1,239000.0,0
TRAD-001635,44,Salaried,712000.0,19,702,0,0.0,253000.0,48,1,0.089,0,661000.0,1
TRAD-001636,28,Business Owner,506000.0,28,900,4,35700.0,940000.0,24,0,1.775,0,72000.0,0
TRAD-001637,48,Salaried,149000.0,19,629,1,3200.0,444000.0,120,1,0.556,0,9000.0,0
TRAD-001638,29,Business Owner,912000.0,27,810,2,22100.0,158000.0,12,4,0.464,0,534000.0,1
TRAD-001639,33,Salaried,120000.0,27,688,1,4500.0,933000.0,120,4,1.228,0,0.0,0
TRAD-001640,52,Salaried,495000.0,3,559,2,19300.0,1773000.0,120,3,0.826,0,257000.0,0
TRAD-001641,23,Salaried,635000.0,28,682,0,0.0,864000.0,60,3,0.272,0,500000.0,1
TRAD-001642,40,Business Owner,715000.0,24,648,1,9300.0,164000.0,36,1,0.233,0,0.0,1
TRAD-001643,47,Salaried,447000.0,12,755,1,6500.0,1727000.0,240,2,0.368,0,316000.0,1
TRAD-001644,26,Salaried,135000.0,18,709,0,0.0,397000.0,120,1,0.294,0,0.0,1
TRAD-001645,33,Self-Employed,426000.0,18,603,0,0.0,1862000.0,24,1,2.185,0,0.0,0
TRAD-001646,36,Salaried,440000.0,23,840,2,14600.0,729000.0,120,3,0.564,0,34000.0,1
TRAD-001647,50,Salaried,434000.0,24,804,2,18200.0,967000.0,24,2,1.617,0,254000.0,0
TRAD-001648,63,Salaried,922000.0,3,851,0,0.0,1915000.0,84,2,0.297,0,124000.0,1
TRAD-001649,57,Business Owner,310000.0,0,723,1,13100.0,50000.0,36,1,0.561,0,577000.0,0
TRAD-001650,29,Salaried,734000.0,7,697,3,27900.0,217000.0,84,3,0.498,0,321000.0,1
TRAD-001651,21,Salaried,694000.0,15,767,3,17800.0,688000.0,180,2,0.374,0,178000.0,1
TRAD-001652,23,Salaried,919000.0,25,645,1,9000.0,809000.0,180,0,0.176,0,0.0,1
TRAD-001653,47,Salaried,613000.0,19,712,3,24100.0,2617000.0,120,3,0.899,0,356000.0,1
TRAD-001654,27,Salaried,872000.0,4,683,1,14600.0,323000.0,120,1,0.238,0,815000.0,1
TRAD-001655,31,Salaried,602000.0,21,561,1,8800.0,52000.0,120,2,0.184,0,124000.0,1
TRAD-001656,58,Salaried,772000.0,14,712,2,6900.0,292000.0,240,4,0.126,0,154000.0,1
TRAD-001657,59,Salaried,229000.0,11,658,0,0.0,1051000.0,180,3,0.306,0,35000.0,0
TRAD-001658,57,Business Owner,120000.0,23,677,0,0.0,1220000.0,120,0,1.017,0,596000.0,0
TRAD-001659,32,Salaried,756000.0,8,735,0,0.0,440000.0,48,3,0.146,0,532000.0,1
TRAD-001660,48,Salaried,771000.0,18,821,0,0.0,914000.0,36,1,0.395,0,188000.0,1
TRAD-001661,47,Business Owner,783000.0,5,619,1,7900.0,2164000.0,36,3,1.042,0,150000.0,0
TRAD-001662,29,Business Owner,503000.0,11,668,1,8900.0,923000.0,84,1,0.474,1,64000.0,0
TRAD-001663,45,Self-Employed,1067000.0,16,627,1,8900.0,1109000.0,84,2,0.249,0,228000.0,1
TRAD-001664,44,Salaried,521000.0,18,621,1,10500.0,2128000.0,48,3,1.263,0,555000.0,0
TRAD-001665,38,Salaried,768000.0,27,644,3,22900.0,446000.0,48,0,0.503,0,310000.0,0
TRAD-001666,54,Salaried,816000.0,8,681,2,10700.0,404000.0,120,0,0.207,0,622000.0,1
TRAD-001667,50,Salaried,1131000.0,26,756,0,0.0,595000.0,60,3,0.105,0,120000.0,1
TRAD-001668,44,Salaried,561000.0,24,730,3,13500.0,557000.0,12,0,1.282,0,0.0,0
TRAD-001669,52,Self-Employed,467000.0,10,600,1,5800.0,50000.0,24,4,0.203,0,951000.0,1
TRAD-001670,54,Salaried,231000.0,4,823,0,0.0,990000.0,36,2,1.429,1,354000.0,0
TRAD-001671,45,Self-Employed,1085000.0,7,790,1,11400.0,1041000.0,48,0,0.366,0,495000.0,1
TRAD-001672,32,Salaried,768000.0,19,614,0,0.0,779000.0,120,3,0.101,0,103000.0,1
TRAD-001673,54,Salaried,777000.0,23,816,0,0.0,1061000.0,60,4,0.273,0,0.0,1
TRAD-001674,52,Self-Employed,1523000.0,18,731,5,29300.0,1068000.0,48,0,0.406,1,339000.0,0
TRAD-001675,64,Business Owner,741000.0,21,685,0,0.0,50000.0,12,4,0.067,0,0.0,1
TRAD-001676,27,Salaried,285000.0,3,734,2,14400.0,1088000.0,12,2,3.0,0,233000.0,0
TRAD-001677,39,Self-Employed,595000.0,15,698,1,8300.0,1263000.0,240,3,0.274,0,556000.0,1
TRAD-001678,61,Salaried,377000.0,26,752,2,19700.0,50000.0,180,1,0.636,0,412000.0,1
TRAD-001679,43,Salaried,539000.0,11,718,3,6800.0,1851000.0,12,0,3.0,0,364000.0,0
TRAD-001680,62,Self-Employed,537000.0,26,668,0,0.0,97000.0,60,4,0.036,1,736000.0,1
TRAD-001681,21,Salaried,486000.0,3,508,0,0.0,160000.0,240,3,0.016,0,394000.0,0
TRAD-001682,22,Salaried,260000.0,29,750,0,0.0,1031000.0,120,1,0.397,0,0.0,1
TRAD-001683,56,Salaried,1096000.0,23,665,0,0.0,1248000.0,12,1,1.139,0,263000.0,1
TRAD-001684,36,Salaried,734000.0,18,774,0,0.0,1405000.0,48,3,0.479,0,781000.0,1
TRAD-001685,43,Salaried,587000.0,18,746,1,10300.0,1265000.0,180,1,0.354,0,223000.0,1
TRAD-001686,39,Salaried,862000.0,28,667,1,10300.0,562000.0,36,3,0.361,0,766000.0,1
TRAD-001687,38,Business Owner,782000.0,11,797,0,0.0,971000.0,60,0,0.248,0,556000.0,1
TRAD-001688,62,Self-Employed,727000.0,4,719,3,21600.0,694000.0,36,4,0.675,0,198000.0,0
TRAD-001689,25,Salaried,842000.0,27,716,1,13900.0,1013000.0,24,3,0.8,0,30000.0,1
TRAD-001690,54,Salaried,688000.0,3,687,2,33700.0,944000.0,180,1,0.679,0,385000.0,0
TRAD-001691,60,Self-Employed,838000.0,19,860,2,26500.0,572000.0,36,2,0.607,1,618000.0,1
TRAD-001692,49,Salaried,861000.0,7,632,0,0.0,674000.0,84,0,0.112,0,0.0,1
TRAD-001693,38,Salaried,696000.0,27,669,1,6200.0,50000.0,48,2,0.125,0,330000.0,1
TRAD-001694,28,Self-Employed,588000.0,29,582,0,0.0,1440000.0,84,1,0.35,0,0.0,1
TRAD-001695,51,Salaried,1079000.0,14,769,0,0.0,1093000.0,180,1,0.068,0,215000.0,1
TRAD-001696,41,Salaried,516000.0,15,645,1,12200.0,50000.0,60,4,0.303,1,0.0,0
TRAD-001697,27,Salaried,760000.0,13,655,2,3200.0,1416000.0,24,2,0.982,0,441000.0,1
TRAD-001698,36,Salaried,766000.0,12,651,0,0.0,866000.0,36,0,0.377,0,128000.0,1
TRAD-001699,63,Salaried,479000.0,28,706,1,5700.0,291000.0,36,2,0.345,0,590000.0,1
TRAD-001700,32,Business Owner,424000.0,8,581,0,0.0,233000.0,120,0,0.055,0,165000.0,1
TRAD-001701,28,Salaried,551000.0,28,487,0,0.0,453000.0,120,2,0.082,0,142000.0,1
TRAD-001702,51,Self-Employed,512000.0,19,743,2,11800.0,295000.0,24,3,0.565,0,0.0,1
TRAD-001703,29,Self-Employed,242000.0,28,499,0,0.0,382000.0,84,0,0.226,0,398000.0,1
TRAD-001704,61,Salaried,468000.0,18,781,1,4400.0,2005000.0,60,0,0.97,1,423000.0,0
TRAD-001705,58,Salaried,725000.0,24,848,0,0.0,1141000.0,48,1,0.393,0,535000.0,1
TRAD-001706,64,Salaried,1004000.0,14,684,2,7900.0,2223000.0,180,2,0.242,0,464000.0,1
TRAD-001707,61,Self-Employed,805000.0,13,823,2,16800.0,1047000.0,12,0,1.551,0,400000.0,0
TRAD-001708,31,Salaried,120000.0,7,698,0,0.0,1277000.0,120,1,1.064,0,449000.0,0
TRAD-001709,30,Self-Employed,830000.0,6,852,2,23500.0,328000.0,84,3,0.396,0,474000.0,1
TRAD-001710,36,Business Owner,494000.0,1,657,0,0.0,791000.0,36,2,0.534,0,527000.0,1
TRAD-001711,41,Self-Employed,777000.0,11,475,0,0.0,847000.0,36,2,0.363,0,0.0,0
TRAD-001712,59,Business Owner,646000.0,29,692,2,32100.0,1303000.0,24,0,1.605,0,185000.0,0
TRAD-001713,53,Self-Employed,596000.0,28,862,1,10500.0,868000.0,84,3,0.419,0,0.0,1
TRAD-001714,49,Business Owner,621000.0,20,751,2,15100.0,1128000.0,84,2,0.551,0,383000.0,1
TRAD-001715,59,Business Owner,644000.0,10,651,3,20000.0,1105000.0,36,2,0.945,0,707000.0,0
TRAD-001716,49,Self-Employed,1026000.0,15,731,2,8600.0,703000.0,48,3,0.272,0,524000.0,1
TRAD-001717,37,Business Owner,644000.0,22,792,1,8700.0,636000.0,240,0,0.211,0,148000.0,1
TRAD-001718,39,Business Owner,954000.0,0,692,0,0.0,465000.0,120,3,0.049,0,426000.0,1
TRAD-001719,43,Salaried,913000.0,27,900,1,1300.0,1603000.0,84,1,0.268,0,387000.0,1
TRAD-001720,24,Self-Employed,837000.0,26,651,0,0.0,703000.0,24,0,0.42,0,358000.0,1
TRAD-001721,53,Salaried,150000.0,29,795,0,0.0,1114000.0,84,1,1.061,0,0.0,0
TRAD-001722,49,Business Owner,963000.0,2,772,0,0.0,798000.0,48,1,0.207,0,629000.0,1
TRAD-001723,53,Salaried,522000.0,28,634,0,0.0,1591000.0,180,2,0.203,0,5000.0,1
TRAD-001724,44,Business Owner,850000.0,18,660,2,19500.0,50000.0,24,1,0.305,0,208000.0,1
TRAD-001725,55,Self-Employed,378000.0,16,797,1,8500.0,1097000.0,240,3,0.415,0,540000.0,1
TRAD-001726,62,Business Owner,318000.0,5,714,1,11200.0,84000.0,240,1,0.436,0,207000.0,0
TRAD-001727,46,Salaried,1203000.0,14,732,1,6700.0,1154000.0,180,0,0.131,0,320000.0,1
TRAD-001728,40,Self-Employed,382000.0,10,545,2,17600.0,805000.0,60,1,0.974,0,330000.0,0
TRAD-001729,25,Self-Employed,971000.0,29,762,0,0.0,50000.0,84,2,0.007,0,316000.0,1
TRAD-001730,55,Business Owner,683000.0,10,727,2,20300.0,1119000.0,240,0,0.439,0,329000.0,1
TRAD-001731,60,Business Owner,532000.0,6,694,3,27900.0,1046000.0,180,0,0.76,1,353000.0,0
TRAD-001732,51,Self-Employed,637000.0,28,734,0,0.0,750000.0,180,0,0.078,0,319000.0,1
TRAD-001733,59,Self-Employed,286000.0,5,661,1,8400.0,832000.0,24,1,1.807,0,76000.0,0
TRAD-001734,58,Salaried,646000.0,27,644,2,17700.0,1005000.0,48,4,0.718,0,0.0,0
TRAD-001735,56,Business Owner,347000.0,28,677,0,0.0,1666000.0,120,2,0.48,0,550000.0,1
TRAD-001736,43,Salaried,539000.0,9,656,2,20500.0,696000.0,24,0,1.102,1,561000.0,0
TRAD-001737,25,Self-Employed,909000.0,20,900,1,6100.0,1558000.0,120,0,0.252,0,384000.0,1
TRAD-001738,21,Self-Employed,721000.0,23,787,1,12100.0,876000.0,48,0,0.505,0,382000.0,1
TRAD-001739,29,Salaried,235000.0,16,608,1,11100.0,1742000.0,84,0,1.626,0,71000.0,0
TRAD-001740,39,Salaried,888000.0,20,893,0,0.0,747000.0,240,2,0.042,0,0.0,1
TRAD-001741,53,Salaried,648000.0,3,659,0,0.0,467000.0,180,3,0.048,0,238000.0,1
TRAD-001742,41,Business Owner,498000.0,15,703,0,0.0,187000.0,48,2,0.094,0,0.0,1
TRAD-001743,22,Salaried,859000.0,15,785,2,6200.0,878000.0,120,2,0.189,0,346000.0,1
TRAD-001744,30,Salaried,603000.0,16,513,0,0.0,384000.0,12,2,0.637,0,626000.0,1
TRAD-001745,64,Self-Employed,324000.0,28,677,1,13700.0,1813000.0,120,1,1.067,0,146000.0,0
TRAD-001746,64,Salaried,1167000.0,24,646,1,14700.0,334000.0,24,4,0.294,1,160000.0,0
TRAD-001747,37,Business Owner,645000.0,18,719,2,9300.0,451000.0,240,3,0.208,0,49000.0,1
TRAD-001748,56,Salaried,627000.0,12,735,5,60700.0,1278000.0,36,4,1.841,0,311000.0,0
TRAD-001749,52,Salaried,537000.0,12,693,1,9300.0,1671000.0,120,0,0.519,0,292000.0,0
TRAD-001750,61,Salaried,980000.0,0,688,2,0.0,1375000.0,84,2,0.2,0,45000.0,1
TRAD-001751,60,Salaried,503000.0,16,801,0,0.0,1588000.0,36,4,1.052,1,528000.0,0
TRAD-001752,48,Salaried,217000.0,7,729,0,0.0,848000.0,180,3,0.261,0,976000.0,1
TRAD-001753,38,Self-Employed,460000.0,26,704,0,0.0,857000.0,24,3,0.932,1,597000.0,0
TRAD-001754,48,Salaried,1021000.0,23,714,0,0.0,2208000.0,240,2,0.108,0,272000.0,1
TRAD-001755,35,Salaried,883000.0,27,874,0,0.0,1999000.0,60,1,0.453,0,269000.0,1
TRAD-001756,36,Salaried,579000.0,29,716,0,0.0,1364000.0,60,3,0.471,0,172000.0,1
TRAD-001757,47,Salaried,1035000.0,12,651,1,3200.0,1619000.0,36,2,0.559,1,166000.0,0
TRAD-001758,46,Business Owner,859000.0,12,519,0,0.0,1458000.0,12,2,1.697,0,540000.0,0
TRAD-001759,46,Salaried,575000.0,18,564,0,0.0,116000.0,120,1,0.02,0,550000.0,1
TRAD-001760,37,Business Owner,604000.0,12,656,1,8300.0,874000.0,120,0,0.31,0,8000.0,1
TRAD-001761,39,Salaried,742000.0,8,690,1,12600.0,1873000.0,180,3,0.372,0,392000.0,1
TRAD-001762,21,Salaried,417000.0,21,647,0,0.0,1368000.0,240,4,0.164,0,578000.0,1
TRAD-001763,47,Salaried,651000.0,13,733,2,14400.0,859000.0,36,0,0.705,0,212000.0,1
TRAD-001764,46,Salaried,736000.0,28,646,0,0.0,1881000.0,84,2,0.365,1,247000.0,1
TRAD-001765,62,Self-Employed,178000.0,6,613,1,4400.0,1140000.0,240,3,0.617,0,474000.0,0
TRAD-001766,43,Salaried,597000.0,13,758,3,44400.0,1391000.0,84,0,1.225,0,481000.0,0
TRAD-001767,41,Salaried,565000.0,15,830,0,0.0,1143000.0,120,1,0.202,0,407000.0,1
TRAD-001768,23,Self-Employed,938000.0,27,595,3,6200.0,1252000.0,120,4,0.213,0,364000.0,1
TRAD-001769,29,Self-Employed,134000.0,17,723,0,0.0,1298000.0,240,3,0.484,1,397000.0,1
TRAD-001770,35,Business Owner,543000.0,2,519,0,0.0,1745000.0,48,4,0.803,0,231000.0,0
TRAD-001771,37,Business Owner,515000.0,10,560,1,5700.0,1829000.0,24,4,1.909,0,21000.0,0
TRAD-001772,36,Self-Employed,919000.0,26,644,0,0.0,607000.0,240,3,0.033,0,0.0,1
TRAD-001773,38,Business Owner,638000.0,8,808,0,0.0,1131000.0,60,1,0.355,0,449000.0,1
TRAD-001774,54,Self-Employed,1153000.0,10,626,0,0.0,1726000.0,24,4,0.748,0,327000.0,1
TRAD-001775,26,Salaried,835000.0,4,622,1,7100.0,814000.0,84,2,0.241,0,414000.0,1
TRAD-001776,35,Self-Employed,535000.0,21,703,0,0.0,50000.0,180,2,0.006,0,93000.0,1
TRAD-001777,28,Salaried,717000.0,4,704,2,25400.0,309000.0,120,2,0.468,0,326000.0,0
TRAD-001778,34,Self-Employed,551000.0,11,625,1,14700.0,354000.0,48,2,0.481,0,320000.0,1
TRAD-001779,51,Business Owner,891000.0,21,889,0,0.0,602000.0,240,2,0.034,0,620000.0,1
TRAD-001780,23,Salaried,277000.0,26,675,0,0.0,415000.0,12,3,1.498,0,513000.0,0
TRAD-001781,35,Business Owner,419000.0,6,711,2,11400.0,1569000.0,240,0,0.514,0,115000.0,0
TRAD-001782,22,Business Owner,778000.0,9,662,3,35000.0,720000.0,24,2,1.003,0,426000.0,0
TRAD-001783,63,Salaried,993000.0,3,742,0,0.0,1720000.0,36,2,0.577,0,113000.0,1
TRAD-001784,52,Salaried,120000.0,13,817,3,3700.0,165000.0,36,2,0.828,0,0.0,0
TRAD-001785,31,Business Owner,1035000.0,29,858,0,0.0,670000.0,48,3,0.162,0,731000.0,1
TRAD-001786,29,Business Owner,611000.0,9,628,1,4100.0,968000.0,12,1,1.665,0,206000.0,0
TRAD-001787,25,Salaried,123000.0,7,805,1,9600.0,1427000.0,120,4,2.097,0,560000.0,0
TRAD-001788,41,Salaried,120000.0,11,752,0,0.0,1643000.0,24,0,3.0,0,135000.0,0
TRAD-001789,54,Self-Employed,222000.0,26,793,0,0.0,550000.0,24,3,1.239,1,98000.0,0
TRAD-001790,46,Salaried,644000.0,16,691,2,27000.0,1546000.0,12,0,2.904,0,163000.0,0
TRAD-001791,59,Salaried,632000.0,18,682,1,8300.0,50000.0,240,3,0.162,1,363000.0,1
TRAD-001792,36,Salaried,827000.0,23,789,1,8800.0,1466000.0,12,0,1.9,0,344000.0,0
TRAD-001793,33,Salaried,496000.0,21,791,2,21500.0,50000.0,120,1,0.53,0,424000.0,1
TRAD-001794,42,Self-Employed,340000.0,17,849,2,25800.0,1190000.0,84,1,1.411,0,176000.0,0
TRAD-001795,29,Self-Employed,534000.0,16,719,0,0.0,1634000.0,180,0,0.204,0,310000.0,1
TRAD-001796,63,Self-Employed,659000.0,15,690,0,0.0,1477000.0,60,1,0.448,0,89000.0,1
TRAD-001797,29,Self-Employed,715000.0,5,466,1,7400.0,50000.0,240,3,0.128,0,667000.0,1
TRAD-001798,42,Salaried,429000.0,12,547,1,13300.0,609000.0,60,0,0.656,0,0.0,0
TRAD-001799,43,Salaried,902000.0,25,663,0,0.0,1366000.0,24,3,0.757,0,95000.0,1
TRAD-001800,23,Salaried,476000.0,1,595,0,0.0,1347000.0,240,2,0.141,0,194000.0,0
TRAD-001801,41,Salaried,406000.0,24,777,1,10600.0,1079000.0,48,4,0.978,1,897000.0,0
TRAD-001802,41,Salaried,498000.0,16,576,1,16300.0,50000.0,12,3,0.493,1,492000.0,0
TRAD-001803,32,Salaried,951000.0,10,652,0,0.0,1679000.0,84,2,0.252,0,87000.0,1
TRAD-001804,26,Salaried,613000.0,3,656,0,0.0,1795000.0,36,4,0.976,0,506000.0,0
TRAD-001805,22,Salaried,456000.0,22,814,1,16800.0,1006000.0,180,0,0.589,0,429000.0,1
TRAD-001806,21,Self-Employed,909000.0,0,642,1,14300.0,1049000.0,24,2,0.766,1,368000.0,0
TRAD-001807,42,Self-Employed,1250000.0,16,743,1,13700.0,1227000.0,120,1,0.23,0,474000.0,1
TRAD-001808,24,Business Owner,709000.0,4,719,1,7000.0,1849000.0,180,2,0.292,0,315000.0,1
TRAD-001809,63,Self-Employed,995000.0,27,786,0,0.0,1063000.0,24,2,0.534,1,343000.0,1
TRAD-001810,31,Self-Employed,940000.0,5,781,2,3300.0,776000.0,84,2,0.16,0,0.0,1
TRAD-001811,49,Salaried,480000.0,24,697,1,12900.0,1148000.0,84,1,0.664,0,661000.0,1
TRAD-001812,50,Self-Employed,657000.0,17,539,1,9300.0,893000.0,240,3,0.238,0,188000.0,1
TRAD-001813,42,Salaried,291000.0,1,678,0,0.0,900000.0,36,0,1.031,0,0.0,0
TRAD-001814,59,Salaried,593000.0,21,698,1,13800.0,50000.0,60,0,0.296,0,174000.0,1
TRAD-001815,25,Salaried,475000.0,26,727,2,15300.0,1240000.0,48,0,1.039,0,184000.0,0
TRAD-001816,31,Salaried,537000.0,6,630,1,8100.0,1661000.0,48,2,0.954,0,100000.0,0
TRAD-001817,32,Salaried,440000.0,29,808,1,2900.0,1563000.0,240,2,0.257,1,494000.0,1
TRAD-001818,26,Self-Employed,570000.0,23,701,0,0.0,1518000.0,84,4,0.38,0,544000.0,1
TRAD-001819,33,Business Owner,799000.0,22,613,1,11000.0,866000.0,24,1,0.707,1,0.0,0
TRAD-001820,34,Self-Employed,617000.0,10,656,2,17600.0,995000.0,180,2,0.45,0,171000.0,1
TRAD-001821,54,Self-Employed,128000.0,3,883,0,0.0,1674000.0,12,4,3.0,0,189000.0,0
TRAD-001822,34,Salaried,441000.0,12,763,2,39000.0,1464000.0,180,3,1.283,1,257000.0,0
TRAD-001823,59,Salaried,225000.0,24,800,0,0.0,1866000.0,48,4,2.073,0,727000.0,0
TRAD-001824,54,Self-Employed,718000.0,17,601,1,6100.0,463000.0,120,2,0.166,0,97000.0,1
TRAD-001825,60,Salaried,791000.0,19,635,0,0.0,459000.0,180,0,0.039,0,691000.0,1
TRAD-001826,25,Salaried,722000.0,23,635,1,4900.0,684000.0,180,2,0.145,0,263000.0,1
TRAD-001827,64,Salaried,430000.0,10,718,0,0.0,287000.0,24,3,0.334,0,693000.0,1
TRAD-001828,48,Business Owner,719000.0,1,683,0,0.0,50000.0,48,0,0.017,1,222000.0,0
TRAD-001829,64,Self-Employed,518000.0,26,653,3,34300.0,1205000.0,12,2,3.0,0,193000.0,0
TRAD-001830,36,Salaried,331000.0,18,665,1,10900.0,1160000.0,84,2,0.896,0,294000.0,0
TRAD-001831,62,Self-Employed,858000.0,16,625,0,0.0,1060000.0,48,4,0.309,0,623000.0,1
TRAD-001832,46,Salaried,879000.0,17,683,0,0.0,1130000.0,240,4,0.064,1,340000.0,1
TRAD-001833,24,Salaried,916000.0,25,806,0,0.0,50000.0,84,3,0.008,0,352000.0,1
TRAD-001834,39,Salaried,480000.0,23,556,1,8700.0,588000.0,48,1,0.524,0,459000.0,1
TRAD-001835,27,Salaried,980000.0,20,733,0,0.0,709000.0,24,1,0.362,0,80000.0,1
TRAD-001836,62,Self-Employed,512000.0,23,831,0,0.0,932000.0,36,2,0.607,0,384000.0,1
TRAD-001837,34,Salaried,833000.0,8,683,2,10600.0,50000.0,180,0,0.157,0,143000.0,1
TRAD-001838,30,Self-Employed,507000.0,21,650,0,0.0,297000.0,24,3,0.293,0,668000.0,1
TRAD-001839,45,Salaried,587000.0,29,788,2,4600.0,616000.0,180,4,0.164,0,405000.0,1
TRAD-001840,39,Self-Employed,120000.0,7,606,2,15400.0,1588000.0,84,0,3.0,0,473000.0,0
TRAD-001841,25,Self-Employed,565000.0,17,698,0,0.0,1070000.0,60,4,0.379,0,0.0,1
TRAD-001842,56,Self-Employed,676000.0,20,601,0,0.0,1564000.0,60,0,0.463,0,477000.0,1
TRAD-001843,58,Self-Employed,535000.0,15,522,1,16700.0,820000.0,12,2,1.907,0,256000.0,0
TRAD-001844,53,Business Owner,1142000.0,29,686,0,0.0,901000.0,36,1,0.263,0,0.0,1
TRAD-001845,48,Salaried,325000.0,12,580,0,0.0,1224000.0,60,2,0.753,0,324000.0,0
TRAD-001846,38,Self-Employed,492000.0,6,699,2,22100.0,785000.0,60,2,0.858,0,0.0,0
TRAD-001847,44,Self-Employed,397000.0,4,806,0,0.0,494000.0,24,2,0.622,0,453000.0,1
TRAD-001848,43,Salaried,492000.0,25,876,1,9600.0,50000.0,180,0,0.241,0,658000.0,1
TRAD-001849,28,Salaried,939000.0,20,709,1,14700.0,511000.0,60,3,0.297,0,0.0,1
TRAD-001850,24,Salaried,1064000.0,17,797,1,11600.0,1444000.0,48,4,0.47,0,293000.0,1
TRAD-001851,32,Salaried,454000.0,12,738,1,7100.0,1719000.0,120,2,0.566,0,259000.0,1
TRAD-001852,40,Salaried,448000.0,12,664,0,0.0,397000.0,24,4,0.443,0,0.0,0
TRAD-001853,28,Salaried,326000.0,28,517,1,11100.0,50000.0,12,0,0.562,0,529000.0,0
TRAD-001854,25,Self-Employed,1016000.0,20,855,2,23100.0,1502000.0,36,3,0.766,0,456000.0,1
TRAD-001855,58,Salaried,964000.0,28,600,1,9100.0,945000.0,12,1,1.094,0,807000.0,1
TRAD-001856,37,Business Owner,620000.0,24,831,1,10400.0,50000.0,48,3,0.221,0,424000.0,1
TRAD-001857,46,Salaried,259000.0,23,751,0,0.0,50000.0,24,2,0.097,1,80000.0,0
TRAD-001858,44,Self-Employed,284000.0,16,607,1,8600.0,274000.0,84,0,0.501,1,429000.0,0
TRAD-001859,53,Salaried,698000.0,7,730,0,0.0,599000.0,12,1,0.858,0,621000.0,1
TRAD-001860,53,Salaried,804000.0,19,900,0,0.0,151000.0,24,2,0.094,0,184000.0,1
TRAD-001861,34,Salaried,120000.0,21,846,1,10200.0,1350000.0,36,4,3.0,0,513000.0,0
TRAD-001862,58,Self-Employed,560000.0,15,651,0,0.0,372000.0,84,0,0.095,1,0.0,1
TRAD-001863,37,Salaried,1103000.0,0,632,0,0.0,908000.0,48,4,0.206,0,669000.0,1
TRAD-001864,57,Business Owner,589000.0,28,710,0,0.0,2443000.0,120,0,0.415,0,500000.0,1
TRAD-001865,38,Salaried,1067000.0,24,684,0,0.0,976000.0,180,1,0.061,1,0.0,1
TRAD-001866,25,Self-Employed,832000.0,10,814,0,0.0,825000.0,48,0,0.248,0,396000.0,1
TRAD-001867,54,Salaried,346000.0,14,770,0,0.0,840000.0,12,4,2.428,0,0.0,0
TRAD-001868,22,Self-Employed,568000.0,3,539,2,0.0,1335000.0,240,2,0.118,0,147000.0,0
TRAD-001869,54,Salaried,614000.0,28,744,0,0.0,1254000.0,48,3,0.511,0,470000.0,1
TRAD-001870,22,Salaried,383000.0,6,683,0,0.0,248000.0,60,3,0.13,0,266000.0,1
TRAD-001871,30,Salaried,378000.0,11,704,0,0.0,633000.0,240,2,0.084,1,614000.0,1
TRAD-001872,47,Salaried,1072000.0,12,724,0,0.0,466000.0,84,1,0.062,0,316000.0,1
TRAD-001873,62,Salaried,376000.0,7,814,2,19200.0,716000.0,84,0,0.885,0,291000.0,0
TRAD-001874,38,Business Owner,952000.0,19,793,0,0.0,2087000.0,48,2,0.548,0,575000.0,1
TRAD-001875,26,Salaried,528000.0,29,629,2,18200.0,1301000.0,180,2,0.578,0,216000.0,1
TRAD-001876,31,Salaried,643000.0,25,694,1,11200.0,848000.0,24,2,0.868,0,294000.0,1
TRAD-001877,60,Business Owner,807000.0,15,657,1,10800.0,1709000.0,60,4,0.584,0,327000.0,1
TRAD-001878,52,Salaried,482000.0,3,540,1,9800.0,1023000.0,48,0,0.775,0,283000.0,0
TRAD-001879,25,Salaried,809000.0,25,690,1,6700.0,50000.0,12,3,0.161,0,590000.0,1
TRAD-001880,37,Self-Employed,120000.0,7,875,2,40600.0,1982000.0,36,0,3.0,0,133000.0,0
TRAD-001881,32,Business Owner,773000.0,27,537,1,10400.0,798000.0,24,2,0.678,0,92000.0,0
TRAD-001882,28,Self-Employed,120000.0,11,698,1,12000.0,50000.0,12,3,1.617,0,35000.0,0
TRAD-001883,58,Salaried,586000.0,15,695,1,7000.0,50000.0,120,0,0.152,0,0.0,0
TRAD-001884,48,Business Owner,889000.0,13,727,2,19500.0,1633000.0,120,2,0.447,0,671000.0,1
TRAD-001885,28,Salaried,824000.0,13,609,1,9700.0,50000.0,180,1,0.145,0,75000.0,1
TRAD-001886,49,Business Owner,286000.0,4,565,0,0.0,1777000.0,12,2,3.0,0,240000.0,0
TRAD-001887,39,Business Owner,322000.0,16,569,0,0.0,953000.0,60,2,0.592,1,689000.0,0
TRAD-001888,23,Business Owner,457000.0,12,826,3,18200.0,1364000.0,84,2,0.904,0,265000.0,0
TRAD-001889,40,Salaried,702000.0,25,607,0,0.0,733000.0,60,3,0.209,0,429000.0,1
TRAD-001890,29,Salaried,120000.0,14,653,1,4700.0,1240000.0,12,1,3.0,0,0.0,0
TRAD-001891,31,Self-Employed,646000.0,28,900,2,18400.0,1106000.0,60,4,0.684,0,650000.0,1
TRAD-001892,59,Salaried,737000.0,8,630,0,0.0,875000.0,24,4,0.594,0,270000.0,0
TRAD-001893,52,Salaried,571000.0,9,733,3,28600.0,207000.0,12,2,0.964,0,45000.0,1
TRAD-001894,26,Business Owner,797000.0,1,801,0,0.0,1133000.0,120,4,0.142,0,45000.0,1
TRAD-001895,58,Self-Employed,713000.0,22,796,3,14600.0,50000.0,12,1,0.316,0,722000.0,1
TRAD-001896,46,Salaried,498000.0,2,574,1,7500.0,1505000.0,36,1,1.188,0,153000.0,0
TRAD-001897,59,Salaried,120000.0,8,632,0,0.0,1028000.0,240,1,0.428,0,51000.0,0
TRAD-001898,53,Salaried,687000.0,27,729,4,40900.0,1202000.0,240,3,0.802,0,192000.0,0
TRAD-001899,35,Salaried,383000.0,18,883,2,28800.0,50000.0,12,0,1.033,0,311000.0,0
TRAD-001900,44,Salaried,488000.0,16,628,2,13400.0,168000.0,48,1,0.416,0,338000.0,1
TRAD-001901,44,Business Owner,784000.0,24,653,0,0.0,571000.0,48,0,0.182,1,411000.0,1
TRAD-001902,52,Self-Employed,1047000.0,23,740,1,7300.0,1338000.0,84,2,0.266,1,359000.0,1
TRAD-001903,31,Salaried,639000.0,26,759,0,0.0,287000.0,120,1,0.045,1,462000.0,1
TRAD-001904,35,Salaried,805000.0,19,765,3,29300.0,2556000.0,12,4,3.0,0,232000.0,0
TRAD-001905,31,Self-Employed,246000.0,13,620,0,0.0,729000.0,48,3,0.741,0,818000.0,0
TRAD-001906,34,Business Owner,719000.0,3,649,3,17300.0,240000.0,36,4,0.4,0,178000.0,0
TRAD-001907,28,Business Owner,633000.0,11,720,2,5000.0,779000.0,240,2,0.156,1,638000.0,0
TRAD-001908,22,Salaried,994000.0,21,820,2,18500.0,282000.0,36,2,0.318,0,150000.0,1
TRAD-001909,62,Business Owner,499000.0,7,677,2,26500.0,130000.0,12,4,0.898,0,0.0,0
TRAD-001910,24,Salaried,582000.0,20,698,0,0.0,1557000.0,84,3,0.382,0,0.0,1
TRAD-001911,60,Salaried,946000.0,4,603,3,44900.0,1234000.0,180,4,0.657,0,376000.0,0
TRAD-001912,21,Business Owner,624000.0,1,877,1,6300.0,1235000.0,180,4,0.253,0,590000.0,1
TRAD-001913,55,Salaried,340000.0,10,715,0,0.0,1730000.0,24,0,2.544,0,12000.0,0
TRAD-001914,35,Salaried,1364000.0,6,802,0,0.0,1216000.0,120,1,0.089,0,81000.0,1
TRAD-001915,43,Salaried,348000.0,26,703,1,11800.0,206000.0,24,3,0.703,0,397000.0,1
TRAD-001916,33,Salaried,632000.0,11,708,0,0.0,1361000.0,24,0,1.077,0,299000.0,1
TRAD-001917,42,Salaried,747000.0,12,557,0,0.0,168000.0,60,0,0.045,0,154000.0,1
TRAD-001918,40,Self-Employed,725000.0,12,496,1,15600.0,589000.0,180,0,0.312,0,0.0,0
TRAD-001919,44,Salaried,597000.0,9,819,0,0.0,870000.0,180,0,0.097,0,377000.0,1
TRAD-001920,38,Salaried,598000.0,27,707,2,16900.0,804000.0,84,3,0.531,0,463000.0,1
TRAD-001921,44,Business Owner,584000.0,22,720,1,5300.0,50000.0,48,1,0.13,0,423000.0,1
TRAD-001922,57,Salaried,338000.0,4,581,2,18300.0,271000.0,84,4,0.764,0,307000.0,0
TRAD-001923,40,Business Owner,1252000.0,6,614,0,0.0,885000.0,36,0,0.236,1,36000.0,0
TRAD-001924,36,Salaried,588000.0,2,801,0,0.0,503000.0,24,2,0.428,0,379000.0,1
TRAD-001925,26,Self-Employed,817000.0,7,865,0,0.0,1632000.0,48,3,0.499,0,360000.0,1
TRAD-001926,36,Salaried,556000.0,19,641,0,0.0,1743000.0,24,1,1.567,0,0.0,0
TRAD-001927,26,Business Owner,551000.0,28,764,1,10400.0,172000.0,12,3,0.539,0,224000.0,1
TRAD-001928,29,Salaried,522000.0,14,718,2,16700.0,939000.0,120,4,0.564,0,392000.0,0
TRAD-001929,62,Business Owner,216000.0,2,689,0,0.0,1929000.0,180,3,0.595,0,280000.0,0
TRAD-001930,24,Salaried,605000.0,1,876,1,1400.0,813000.0,120,3,0.162,0,0.0,1
TRAD-001931,42,Self-Employed,536000.0,12,657,0,0.0,635000.0,240,2,0.059,0,140000.0,1
TRAD-001932,57,Salaried,978000.0,7,818,1,3500.0,1459000.0,60,4,0.341,0,123000.0,1
TRAD-001933,62,Salaried,315000.0,17,736,1,5700.0,722000.0,120,3,0.446,1,440000.0,0
TRAD-001934,27,Salaried,488000.0,3,698,1,7300.0,1726000.0,24,0,1.948,0,950000.0,0
TRAD-001935,28,Salaried,398000.0,6,830,1,8400.0,513000.0,60,3,0.511,0,333000.0,1
TRAD-001936,37,Salaried,1054000.0,16,728,1,6300.0,592000.0,12,0,0.633,0,1000.0,1
TRAD-001937,45,Self-Employed,407000.0,8,691,3,53300.0,1414000.0,84,4,2.068,0,260000.0,0
TRAD-001938,63,Salaried,807000.0,10,831,1,4000.0,965000.0,48,1,0.358,1,303000.0,0
TRAD-001939,30,Salaried,922000.0,6,819,1,13800.0,970000.0,60,3,0.39,0,489000.0,1
TRAD-001940,28,Salaried,609000.0,1,814,3,25000.0,50000.0,180,3,0.498,1,611000.0,0
TRAD-001941,32,Salaried,264000.0,10,331,0,0.0,670000.0,12,1,2.538,0,648000.0,0
TRAD-001942,59,Salaried,268000.0,9,742,2,22700.0,1462000.0,60,4,2.107,0,434000.0,0
TRAD-001943,22,Self-Employed,891000.0,26,720,0,0.0,391000.0,48,2,0.11,0,300000.0,1
TRAD-001944,37,Salaried,297000.0,26,697,0,0.0,1355000.0,120,2,0.456,0,671000.0,1
TRAD-001945,26,Business Owner,760000.0,12,758,0,0.0,1074000.0,84,2,0.202,0,213000.0,1
TRAD-001946,27,Salaried,682000.0,8,725,2,400.0,770000.0,120,1,0.12,0,314000.0,1
TRAD-001947,61,Salaried,756000.0,12,764,0,0.0,1783000.0,180,0,0.157,1,239000.0,1
TRAD-001948,21,Business Owner,782000.0,18,675,0,0.0,679000.0,36,4,0.289,0,0.0,1
TRAD-001949,35,Salaried,389000.0,11,842,2,29300.0,724000.0,48,4,1.369,0,618000.0,0
TRAD-001950,61,Salaried,377000.0,22,774,0,0.0,763000.0,48,4,0.506,0,469000.0,1
TRAD-001951,47,Business Owner,850000.0,28,752,3,58900.0,952000.0,180,4,0.906,0,0.0,1
TRAD-001952,24,Business Owner,474000.0,12,747,3,36100.0,1399000.0,60,3,1.504,1,550000.0,0
TRAD-001953,41,Self-Employed,120000.0,3,810,0,0.0,50000.0,120,4,0.042,0,224000.0,1
TRAD-001954,63,Salaried,832000.0,3,797,0,0.0,1464000.0,36,4,0.587,0,547000.0,1
TRAD-001955,38,Self-Employed,360000.0,26,689,2,19900.0,944000.0,240,1,0.794,0,319000.0,0
TRAD-001956,44,Business Owner,781000.0,12,794,2,8800.0,1260000.0,60,2,0.458,0,0.0,1
TRAD-001957,44,Business Owner,1040000.0,9,717,2,22400.0,2455000.0,240,0,0.376,1,307000.0,0
TRAD-001958,50,Salaried,655000.0,18,882,1,7200.0,567000.0,60,3,0.305,0,75000.0,1
TRAD-001959,29,Salaried,929000.0,28,804,4,16900.0,104000.0,12,0,0.33,0,0.0,1
TRAD-001960,57,Salaried,693000.0,12,641,0,0.0,1026000.0,36,3,0.494,0,517000.0,0
TRAD-001961,64,Salaried,1094000.0,9,900,1,12400.0,1129000.0,48,4,0.394,0,398000.0,1
TRAD-001962,27,Self-Employed,353000.0,25,500,1,900.0,1467000.0,24,2,2.108,0,674000.0,0
TRAD-001963,57,Salaried,648000.0,2,761,0,0.0,550000.0,120,3,0.085,0,201000.0,1
TRAD-001964,56,Salaried,838000.0,25,634,1,13300.0,360000.0,48,4,0.298,0,59000.0,1
TRAD-001965,53,Salaried,597000.0,15,879,1,7700.0,50000.0,180,3,0.16,0,460000.0,1
TRAD-001966,37,Salaried,973000.0,0,724,1,3400.0,50000.0,240,2,0.045,0,92000.0,1
TRAD-001967,41,Salaried,529000.0,6,625,1,11200.0,630000.0,12,4,1.445,0,222000.0,0
TRAD-001968,57,Salaried,1229000.0,20,675,1,7100.0,824000.0,36,0,0.293,0,431000.0,1
TRAD-001969,27,Salaried,1244000.0,22,632,0,0.0,2242000.0,84,1,0.257,0,269000.0,1
TRAD-001970,57,Business Owner,729000.0,5,671,1,16600.0,50000.0,180,1,0.278,0,178000.0,1
TRAD-001971,61,Salaried,805000.0,19,669,2,10900.0,1118000.0,240,1,0.232,0,0.0,1
TRAD-001972,51,Salaried,984000.0,29,629,2,6200.0,428000.0,24,3,0.293,0,534000.0,1
TRAD-001973,36,Salaried,318000.0,20,726,2,20300.0,1045000.0,36,3,1.861,1,208000.0,0
TRAD-001974,45,Salaried,283000.0,21,737,0,0.0,540000.0,24,0,0.954,1,455000.0,0
TRAD-001975,23,Salaried,1002000.0,5,605,1,14900.0,1573000.0,48,1,0.571,0,421000.0,0
TRAD-001976,61,Salaried,727000.0,19,542,1,7500.0,1569000.0,84,4,0.432,0,573000.0,1
TRAD-001977,36,Salaried,587000.0,21,730,1,7500.0,826000.0,48,2,0.505,0,241000.0,1
TRAD-001978,23,Salaried,653000.0,3,751,1,10300.0,1835000.0,120,1,0.47,0,213000.0,1
TRAD-001979,55,Self-Employed,120000.0,9,769,0,0.0,1394000.0,48,2,2.904,0,23000.0,0
TRAD-001980,49,Salaried,597000.0,26,752,1,9900.0,1805000.0,84,3,0.631,0,164000.0,1
TRAD-001981,48,Salaried,439000.0,29,849,0,0.0,872000.0,84,2,0.284,0,385000.0,1
TRAD-001982,23,Self-Employed,907000.0,5,795,1,9700.0,1519000.0,36,4,0.687,1,96000.0,0
TRAD-001983,54,Salaried,929000.0,21,900,2,14700.0,401000.0,12,4,0.622,1,379000.0,1
TRAD-001984,49,Salaried,811000.0,15,900,1,12300.0,335000.0,24,4,0.389,0,667000.0,1
TRAD-001985,55,Salaried,761000.0,17,533,0,0.0,2317000.0,180,0,0.203,0,189000.0,1
TRAD-001986,57,Salaried,231000.0,15,491,1,12200.0,194000.0,120,2,0.718,0,0.0,0
TRAD-001987,30,Salaried,815000.0,26,699,0,0.0,617000.0,24,2,0.379,0,197000.0,1
TRAD-001988,30,Business Owner,826000.0,13,748,0,0.0,50000.0,48,3,0.015,0,0.0,1
TRAD-001989,61,Business Owner,999000.0,17,693,1,18600.0,350000.0,180,4,0.247,0,634000.0,1
TRAD-001990,44,Business Owner,1243000.0,20,767,0,0.0,254000.0,180,2,0.014,0,321000.0,1
TRAD-001991,40,Salaried,176000.0,16,674,1,6200.0,464000.0,12,1,3.0,0,118000.0,0
TRAD-001992,33,Salaried,541000.0,26,634,0,0.0,1095000.0,180,4,0.135,1,160000.0,0
TRAD-001993,49,Salaried,442000.0,7,648,1,10800.0,1252000.0,180,3,0.482,0,4000.0,0
TRAD-001994,54,Salaried,698000.0,28,681,0,0.0,246000.0,24,2,0.176,0,553000.0,1
TRAD-001995,21,Salaried,654000.0,20,780,0,0.0,387000.0,48,4,0.148,1,759000.0,1
TRAD-001996,45,Salaried,584000.0,28,654,0,0.0,1604000.0,12,1,2.747,0,0.0,0
TRAD-001997,64,Salaried,938000.0,11,673,0,0.0,2008000.0,84,1,0.306,0,561000.0,1
TRAD-001998,33,Salaried,342000.0,14,754,1,8800.0,1716000.0,180,0,0.643,0,239000.0,1
TRAD-001999,33,Salaried,358000.0,1,681,1,5600.0,50000.0,24,0,0.258,0,617000.0,1
TRAD-002000,59,Self-Employed,363000.0,27,806,0,0.0,1673000.0,48,4,1.152,0,0.0,0
TRAD-002001,23,Salaried,549000.0,24,613,2,21800.0,2105000.0,60,0,1.243,0,356000.0,0
TRAD-002002,38,Business Owner,306000.0,8,592,0,0.0,50000.0,12,3,0.163,0,198000.0,1
TRAD-002003,41,Salaried,636000.0,1,729,1,9800.0,1604000.0,36,0,1.026,0,465000.0,0
TRAD-002004,56,Salaried,604000.0,20,738,2,11200.0,1046000.0,24,1,1.088,0,315000.0,0
TRAD-002005,26,Salaried,430000.0,20,618,1,13400.0,687000.0,12,1,1.972,0,306000.0,0
TRAD-002006,40,Salaried,895000.0,15,828,5,83700.0,969000.0,120,1,1.231,0,274000.0,1
TRAD-002007,27,Salaried,633000.0,4,883,0,0.0,1188000.0,120,0,0.188,0,691000.0,1
TRAD-002008,55,Salaried,948000.0,27,640,0,0.0,1652000.0,12,4,1.743,0,256000.0,0
TRAD-002009,48,Self-Employed,595000.0,12,841,1,12500.0,1619000.0,24,2,1.613,1,516000.0,0
TRAD-002010,42,Salaried,643000.0,21,474,1,17900.0,50000.0,12,2,0.412,0,457000.0,0
TRAD-002011,38,Salaried,492000.0,25,802,1,10900.0,478000.0,240,3,0.314,0,522000.0,1
TRAD-002012,27,Business Owner,648000.0,16,619,0,0.0,961000.0,84,4,0.212,1,46000.0,0
TRAD-002013,61,Salaried,849000.0,2,793,1,12400.0,1922000.0,60,1,0.628,0,477000.0,1
TRAD-002014,49,Self-Employed,535000.0,26,609,0,0.0,50000.0,12,2,0.093,0,384000.0,1
TRAD-002015,35,Salaried,795000.0,20,693,0,0.0,503000.0,12,2,0.633,0,3000.0,1
TRAD-002016,39,Salaried,422000.0,26,623,1,14300.0,50000.0,240,1,0.413,0,247000.0,1
TRAD-002017,52,Salaried,863000.0,18,680,1,12300.0,50000.0,240,0,0.174,0,874000.0,1
TRAD-002018,52,Salaried,488000.0,27,874,0,0.0,1541000.0,60,4,0.632,0,202000.0,1
TRAD-002019,41,Self-Employed,888000.0,26,690,2,19600.0,554000.0,24,3,0.577,0,208000.0,1
TRAD-002020,34,Salaried,667000.0,6,900,0,0.0,50000.0,12,3,0.075,0,413000.0,1
TRAD-002021,50,Salaried,1076000.0,5,663,3,35700.0,797000.0,180,1,0.448,0,165000.0,1
TRAD-002022,49,Salaried,327000.0,4,842,0,0.0,2223000.0,60,3,1.36,0,335000.0,0
TRAD-002023,47,Business Owner,237000.0,23,546,0,0.0,50000.0,36,0,0.07,0,188000.0,1
TRAD-002024,24,Self-Employed,477000.0,7,673,2,11400.0,1246000.0,12,0,2.899,0,401000.0,0
TRAD-002025,41,Business Owner,262000.0,13,649,0,0.0,1919000.0,84,4,1.046,1,285000.0,0
TRAD-002026,48,Self-Employed,263000.0,23,846,0,0.0,868000.0,180,1,0.22,0,788000.0,1
TRAD-002027,62,Self-Employed,824000.0,12,718,0,0.0,2153000.0,180,3,0.174,0,312000.0,1
TRAD-002028,44,Salaried,649000.0,1,502,1,11800.0,471000.0,120,1,0.291,0,244000.0,0
TRAD-002029,36,Business Owner,516000.0,10,576,0,0.0,1840000.0,12,3,3.0,1,557000.0,0
TRAD-002030,45,Salaried,542000.0,2,604,0,0.0,1686000.0,120,3,0.311,0,0.0,0
TRAD-002031,28,Salaried,483000.0,11,789,0,0.0,879000.0,120,3,0.182,0,723000.0,1
TRAD-002032,24,Self-Employed,1112000.0,22,776,1,3400.0,50000.0,180,4,0.04,0,53000.0,1
TRAD-002033,50,Salaried,444000.0,15,671,2,18700.0,249000.0,24,2,0.786,0,598000.0,1
TRAD-002034,64,Salaried,280000.0,20,648,1,14400.0,50000.0,180,4,0.629,0,664000.0,1
TRAD-002035,58,Salaried,873000.0,3,768,1,9400.0,1286000.0,120,1,0.277,0,169000.0,1
TRAD-002036,46,Salaried,590000.0,22,593,1,16600.0,1208000.0,120,4,0.542,0,193000.0,0
TRAD-002037,22,Business Owner,1221000.0,12,743,0,0.0,951000.0,24,2,0.389,0,273000.0,1
TRAD-002038,64,Salaried,503000.0,8,735,1,9100.0,820000.0,180,4,0.326,0,455000.0,1
TRAD-002039,40,Business Owner,887000.0,19,674,0,0.0,1782000.0,12,4,2.009,0,50000.0,0
TRAD-002040,33,Salaried,953000.0,4,738,0,0.0,1094000.0,36,3,0.383,0,273000.0,1
TRAD-002041,60,Self-Employed,504000.0,14,710,0,0.0,539000.0,24,4,0.535,0,222000.0,1
TRAD-002042,53,Salaried,442000.0,12,747,1,2800.0,996000.0,36,3,0.827,1,12000.0,0
TRAD-002043,53,Business Owner,858000.0,4,573,1,4300.0,2231000.0,84,3,0.432,0,39000.0,0
TRAD-002044,33,Salaried,811000.0,28,758,4,37400.0,1304000.0,240,1,0.634,0,332000.0,1
TRAD-002045,64,Salaried,255000.0,10,798,1,6100.0,647000.0,240,1,0.414,0,328000.0,1
TRAD-002046,40,Salaried,334000.0,1,730,0,0.0,871000.0,12,0,2.608,0,109000.0,0
TRAD-002047,44,Salaried,120000.0,13,757,0,0.0,1201000.0,240,3,0.5,0,320000.0,0
TRAD-002048,54,Salaried,817000.0,28,690,2,5600.0,626000.0,12,3,0.848,0,138000.0,1
TRAD-002049,50,Self-Employed,577000.0,20,785,1,9300.0,569000.0,120,3,0.292,0,627000.0,1
TRAD-002050,28,Business Owner,605000.0,19,706,0,0.0,893000.0,24,3,0.738,0,274000.0,1
TRAD-002051,34,Self-Employed,176000.0,27,591,0,0.0,1887000.0,180,1,0.715,0,574000.0,0
TRAD-002052,36,Salaried,343000.0,2,778,1,11100.0,1414000.0,48,4,1.419,0,0.0,0
TRAD-002053,62,Salaried,516000.0,16,545,0,0.0,634000.0,180,2,0.082,0,381000.0,1
TRAD-002054,52,Business Owner,462000.0,9,727,0,0.0,1465000.0,60,3,0.634,0,449000.0,1
TRAD-002055,37,Business Owner,683000.0,20,663,2,17300.0,906000.0,60,0,0.569,0,266000.0,1
TRAD-002056,53,Salaried,813000.0,25,657,2,31200.0,1124000.0,48,2,0.806,0,165000.0,1
TRAD-002057,53,Business Owner,1285000.0,2,716,0,0.0,1065000.0,36,2,0.276,0,262000.0,1
TRAD-002058,38,Salaried,644000.0,4,633,2,17100.0,50000.0,60,4,0.334,1,486000.0,0
TRAD-002059,38,Business Owner,962000.0,28,749,4,45000.0,50000.0,84,3,0.569,1,0.0,0
TRAD-002060,60,Business Owner,418000.0,14,705,1,9200.0,1047000.0,24,4,1.517,0,475000.0,0
TRAD-002061,45,Self-Employed,181000.0,9,641,1,9900.0,346000.0,24,1,1.612,0,380000.0,0
TRAD-002062,27,Salaried,551000.0,4,827,0,0.0,50000.0,48,3,0.023,0,235000.0,1
TRAD-002063,52,Self-Employed,203000.0,10,719,1,7300.0,366000.0,180,3,0.552,0,245000.0,0
TRAD-002064,46,Salaried,654000.0,0,760,1,13000.0,1501000.0,48,1,0.812,1,315000.0,0
TRAD-002065,43,Self-Employed,431000.0,6,835,0,0.0,1133000.0,48,1,0.657,0,715000.0,1
TRAD-002066,52,Salaried,120000.0,5,833,0,0.0,1402000.0,240,3,0.584,0,387000.0,0
TRAD-002067,60,Self-Employed,1136000.0,2,755,1,7100.0,1195000.0,36,0,0.426,0,64000.0,1
TRAD-002068,35,Business Owner,499000.0,29,671,3,4100.0,303000.0,48,2,0.25,1,191000.0,0
TRAD-002069,39,Salaried,191000.0,23,564,2,10200.0,1405000.0,180,3,1.131,0,14000.0,0
TRAD-002070,29,Salaried,901000.0,28,720,1,8900.0,1281000.0,60,4,0.403,1,0.0,1
TRAD-002071,49,Self-Employed,446000.0,7,804,1,9400.0,824000.0,24,2,1.177,0,9000.0,0
TRAD-002072,38,Salaried,955000.0,8,734,3,35900.0,938000.0,24,3,0.942,0,330000.0,0
TRAD-002073,36,Salaried,445000.0,8,373,1,12200.0,1415000.0,240,4,0.488,0,618000.0,0
TRAD-002074,51,Salaried,499000.0,16,783,1,2800.0,413000.0,180,1,0.123,0,549000.0,1
TRAD-002075,38,Salaried,747000.0,5,788,1,10500.0,1607000.0,240,3,0.276,0,11000.0,0
TRAD-002076,41,Self-Employed,816000.0,7,671,2,23800.0,1267000.0,60,3,0.661,0,101000.0,0
TRAD-002077,40,Self-Employed,865000.0,29,794,1,9900.0,901000.0,84,4,0.286,0,65000.0,1
TRAD-002078,32,Salaried,625000.0,10,760,0,0.0,1895000.0,24,3,1.516,0,0.0,0
TRAD-002079,26,Salaried,798000.0,23,635,0,0.0,59000.0,120,0,0.007,0,258000.0,1
TRAD-002080,57,Salaried,859000.0,6,821,1,5000.0,601000.0,84,0,0.17,0,501000.0,1
TRAD-002081,25,Salaried,706000.0,27,580,0,0.0,457000.0,12,3,0.647,0,237000.0,1
TRAD-002082,35,Self-Employed,610000.0,20,695,0,0.0,1133000.0,180,1,0.124,1,0.0,0
TRAD-002083,50,Salaried,245000.0,25,685,3,53700.0,1669000.0,48,1,3.0,0,89000.0,0
TRAD-002084,26,Salaried,818000.0,15,622,2,7800.0,261000.0,240,2,0.13,0,218000.0,1
TRAD-002085,49,Business Owner,662000.0,27,729,2,30500.0,3049000.0,180,3,0.86,0,493000.0,1
TRAD-002086,53,Salaried,534000.0,10,824,0,0.0,469000.0,48,1,0.22,0,254000.0,1
TRAD-002087,50,Self-Employed,1008000.0,14,819,2,24900.0,1134000.0,12,2,1.421,0,459000.0,1
TRAD-002088,34,Salaried,250000.0,1,769,4,31300.0,902000.0,24,2,3.0,1,280000.0,0
TRAD-002089,21,Salaried,1110000.0,5,539,1,9500.0,930000.0,36,0,0.382,0,359000.0,1
TRAD-002090,60,Salaried,644000.0,23,573,4,45500.0,385000.0,36,3,1.047,0,65000.0,0
TRAD-002091,35,Self-Employed,739000.0,9,716,0,0.0,1594000.0,48,2,0.539,0,129000.0,1
TRAD-002092,56,Business Owner,539000.0,3,697,0,0.0,345000.0,240,1,0.032,1,0.0,0
TRAD-002093,29,Salaried,183000.0,8,653,0,0.0,50000.0,120,3,0.027,0,450000.0,1
TRAD-002094,28,Salaried,611000.0,10,881,2,19400.0,171000.0,24,0,0.521,0,227000.0,1
TRAD-002095,55,Salaried,744000.0,21,710,0,0.0,1839000.0,120,1,0.247,0,0.0,1
TRAD-002096,62,Self-Employed,839000.0,2,752,1,7700.0,1713000.0,12,1,2.152,1,420000.0,0
TRAD-002097,58,Self-Employed,595000.0,0,794,3,42200.0,50000.0,12,3,0.935,0,544000.0,0
TRAD-002098,54,Self-Employed,120000.0,21,705,0,0.0,1429000.0,84,4,1.701,0,97000.0,0
TRAD-002099,31,Business Owner,218000.0,4,900,0,0.0,50000.0,24,4,0.115,0,420000.0,1
TRAD-002100,61,Salaried,1225000.0,12,611,2,18400.0,882000.0,48,0,0.36,0,248000.0,1
TRAD-002101,50,Self-Employed,344000.0,20,642,0,0.0,115000.0,180,0,0.022,0,0.0,0
TRAD-002102,28,Self-Employed,1050000.0,15,610,1,10200.0,1479000.0,48,3,0.469,0,788000.0,1
TRAD-002103,26,Salaried,388000.0,3,848,1,6400.0,1261000.0,24,2,1.823,1,249000.0,0
TRAD-002104,59,Business Owner,599000.0,21,776,1,12400.0,1537000.0,240,1,0.377,0,350000.0,1
TRAD-002105,33,Salaried,825000.0,1,648,0,0.0,708000.0,36,4,0.286,0,144000.0,1
TRAD-002106,54,Self-Employed,420000.0,6,618,0,0.0,776000.0,84,0,0.264,0,226000.0,0
TRAD-002107,27,Self-Employed,1096000.0,3,832,0,0.0,50000.0,24,0,0.023,0,340000.0,1
TRAD-002108,33,Business Owner,671000.0,15,734,1,10100.0,230000.0,24,2,0.352,0,39000.0,1
TRAD-002109,33,Salaried,779000.0,20,834,0,0.0,1517000.0,120,1,0.195,0,723000.0,1
TRAD-002110,33,Salaried,575000.0,19,694,2,21800.0,1139000.0,240,1,0.554,1,510000.0,0
TRAD-002111,50,Business Owner,834000.0,4,749,0,0.0,968000.0,12,3,1.161,0,429000.0,0
TRAD-002112,61,Self-Employed,1092000.0,10,729,3,19500.0,1720000.0,240,1,0.293,0,265000.0,1
TRAD-002113,61,Salaried,613000.0,4,641,1,6300.0,55000.0,36,2,0.153,0,110000.0,0
TRAD-002114,53,Self-Employed,1134000.0,10,686,0,0.0,1368000.0,240,2,0.06,0,558000.0,1
TRAD-002115,29,Salaried,479000.0,6,587,2,1100.0,134000.0,60,3,0.084,0,453000.0,1
TRAD-002116,63,Self-Employed,864000.0,22,747,0,0.0,1861000.0,120,4,0.215,0,200000.0,1
TRAD-002117,44,Business Owner,787000.0,22,772,1,5500.0,1254000.0,12,3,1.677,0,29000.0,0
TRAD-002118,45,Salaried,351000.0,24,794,0,0.0,1527000.0,24,1,2.175,0,0.0,0
TRAD-002119,51,Salaried,710000.0,6,763,0,0.0,444000.0,240,2,0.031,0,307000.0,1
TRAD-002120,54,Business Owner,652000.0,0,688,0,0.0,2318000.0,24,2,1.778,0,238000.0,0
TRAD-002121,62,Self-Employed,411000.0,1,847,1,8600.0,2199000.0,180,2,0.608,1,596000.0,0
TRAD-002122,46,Business Owner,750000.0,25,785,1,7600.0,1180000.0,24,1,0.908,0,548000.0,1
TRAD-002123,47,Salaried,691000.0,27,832,0,0.0,1664000.0,84,0,0.344,0,310000.0,1
TRAD-002124,53,Business Owner,630000.0,6,838,1,11400.0,704000.0,48,1,0.497,0,280000.0,1
TRAD-002125,32,Salaried,631000.0,26,688,3,21200.0,75000.0,48,2,0.433,0,12000.0,1
TRAD-002126,34,Salaried,625000.0,15,737,2,2100.0,1417000.0,120,0,0.267,0,565000.0,1
TRAD-002127,48,Salaried,547000.0,5,774,0,0.0,302000.0,24,0,0.276,0,286000.0,1
TRAD-002128,23,Self-Employed,689000.0,9,591,0,0.0,1752000.0,48,2,0.636,0,451000.0,0
TRAD-002129,35,Business Owner,470000.0,7,593,0,0.0,1581000.0,60,4,0.673,0,594000.0,1
TRAD-002130,52,Self-Employed,1394000.0,22,577,0,0.0,1053000.0,48,0,0.189,0,159000.0,1
TRAD-002131,63,Self-Employed,255000.0,5,690,2,29700.0,1017000.0,36,0,2.727,0,93000.0,0
TRAD-002132,43,Salaried,486000.0,5,668,2,4900.0,1543000.0,12,1,3.0,0,917000.0,0
TRAD-002133,38,Salaried,508000.0,21,564,2,23000.0,1078000.0,84,0,0.846,0,449000.0,0
TRAD-002134,40,Salaried,1221000.0,9,714,0,0.0,637000.0,12,4,0.522,1,230000.0,1
TRAD-002135,51,Salaried,280000.0,7,691,0,0.0,50000.0,24,3,0.089,0,610000.0,1
TRAD-002136,44,Salaried,769000.0,24,812,1,14500.0,1523000.0,36,0,0.886,0,223000.0,1
TRAD-002137,22,Business Owner,720000.0,27,891,0,0.0,1138000.0,120,0,0.158,0,381000.0,1
TRAD-002138,44,Self-Employed,743000.0,16,743,0,0.0,2691000.0,24,2,1.811,0,158000.0,0
TRAD-002139,38,Self-Employed,996000.0,24,634,1,10500.0,838000.0,36,2,0.407,1,296000.0,1
TRAD-002140,51,Salaried,990000.0,25,761,1,7400.0,1096000.0,12,3,1.197,0,231000.0,0
TRAD-002141,59,Salaried,524000.0,17,701,2,13200.0,1112000.0,60,4,0.727,1,112000.0,0
TRAD-002142,63,Salaried,704000.0,24,677,0,0.0,1323000.0,24,1,0.94,0,361000.0,1
TRAD-002143,47,Salaried,128000.0,0,618,0,0.0,272000.0,24,3,1.063,0,140000.0,0
TRAD-002144,36,Salaried,678000.0,1,656,2,30500.0,850000.0,36,1,0.958,0,444000.0,0
TRAD-002145,40,Salaried,428000.0,26,683,2,15100.0,1438000.0,36,1,1.543,0,224000.0,0
TRAD-002146,28,Salaried,598000.0,4,776,2,12200.0,684000.0,12,4,1.389,0,0.0,0
TRAD-002147,62,Self-Employed,178000.0,21,749,0,0.0,1414000.0,60,1,1.589,0,455000.0,0
TRAD-002148,58,Salaried,763000.0,12,873,0,0.0,963000.0,60,0,0.252,1,459000.0,1
TRAD-002149,58,Salaried,175000.0,23,764,1,13900.0,1161000.0,60,2,2.28,0,863000.0,0
TRAD-002150,35,Salaried,692000.0,19,740,0,0.0,1648000.0,48,2,0.595,0,304000.0,1
TRAD-002151,35,Salaried,307000.0,2,671,1,14500.0,752000.0,240,2,0.689,0,346000.0,0
TRAD-002152,58,Salaried,412000.0,10,601,0,0.0,50000.0,36,0,0.04,1,420000.0,0
TRAD-002153,44,Salaried,973000.0,21,646,1,9400.0,727000.0,48,0,0.303,0,555000.0,1
TRAD-002154,52,Self-Employed,815000.0,27,634,0,0.0,363000.0,60,3,0.089,0,539000.0,1
TRAD-002155,42,Salaried,972000.0,24,457,2,9100.0,50000.0,12,0,0.164,0,380000.0,1
TRAD-002156,40,Business Owner,1087000.0,26,604,4,28900.0,831000.0,240,1,0.357,0,292000.0,1
TRAD-002157,48,Salaried,434000.0,28,852,0,0.0,1029000.0,60,4,0.474,0,511000.0,1
TRAD-002158,56,Salaried,1070000.0,26,735,2,9400.0,1563000.0,120,1,0.251,0,281000.0,1
TRAD-002159,35,Salaried,240000.0,17,664,0,0.0,159000.0,36,1,0.221,0,0.0,1
TRAD-002160,56,Salaried,859000.0,10,738,0,0.0,958000.0,120,4,0.112,0,0.0,1
TRAD-002161,31,Salaried,512000.0,15,514,0,0.0,1633000.0,180,3,0.213,0,227000.0,1
TRAD-002162,38,Business Owner,390000.0,23,727,0,0.0,526000.0,84,3,0.193,0,330000.0,1
TRAD-002163,61,Salaried,822000.0,12,821,1,15100.0,1249000.0,24,0,0.98,0,918000.0,1
TRAD-002164,62,Self-Employed,915000.0,24,688,1,10900.0,1939000.0,120,1,0.355,0,270000.0,1
TRAD-002165,61,Salaried,906000.0,21,532,0,0.0,50000.0,180,2,0.004,1,312000.0,1
TRAD-002166,34,Salaried,710000.0,6,661,1,5300.0,1077000.0,120,4,0.241,0,199000.0,1
TRAD-002167,58,Salaried,687000.0,27,822,0,0.0,1656000.0,84,2,0.344,0,455000.0,1
TRAD-002168,62,Salaried,798000.0,25,725,1,18600.0,672000.0,60,3,0.448,0,370000.0,1
TRAD-002169,64,Salaried,735000.0,17,565,0,0.0,1801000.0,24,1,1.225,0,140000.0,0
TRAD-002170,21,Business Owner,802000.0,5,900,1,3900.0,1312000.0,120,1,0.222,1,47000.0,1
TRAD-002171,53,Self-Employed,707000.0,6,581,1,8900.0,2050000.0,48,3,0.876,0,199000.0,0
TRAD-002172,64,Business Owner,886000.0,25,677,0,0.0,1279000.0,36,2,0.481,0,89000.0,1
TRAD-002173,54,Salaried,194000.0,0,601,1,10700.0,2104000.0,60,0,2.831,1,242000.0,0
TRAD-002174,31,Self-Employed,613000.0,14,602,0,0.0,1095000.0,12,1,1.786,0,335000.0,0
TRAD-002175,54,Self-Employed,263000.0,18,657,2,32700.0,50000.0,60,4,1.53,0,175000.0,0
TRAD-002176,25,Self-Employed,727000.0,6,760,1,9100.0,490000.0,60,2,0.285,0,664000.0,1
TRAD-002177,42,Business Owner,1110000.0,25,823,1,13500.0,1562000.0,48,3,0.498,0,590000.0,1
TRAD-002178,48,Self-Employed,517000.0,15,663,2,23200.0,1549000.0,120,4,0.838,0,243000.0,0
TRAD-002179,41,Business Owner,686000.0,1,604,1,8900.0,698000.0,84,1,0.301,0,59000.0,1
TRAD-002180,51,Self-Employed,862000.0,9,745,0,0.0,2073000.0,48,1,0.601,0,293000.0,1
TRAD-002181,31,Salaried,120000.0,11,748,1,13100.0,670000.0,120,2,1.868,0,267000.0,0
TRAD-002182,47,Self-Employed,504000.0,6,723,1,11400.0,1200000.0,24,2,1.462,0,284000.0,0
TRAD-002183,49,Salaried,752000.0,28,726,3,31700.0,1182000.0,60,4,0.82,0,200000.0,1
TRAD-002184,48,Business Owner,120000.0,10,689,1,5100.0,50000.0,24,0,0.718,0,38000.0,0
TRAD-002185,33,Business Owner,376000.0,15,709,1,16800.0,828000.0,84,2,0.851,0,309000.0,1
TRAD-002186,34,Salaried,958000.0,16,683,1,9600.0,2447000.0,12,0,2.675,0,212000.0,0
TRAD-002187,32,Salaried,931000.0,6,802,0,0.0,301000.0,180,1,0.022,1,235000.0,1
TRAD-002188,41,Salaried,755000.0,17,900,0,0.0,1306000.0,12,2,1.73,0,323000.0,1
TRAD-002189,46,Salaried,897000.0,10,717,2,23400.0,150000.0,60,3,0.346,0,283000.0,1
TRAD-002190,36,Salaried,710000.0,0,699,1,11800.0,294000.0,84,4,0.259,0,318000.0,1
TRAD-002191,39,Self-Employed,806000.0,12,724,0,0.0,50000.0,48,0,0.016,0,201000.0,1
TRAD-002192,33,Self-Employed,562000.0,17,637,0,0.0,1512000.0,24,4,1.345,0,390000.0,0
TRAD-002193,30,Business Owner,682000.0,3,773,2,23300.0,334000.0,36,3,0.573,0,121000.0,1
TRAD-002194,49,Salaried,473000.0,23,742,3,28700.0,1724000.0,180,1,0.971,0,28000.0,1
TRAD-002195,56,Salaried,1004000.0,19,660,2,12400.0,555000.0,24,1,0.425,0,78000.0,1
TRAD-002196,33,Salaried,1076000.0,9,786,1,12800.0,983000.0,120,3,0.234,0,131000.0,1
TRAD-002197,58,Business Owner,1036000.0,17,702,3,37100.0,1167000.0,36,3,0.805,0,0.0,1
TRAD-002198,46,Salaried,536000.0,9,608,1,11300.0,50000.0,12,1,0.346,0,0.0,1
TRAD-002199,28,Salaried,383000.0,19,733,0,0.0,1032000.0,48,2,0.674,0,426000.0,1
TRAD-002200,37,Salaried,1008000.0,4,723,3,11000.0,1127000.0,12,4,1.249,0,619000.0,0
TRAD-002201,21,Business Owner,802000.0,18,791,2,18600.0,1641000.0,120,0,0.483,0,439000.0,1
TRAD-002202,22,Salaried,742000.0,1,779,0,0.0,276000.0,120,2,0.037,0,179000.0,1
TRAD-002203,35,Self-Employed,473000.0,0,690,0,0.0,369000.0,24,4,0.39,0,0.0,0
TRAD-002204,40,Self-Employed,769000.0,7,655,2,22700.0,1329000.0,120,0,0.527,0,348000.0,0
TRAD-002205,56,Self-Employed,346000.0,5,700,1,7200.0,1818000.0,120,2,0.775,0,0.0,0
TRAD-002206,26,Salaried,828000.0,14,735,1,5800.0,515000.0,120,2,0.146,0,278000.0,1
TRAD-002207,57,Salaried,1036000.0,4,746,0,0.0,97000.0,12,1,0.094,0,100000.0,1
TRAD-002208,31,Salaried,1107000.0,7,729,1,9000.0,694000.0,24,2,0.411,0,0.0,1
TRAD-002209,27,Salaried,848000.0,2,691,1,13400.0,241000.0,24,3,0.332,0,670000.0,1
TRAD-002210,51,Self-Employed,263000.0,26,795,0,0.0,1159000.0,180,1,0.294,0,0.0,1
TRAD-002211,55,Salaried,705000.0,22,636,0,0.0,198000.0,36,2,0.094,0,211000.0,1
TRAD-002212,47,Salaried,1249000.0,6,900,0,0.0,1532000.0,60,2,0.245,0,268000.0,1
TRAD-002213,26,Salaried,407000.0,3,772,3,45600.0,1038000.0,60,0,1.855,0,182000.0,0
TRAD-002214,26,Self-Employed,633000.0,25,593,2,10900.0,1553000.0,240,1,0.329,0,416000.0,1
TRAD-002215,38,Salaried,1046000.0,20,718,1,14900.0,50000.0,24,3,0.195,0,115000.0,1
TRAD-002216,40,Self-Employed,823000.0,26,773,0,0.0,50000.0,180,2,0.004,1,395000.0,1
TRAD-002217,64,Salaried,1344000.0,5,667,2,14500.0,1740000.0,24,4,0.777,0,380000.0,1
TRAD-002218,33,Business Owner,445000.0,10,558,1,7700.0,432000.0,240,4,0.256,0,0.0,1
TRAD-002219,29,Self-Employed,373000.0,3,601,2,17400.0,50000.0,84,1,0.579,0,359000.0,0
TRAD-002220,62,Salaried,993000.0,12,751,4,45900.0,768000.0,36,4,0.812,0,37000.0,0
TRAD-002221,27,Salaried,315000.0,4,533,1,9400.0,1058000.0,48,4,1.198,0,9000.0,0
TRAD-002222,22,Salaried,595000.0,0,562,1,11500.0,797000.0,120,2,0.366,0,373000.0,0
TRAD-002223,39,Salaried,632000.0,15,751,0,0.0,1204000.0,48,3,0.476,0,198000.0,1
TRAD-002224,38,Salaried,940000.0,29,679,0,0.0,1116000.0,12,1,1.187,0,393000.0,1
TRAD-002225,48,Business Owner,822000.0,19,634,3,27900.0,1082000.0,36,0,0.846,0,395000.0,0
TRAD-002226,59,Self-Employed,778000.0,22,653,1,3400.0,1776000.0,240,1,0.167,0,0.0,1
TRAD-002227,62,Salaried,537000.0,24,560,0,0.0,891000.0,48,3,0.415,0,485000.0,1
TRAD-002228,33,Self-Employed,990000.0,29,746,1,9400.0,872000.0,60,2,0.29,0,371000.0,1
TRAD-002229,64,Salaried,1777000.0,3,623,1,6100.0,1422000.0,24,2,0.441,0,153000.0,1
TRAD-002230,48,Business Owner,844000.0,7,649,3,21900.0,1259000.0,12,2,1.803,0,266000.0,0
TRAD-002231,24,Salaried,678000.0,18,733,0,0.0,313000.0,36,3,0.154,0,492000.0,1
TRAD-002232,62,Self-Employed,287000.0,24,676,1,8000.0,840000.0,180,3,0.53,0,220000.0,1
TRAD-002233,27,Self-Employed,472000.0,23,633,0,0.0,1185000.0,60,3,0.502,0,829000.0,1
TRAD-002234,46,Salaried,590000.0,21,511,3,52100.0,519000.0,48,2,1.28,0,673000.0,0
TRAD-002235,55,Salaried,500000.0,9,735,2,0.0,550000.0,60,0,0.22,0,329000.0,1
TRAD-002236,31,Salaried,645000.0,10,708,0,0.0,50000.0,180,1,0.005,0,243000.0,1
TRAD-002237,32,Business Owner,1148000.0,2,651,0,0.0,50000.0,240,0,0.002,0,254000.0,1
TRAD-002238,41,Salaried,999000.0,9,601,1,8100.0,657000.0,36,3,0.317,1,150000.0,0
TRAD-002239,59,Self-Employed,606000.0,4,701,1,12700.0,983000.0,180,1,0.36,0,331000.0,1
TRAD-002240,30,Self-Employed,312000.0,28,746,0,0.0,188000.0,180,1,0.04,0,472000.0,1
TRAD-002241,50,Business Owner,1024000.0,2,709,4,14100.0,1796000.0,12,2,1.919,0,0.0,0
TRAD-002242,40,Salaried,636000.0,10,856,1,9500.0,220000.0,240,2,0.197,0,461000.0,1
TRAD-002243,25,Salaried,167000.0,26,767,1,16800.0,1493000.0,36,4,3.0,0,533000.0,0
TRAD-002244,52,Self-Employed,849000.0,28,690,1,4000.0,1172000.0,120,0,0.195,0,443000.0,1
TRAD-002245,57,Salaried,937000.0,11,770,0,0.0,2315000.0,180,4,0.165,1,268000.0,1
TRAD-002246,46,Business Owner,120000.0,13,705,2,14400.0,1251000.0,84,1,2.929,0,433000.0,0
TRAD-002247,28,Salaried,419000.0,15,704,0,0.0,50000.0,36,4,0.04,0,625000.0,1
TRAD-002248,27,Salaried,619000.0,24,823,0,0.0,1585000.0,180,2,0.171,0,285000.0,1
TRAD-002249,39,Business Owner,856000.0,23,615,1,9600.0,2003000.0,60,2,0.603,0,306000.0,0
TRAD-002250,43,Salaried,506000.0,15,702,1,9100.0,50000.0,120,3,0.226,0,833000.0,1
TRAD-002251,45,Salaried,417000.0,11,813,1,2100.0,1315000.0,120,0,0.376,0,377000.0,1
TRAD-002252,31,Salaried,854000.0,11,729,0,0.0,1459000.0,36,3,0.569,1,48000.0,0
TRAD-002253,43,Salaried,519000.0,19,665,0,0.0,762000.0,60,3,0.294,0,518000.0,1
TRAD-002254,33,Business Owner,802000.0,25,538,2,16900.0,50000.0,24,0,0.284,0,400000.0,1
TRAD-002255,51,Salaried,339000.0,2,484,1,12900.0,708000.0,12,0,2.545,0,136000.0,0
TRAD-002256,56,Salaried,271000.0,23,897,1,9800.0,522000.0,120,3,0.627,1,24000.0,0
TRAD-002257,49,Salaried,861000.0,14,729,1,13000.0,1894000.0,24,0,1.281,1,360000.0,0
TRAD-002258,21,Business Owner,721000.0,4,645,1,11400.0,842000.0,60,2,0.423,0,285000.0,0
TRAD-002259,64,Salaried,908000.0,2,733,1,9800.0,632000.0,12,1,0.826,0,0.0,0
TRAD-002260,22,Business Owner,501000.0,10,610,1,10200.0,519000.0,84,3,0.392,0,278000.0,0
TRAD-002261,64,Business Owner,427000.0,7,669,2,9000.0,1112000.0,24,4,1.555,1,262000.0,0
TRAD-002262,22,Salaried,1031000.0,3,611,4,33600.0,937000.0,36,4,0.694,0,284000.0,0
TRAD-002263,43,Business Owner,224000.0,8,566,0,0.0,387000.0,24,3,0.864,0,423000.0,0
TRAD-002264,25,Self-Employed,1000000.0,25,500,1,5400.0,1072000.0,240,3,0.118,0,0.0,1
TRAD-002265,25,Salaried,1020000.0,21,548,2,12300.0,538000.0,84,0,0.22,0,22000.0,1
TRAD-002266,51,Salaried,891000.0,6,797,0,0.0,50000.0,84,4,0.008,0,178000.0,1
TRAD-002267,53,Business Owner,457000.0,20,606,1,9600.0,1334000.0,48,4,0.982,1,632000.0,0
TRAD-002268,26,Self-Employed,421000.0,13,751,0,0.0,1273000.0,180,0,0.202,0,892000.0,1
TRAD-002269,63,Self-Employed,591000.0,22,791,0,0.0,1030000.0,12,3,1.743,0,301000.0,0
TRAD-002270,35,Business Owner,287000.0,7,702,0,0.0,612000.0,48,0,0.533,0,311000.0,1
TRAD-002271,35,Salaried,381000.0,1,672,1,11600.0,853000.0,12,3,2.604,0,0.0,0
TRAD-002272,34,Business Owner,831000.0,9,713,0,0.0,1433000.0,120,1,0.172,0,526000.0,1
TRAD-002273,41,Business Owner,832000.0,29,660,0,0.0,489000.0,240,0,0.029,0,412000.0,1
TRAD-002274,28,Salaried,356000.0,16,814,1,8400.0,1459000.0,120,1,0.693,0,371000.0,1
TRAD-002275,39,Salaried,839000.0,1,878,0,0.0,50000.0,24,1,0.03,0,0.0,1
TRAD-002276,30,Salaried,777000.0,29,838,1,8700.0,1009000.0,180,1,0.221,0,795000.0,1
TRAD-002277,23,Business Owner,1073000.0,24,496,0,0.0,917000.0,36,1,0.285,0,680000.0,1
TRAD-002278,37,Salaried,809000.0,16,658,1,10200.0,1552000.0,48,2,0.631,0,374000.0,1
TRAD-002279,50,Self-Employed,946000.0,22,700,0,0.0,303000.0,84,3,0.046,0,548000.0,1
TRAD-002280,54,Salaried,784000.0,5,744,1,4500.0,374000.0,60,2,0.164,0,313000.0,1
TRAD-002281,36,Salaried,924000.0,17,536,2,23900.0,50000.0,24,2,0.337,0,505000.0,1
TRAD-002282,35,Self-Employed,290000.0,27,534,2,26900.0,532000.0,60,1,1.48,0,0.0,0
TRAD-002283,55,Salaried,616000.0,13,824,2,22600.0,1066000.0,24,1,1.306,1,0.0,0
TRAD-002284,50,Business Owner,639000.0,1,647,1,6400.0,50000.0,120,0,0.128,0,0.0,0
TRAD-002285,57,Salaried,582000.0,22,559,2,12100.0,612000.0,12,1,1.301,0,98000.0,0
TRAD-002286,60,Business Owner,774000.0,21,595,1,6300.0,1297000.0,180,0,0.209,0,139000.0,1
TRAD-002287,57,Salaried,828000.0,22,737,0,0.0,833000.0,240,2,0.05,0,412000.0,1
TRAD-002288,62,Business Owner,760000.0,19,622,3,17100.0,949000.0,120,3,0.395,0,236000.0,1
TRAD-002289,39,Self-Employed,600000.0,4,723,0,0.0,50000.0,84,4,0.012,0,293000.0,1
TRAD-002290,38,Salaried,444000.0,3,607,0,0.0,835000.0,48,1,0.47,1,4000.0,0
TRAD-002291,35,Salaried,957000.0,23,534,0,0.0,919000.0,60,0,0.192,0,0.0,1
TRAD-002292,31,Salaried,748000.0,25,835,3,39800.0,794000.0,60,4,0.851,0,310000.0,0
TRAD-002293,53,Self-Employed,365000.0,2,738,0,0.0,999000.0,180,3,0.182,0,164000.0,1
TRAD-002294,52,Business Owner,596000.0,17,668,1,3100.0,699000.0,24,1,0.649,1,301000.0,0
TRAD-002295,56,Salaried,162000.0,15,650,1,11400.0,604000.0,84,4,1.377,1,436000.0,0
TRAD-002296,28,Salaried,660000.0,10,839,0,0.0,224000.0,60,3,0.068,1,710000.0,1
TRAD-002297,42,Self-Employed,594000.0,19,756,0,0.0,1533000.0,36,3,0.86,0,295000.0,1
TRAD-002298,30,Salaried,489000.0,27,809,3,43300.0,103000.0,48,1,1.115,0,753000.0,1
TRAD-002299,60,Self-Employed,1094000.0,24,645,1,8400.0,1003000.0,60,2,0.276,0,402000.0,1
TRAD-002300,32,Salaried,326000.0,4,705,1,6900.0,2079000.0,12,1,3.0,0,472000.0,0
TRAD-002301,27,Self-Employed,848000.0,13,738,1,13500.0,1616000.0,60,3,0.572,0,563000.0,1
TRAD-002302,46,Business Owner,1262000.0,28,648,0,0.0,1231000.0,24,4,0.488,0,480000.0,1
TRAD-002303,59,Salaried,952000.0,7,691,0,0.0,1062000.0,48,4,0.279,0,100000.0,1
TRAD-002304,61,Salaried,641000.0,25,645,3,13500.0,817000.0,36,1,0.678,0,571000.0,0
TRAD-002305,25,Salaried,332000.0,14,738,2,11400.0,314000.0,120,3,0.507,0,206000.0,0
TRAD-002306,35,Self-Employed,269000.0,15,574,2,12100.0,735000.0,240,3,0.676,0,375000.0,0
TRAD-002307,27,Salaried,535000.0,7,754,0,0.0,1274000.0,12,0,2.381,0,333000.0,0
TRAD-002308,34,Business Owner,458000.0,27,730,0,0.0,1153000.0,36,3,0.839,0,586000.0,1
TRAD-002309,44,Self-Employed,449000.0,15,681,0,0.0,1413000.0,24,0,1.573,0,398000.0,0
TRAD-002310,33,Salaried,559000.0,17,743,2,20400.0,1693000.0,60,0,1.044,0,0.0,0
TRAD-002311,23,Self-Employed,621000.0,13,665,1,6500.0,797000.0,48,0,0.446,0,823000.0,1
TRAD-002312,43,Salaried,786000.0,2,636,0,0.0,1025000.0,60,2,0.261,0,509000.0,1
TRAD-002313,23,Business Owner,303000.0,23,752,0,0.0,50000.0,12,0,0.165,0,162000.0,1
TRAD-002314,30,Salaried,459000.0,9,756,1,9300.0,2367000.0,180,2,0.587,0,16000.0,0
TRAD-002315,21,Self-Employed,605000.0,7,652,0,0.0,631000.0,240,3,0.052,1,537000.0,0
TRAD-002316,24,Business Owner,595000.0,23,644,1,8700.0,1324000.0,240,2,0.287,1,45000.0,0
TRAD-002317,40,Self-Employed,1164000.0,5,683,4,52100.0,631000.0,60,1,0.646,0,500000.0,1
TRAD-002318,58,Business Owner,715000.0,20,648,0,0.0,615000.0,120,1,0.086,0,567000.0,1
TRAD-002319,55,Salaried,198000.0,14,845,1,9400.0,746000.0,12,3,3.0,0,138000.0,0
TRAD-002320,25,Business Owner,767000.0,23,730,1,5300.0,91000.0,84,1,0.1,1,115000.0,1
TRAD-002321,22,Self-Employed,803000.0,1,701,1,5700.0,50000.0,84,3,0.094,0,182000.0,1
TRAD-002322,35,Self-Employed,615000.0,23,611,2,16200.0,1654000.0,120,3,0.585,0,53000.0,0
TRAD-002323,49,Salaried,310000.0,6,770,0,0.0,1255000.0,180,2,0.27,0,357000.0,1
TRAD-002324,53,Salaried,1142000.0,26,642,2,19300.0,305000.0,12,1,0.47,0,393000.0,1
TRAD-002325,57,Self-Employed,350000.0,10,638,1,7800.0,1194000.0,48,0,1.12,0,482000.0,0
TRAD-002326,36,Salaried,835000.0,0,773,0,0.0,1436000.0,60,3,0.344,0,92000.0,0
TRAD-002327,28,Self-Employed,706000.0,14,737,1,3700.0,450000.0,60,1,0.19,0,510000.0,1
TRAD-002328,22,Business Owner,818000.0,1,462,1,11800.0,1168000.0,60,2,0.459,0,53000.0,0
TRAD-002329,27,Business Owner,1128000.0,8,685,1,15800.0,1554000.0,120,0,0.306,1,510000.0,1
TRAD-002330,23,Salaried,807000.0,21,712,0,0.0,50000.0,84,3,0.009,0,0.0,1
TRAD-002331,58,Business Owner,494000.0,16,668,2,33200.0,1247000.0,36,4,1.648,0,692000.0,0
TRAD-002332,32,Salaried,960000.0,21,715,0,0.0,1137000.0,84,4,0.169,0,170000.0,1
TRAD-002333,57,Salaried,473000.0,26,528,1,7600.0,2122000.0,84,1,0.834,0,450000.0,0
TRAD-002334,45,Business Owner,696000.0,14,431,3,32900.0,1262000.0,24,0,1.474,0,470000.0,0
TRAD-002335,44,Salaried,288000.0,16,607,1,8000.0,633000.0,84,0,0.647,0,0.0,0
TRAD-002336,41,Salaried,361000.0,1,727,2,4100.0,708000.0,60,1,0.529,0,509000.0,0
TRAD-002337,57,Salaried,664000.0,8,394,3,36800.0,2215000.0,180,0,0.887,0,162000.0,0
TRAD-002338,22,Salaried,753000.0,21,620,1,8100.0,669000.0,48,0,0.351,0,223000.0,1
TRAD-002339,25,Business Owner,173000.0,1,517,1,3100.0,1281000.0,240,3,0.585,0,132000.0,0
TRAD-002340,39,Salaried,789000.0,10,677,1,7000.0,745000.0,60,0,0.295,0,703000.0,1
TRAD-002341,38,Salaried,421000.0,4,886,1,8200.0,1603000.0,240,3,0.424,0,8000.0,1
TRAD-002342,45,Self-Employed,1008000.0,25,679,0,0.0,1635000.0,12,4,1.622,0,408000.0,0
TRAD-002343,53,Salaried,551000.0,16,690,1,9100.0,885000.0,24,4,1.001,0,144000.0,0
TRAD-002344,46,Self-Employed,335000.0,19,780,0,0.0,636000.0,24,4,0.949,0,573000.0,1
TRAD-002345,32,Business Owner,671000.0,20,702,1,3800.0,620000.0,180,1,0.13,0,880000.0,1
TRAD-002346,35,Self-Employed,393000.0,6,680,1,8400.0,50000.0,60,3,0.282,0,142000.0,0
TRAD-002347,54,Business Owner,1005000.0,1,788,2,11000.0,965000.0,120,0,0.227,0,335000.0,1
TRAD-002348,29,Salaried,650000.0,11,745,0,0.0,952000.0,12,1,1.465,0,204000.0,0
TRAD-002349,43,Business Owner,608000.0,5,727,2,13500.0,370000.0,48,3,0.419,0,560000.0,1
TRAD-002350,44,Salaried,816000.0,9,687,2,15200.0,50000.0,48,1,0.239,0,238000.0,1
TRAD-002351,54,Salaried,369000.0,9,667,1,13200.0,1034000.0,240,1,0.569,0,526000.0,0
TRAD-002352,52,Self-Employed,289000.0,23,787,2,28600.0,1116000.0,12,2,3.0,0,201000.0,0
TRAD-002353,41,Salaried,764000.0,9,668,0,0.0,1157000.0,180,1,0.101,0,861000.0,1
TRAD-002354,34,Business Owner,342000.0,4,817,0,0.0,257000.0,48,3,0.188,0,0.0,1
TRAD-002355,37,Self-Employed,342000.0,28,601,1,10900.0,1158000.0,120,4,0.721,0,394000.0,0
TRAD-002356,39,Business Owner,884000.0,1,836,0,0.0,784000.0,36,2,0.296,0,297000.0,1
TRAD-002357,30,Salaried,797000.0,6,745,2,17600.0,1462000.0,12,2,2.099,0,288000.0,0
TRAD-002358,48,Salaried,299000.0,10,608,1,9300.0,266000.0,120,3,0.462,0,371000.0,0
TRAD-002359,30,Self-Employed,477000.0,1,748,1,14100.0,1648000.0,24,2,2.082,0,315000.0,0
TRAD-002360,49,Salaried,397000.0,26,638,0,0.0,1881000.0,24,2,2.369,0,355000.0,0
TRAD-002361,54,Salaried,1147000.0,10,703,2,25200.0,975000.0,240,4,0.306,0,402000.0,1
TRAD-002362,63,Self-Employed,904000.0,23,654,0,0.0,1162000.0,36,1,0.428,0,737000.0,1
TRAD-002363,26,Business Owner,532000.0,4,687,0,0.0,1410000.0,240,1,0.133,1,0.0,0
TRAD-002364,54,Self-Employed,811000.0,15,789,1,7400.0,233000.0,48,0,0.181,0,762000.0,1
TRAD-002365,24,Salaried,270000.0,3,749,1,2500.0,584000.0,36,0,0.832,1,940000.0,0
TRAD-002366,35,Salaried,462000.0,6,593,2,15900.0,1020000.0,60,3,0.855,0,0.0,0
TRAD-002367,28,Self-Employed,679000.0,12,599,0,0.0,2217000.0,36,1,1.088,0,312000.0,0
TRAD-002368,28,Salaried,777000.0,25,726,1,14200.0,123000.0,240,3,0.227,0,643000.0,1
TRAD-002369,28,Salaried,623000.0,9,733,0,0.0,1965000.0,84,0,0.451,0,530000.0,1
TRAD-002370,22,Salaried,719000.0,22,636,4,43900.0,774000.0,120,3,0.84,0,719000.0,1
TRAD-002371,57,Salaried,672000.0,2,851,1,3100.0,878000.0,12,2,1.362,1,393000.0,0
TRAD-002372,23,Salaried,604000.0,7,777,2,26700.0,1692000.0,36,4,1.464,0,0.0,0
TRAD-002373,38,Salaried,567000.0,18,641,2,18500.0,2214000.0,84,4,0.949,1,626000.0,0
TRAD-002374,51,Self-Employed,531000.0,14,631,1,7900.0,1175000.0,60,2,0.621,0,459000.0,0
TRAD-002375,64,Salaried,715000.0,15,678,0,0.0,1657000.0,240,4,0.116,0,667000.0,1
TRAD-002376,58,Self-Employed,765000.0,20,668,1,13300.0,302000.0,120,4,0.248,1,0.0,1
TRAD-002377,27,Salaried,706000.0,2,819,1,4800.0,556000.0,36,3,0.344,0,0.0,0
TRAD-002378,64,Business Owner,320000.0,20,794,2,17100.0,50000.0,60,2,0.672,0,304000.0,1
TRAD-002379,49,Salaried,370000.0,25,703,0,0.0,565000.0,120,4,0.153,0,633000.0,1
TRAD-002380,28,Salaried,762000.0,22,764,1,16900.0,1267000.0,48,4,0.682,0,703000.0,1
TRAD-002381,40,Salaried,1062000.0,8,778,1,12700.0,1038000.0,60,2,0.339,0,119000.0,1
TRAD-002382,61,Salaried,693000.0,10,706,0,0.0,2023000.0,180,1,0.195,1,198000.0,0
TRAD-002383,38,Salaried,535000.0,28,738,3,43000.0,2236000.0,36,1,2.358,1,1018000.0,0
TRAD-002384,29,Business Owner,713000.0,23,756,3,19400.0,811000.0,12,4,1.464,0,162000.0,0
TRAD-002385,59,Business Owner,332000.0,27,746,0,0.0,458000.0,48,0,0.345,0,469000.0,1
TRAD-002386,62,Salaried,1017000.0,27,626,2,12200.0,1654000.0,24,0,0.957,0,187000.0,0
TRAD-002387,63,Salaried,702000.0,13,636,0,0.0,1722000.0,60,2,0.491,0,419000.0,1
TRAD-002388,63,Self-Employed,463000.0,3,673,4,25800.0,1187000.0,180,4,0.84,0,83000.0,0
TRAD-002389,59,Self-Employed,603000.0,6,633,2,15100.0,1359000.0,120,1,0.526,0,91000.0,0
TRAD-002390,40,Salaried,502000.0,8,560,2,23000.0,1257000.0,120,2,0.8,0,207000.0,0
TRAD-002391,29,Self-Employed,1017000.0,25,764,0,0.0,257000.0,60,0,0.051,1,164000.0,1
TRAD-002392,48,Salaried,593000.0,8,733,2,37000.0,108000.0,180,4,0.761,0,224000.0,0
TRAD-002393,30,Self-Employed,694000.0,10,573,1,4900.0,867000.0,240,4,0.147,0,431000.0,1
TRAD-002394,41,Salaried,811000.0,25,677,0,0.0,769000.0,120,3,0.095,0,773000.0,1
TRAD-002395,49,Salaried,443000.0,4,682,0,0.0,1080000.0,24,0,1.219,0,152000.0,0
TRAD-002396,62,Salaried,704000.0,19,717,1,14200.0,815000.0,36,0,0.628,0,53000.0,1
TRAD-002397,33,Self-Employed,727000.0,16,597,2,15400.0,50000.0,240,3,0.258,0,302000.0,1
TRAD-002398,32,Salaried,215000.0,29,571,2,9400.0,50000.0,12,0,0.757,1,87000.0,0
TRAD-002399,53,Self-Employed,721000.0,14,749,0,0.0,1379000.0,60,0,0.383,0,0.0,1
TRAD-002400,21,Self-Employed,637000.0,15,554,0,0.0,469000.0,84,4,0.105,1,566000.0,0
TRAD-002401,45,Self-Employed,686000.0,25,678,1,10200.0,749000.0,48,2,0.451,0,320000.0,1
TRAD-002402,53,Salaried,660000.0,29,669,2,17400.0,537000.0,120,2,0.398,0,345000.0,1
TRAD-002403,45,Salaried,723000.0,21,688,0,0.0,307000.0,12,3,0.425,1,0.0,0
TRAD-002404,37,Salaried,1024000.0,20,724,0,0.0,289000.0,24,1,0.141,0,154000.0,1
TRAD-002405,57,Self-Employed,320000.0,26,852,0,0.0,1563000.0,36,1,1.628,1,0.0,0
TRAD-002406,37,Business Owner,554000.0,29,548,2,14700.0,745000.0,24,2,0.991,0,295000.0,0
TRAD-002407,52,Salaried,837000.0,22,783,1,6000.0,1313000.0,48,0,0.478,0,334000.0,1
TRAD-002408,41,Business Owner,785000.0,8,461,0,0.0,1400000.0,60,1,0.357,0,333000.0,0
TRAD-002409,22,Salaried,779000.0,19,832,0,0.0,1106000.0,240,2,0.071,0,133000.0,1
TRAD-002410,44,Salaried,1421000.0,7,506,0,0.0,1421000.0,60,4,0.2,1,87000.0,0
TRAD-002411,23,Salaried,822000.0,15,900,0,0.0,909000.0,120,3,0.111,0,252000.0,1
TRAD-002412,61,Self-Employed,967000.0,13,663,0,0.0,1786000.0,12,3,1.847,0,389000.0,0
TRAD-002413,47,Salaried,564000.0,29,823,1,4300.0,1435000.0,12,1,2.636,0,155000.0,0
TRAD-002414,37,Salaried,372000.0,16,803,0,0.0,1522000.0,48,0,1.023,0,66000.0,0
TRAD-002415,42,Self-Employed,562000.0,28,659,0,0.0,290000.0,36,1,0.172,0,76000.0,1
TRAD-002416,48,Salaried,849000.0,24,666,0,0.0,1071000.0,240,3,0.063,0,135000.0,1
TRAD-002417,32,Salaried,764000.0,25,620,0,0.0,50000.0,60,0,0.013,1,187000.0,1
TRAD-002418,33,Salaried,763000.0,5,775,0,0.0,1811000.0,60,4,0.475,0,25000.0,1
TRAD-002419,39,Salaried,590000.0,23,660,0,0.0,495000.0,180,1,0.056,0,189000.0,1
TRAD-002420,32,Salaried,545000.0,7,622,1,3000.0,585000.0,180,3,0.138,0,609000.0,1
TRAD-002421,54,Salaried,600000.0,17,751,0,0.0,50000.0,120,4,0.008,0,226000.0,1
TRAD-002422,25,Self-Employed,853000.0,14,615,1,11900.0,876000.0,48,3,0.424,0,0.0,1
TRAD-002423,57,Salaried,885000.0,7,669,1,14200.0,726000.0,24,0,0.603,1,0.0,0
TRAD-002424,36,Self-Employed,368000.0,29,710,3,41600.0,2085000.0,12,1,3.0,0,759000.0,0
TRAD-002425,45,Salaried,863000.0,26,639,1,12500.0,1459000.0,12,2,1.864,0,585000.0,0
TRAD-002426,27,Salaried,468000.0,17,653,1,5700.0,565000.0,180,4,0.227,0,371000.0,0
TRAD-002427,37,Salaried,781000.0,0,846,1,5600.0,50000.0,24,3,0.118,0,591000.0,1
TRAD-002428,54,Salaried,596000.0,5,681,1,12200.0,50000.0,48,3,0.267,0,432000.0,1
TRAD-002429,32,Salaried,1088000.0,6,666,0,0.0,233000.0,60,4,0.043,0,281000.0,1
TRAD-002430,26,Salaried,533000.0,29,683,1,4900.0,50000.0,84,0,0.124,0,0.0,1
TRAD-002431,43,Business Owner,700000.0,12,743,0,0.0,1127000.0,12,0,1.61,0,777000.0,0
TRAD-002432,28,Business Owner,820000.0,1,602,0,0.0,806000.0,60,2,0.197,0,191000.0,1
TRAD-002433,34,Salaried,405000.0,17,741,2,21100.0,911000.0,36,2,1.375,0,204000.0,0
TRAD-002434,40,Self-Employed,630000.0,28,724,1,8600.0,283000.0,48,1,0.276,0,309000.0,1
TRAD-002435,45,Self-Employed,575000.0,16,530,1,8200.0,999000.0,180,3,0.287,0,314000.0,1
TRAD-002436,49,Business Owner,506000.0,13,870,1,9100.0,50000.0,60,0,0.236,1,444000.0,1
TRAD-002437,50,Salaried,527000.0,5,839,0,0.0,843000.0,48,0,0.4,0,415000.0,1
TRAD-002438,58,Salaried,961000.0,26,624,1,10800.0,1440000.0,12,4,1.633,0,156000.0,0
TRAD-002439,23,Salaried,482000.0,3,593,0,0.0,662000.0,240,0,0.069,0,306000.0,1
TRAD-002440,36,Salaried,809000.0,28,722,2,25500.0,1188000.0,84,2,0.588,0,436000.0,1
TRAD-002441,21,Salaried,738000.0,6,565,1,15400.0,50000.0,120,4,0.257,0,135000.0,1
TRAD-002442,21,Business Owner,259000.0,4,830,1,9500.0,50000.0,48,3,0.488,0,662000.0,1
TRAD-002443,30,Business Owner,795000.0,10,655,1,5700.0,1113000.0,36,2,0.553,0,295000.0,1
TRAD-002444,47,Salaried,254000.0,0,854,0,0.0,1581000.0,36,1,2.075,0,700000.0,0
TRAD-002445,60,Salaried,826000.0,0,622,1,15800.0,745000.0,12,0,1.131,0,0.0,0
TRAD-002446,55,Salaried,508000.0,5,689,0,0.0,2294000.0,180,0,0.301,0,464000.0,1
TRAD-002447,49,Salaried,652000.0,20,820,1,12500.0,50000.0,60,2,0.245,0,77000.0,1
TRAD-002448,55,Self-Employed,288000.0,24,669,0,0.0,458000.0,48,2,0.398,0,141000.0,0
TRAD-002449,28,Salaried,684000.0,7,726,1,12300.0,991000.0,120,1,0.361,0,526000.0,1
TRAD-002450,57,Business Owner,910000.0,19,804,2,28400.0,1202000.0,24,1,1.035,0,243000.0,1
TRAD-002451,60,Business Owner,424000.0,10,647,1,6500.0,520000.0,60,0,0.429,0,949000.0,0
TRAD-002452,25,Self-Employed,480000.0,12,580,0,0.0,211000.0,48,0,0.11,0,430000.0,1
TRAD-002453,41,Self-Employed,777000.0,10,561,4,18300.0,1303000.0,240,1,0.366,0,126000.0,0
TRAD-002454,57,Salaried,784000.0,26,755,1,8500.0,987000.0,180,4,0.214,0,430000.0,1
TRAD-002455,41,Salaried,120000.0,15,737,2,30400.0,676000.0,120,1,3.0,0,241000.0,0
TRAD-002456,57,Salaried,1214000.0,15,801,3,39900.0,1224000.0,36,0,0.73,1,508000.0,1
TRAD-002457,62,Self-Employed,798000.0,25,674,2,19100.0,811000.0,60,2,0.49,1,226000.0,0
TRAD-002458,41,Salaried,845000.0,19,564,1,0.0,809000.0,240,0,0.048,0,402000.0,1
TRAD-002459,23,Business Owner,610000.0,4,476,0,0.0,785000.0,12,2,1.287,0,350000.0,0
TRAD-002460,35,Salaried,131000.0,5,900,3,28200.0,366000.0,84,3,2.982,0,320000.0,0
TRAD-002461,30,Salaried,839000.0,10,750,0,0.0,300000.0,48,0,0.089,0,560000.0,1
TRAD-002462,41,Salaried,492000.0,2,713,1,9100.0,558000.0,120,4,0.335,1,0.0,0
TRAD-002463,46,Business Owner,802000.0,20,726,1,10000.0,921000.0,60,3,0.379,0,324000.0,1
TRAD-002464,41,Salaried,589000.0,14,564,2,13700.0,50000.0,120,4,0.288,0,125000.0,0
TRAD-002465,29,Salaried,717000.0,1,624,1,9000.0,1514000.0,36,3,0.854,0,0.0,0
TRAD-002466,34,Salaried,433000.0,12,866,2,16800.0,912000.0,180,4,0.606,0,91000.0,1
TRAD-002467,50,Self-Employed,892000.0,24,763,1,6200.0,208000.0,180,2,0.099,0,145000.0,1
TRAD-002468,22,Business Owner,317000.0,27,627,0,0.0,1951000.0,84,0,0.879,0,241000.0,0
TRAD-002469,30,Salaried,1279000.0,28,583,1,7100.0,927000.0,48,0,0.248,0,384000.0,1
TRAD-002470,60,Business Owner,1277000.0,27,651,1,0.0,50000.0,24,0,0.02,0,436000.0,1
TRAD-002471,25,Salaried,1107000.0,18,670,2,32300.0,1922000.0,24,0,1.218,0,198000.0,1
TRAD-002472,39,Self-Employed,1007000.0,27,895,1,5600.0,1781000.0,48,4,0.509,1,696000.0,1
TRAD-002473,30,Salaried,626000.0,28,682,4,50400.0,309000.0,180,4,0.999,0,207000.0,1
TRAD-002474,25,Salaried,977000.0,19,587,0,0.0,690000.0,240,3,0.035,0,0.0,1
TRAD-002475,39,Self-Employed,623000.0,12,694,2,22600.0,603000.0,84,0,0.574,0,214000.0,1
TRAD-002476,43,Salaried,215000.0,28,725,1,8800.0,50000.0,240,4,0.503,0,312000.0,0
TRAD-002477,28,Salaried,1071000.0,12,578,0,0.0,1111000.0,24,1,0.519,0,0.0,1
TRAD-002478,24,Business Owner,966000.0,4,738,1,8100.0,1449000.0,120,4,0.251,0,602000.0,1
TRAD-002479,26,Business Owner,641000.0,3,815,1,6400.0,1327000.0,60,3,0.534,0,275000.0,1
TRAD-002480,49,Salaried,307000.0,17,713,3,30100.0,921000.0,24,2,2.677,0,12000.0,0
TRAD-002481,58,Self-Employed,486000.0,1,624,0,0.0,1512000.0,120,3,0.311,0,60000.0,0
TRAD-002482,28,Self-Employed,140000.0,3,650,0,0.0,162000.0,240,3,0.058,0,490000.0,0
TRAD-002483,35,Salaried,915000.0,7,542,3,19800.0,2082000.0,60,4,0.715,0,521000.0,0
TRAD-002484,36,Business Owner,201000.0,15,687,0,0.0,398000.0,36,3,0.66,1,138000.0,0
TRAD-002485,36,Salaried,730000.0,14,730,0,0.0,470000.0,36,1,0.215,0,0.0,1
TRAD-002486,31,Self-Employed,414000.0,15,615,2,19900.0,526000.0,84,0,0.758,0,333000.0,1
TRAD-002487,23,Salaried,251000.0,15,884,3,24100.0,479000.0,120,4,1.343,0,379000.0,0
TRAD-002488,44,Salaried,717000.0,29,775,1,16300.0,775000.0,24,3,0.813,0,441000.0,1
TRAD-002489,36,Salaried,557000.0,6,530,1,4600.0,750000.0,120,0,0.234,0,159000.0,0
TRAD-002490,36,Salaried,885000.0,14,532,0,0.0,984000.0,120,3,0.111,1,269000.0,0
TRAD-002491,32,Business Owner,295000.0,18,607,0,0.0,368000.0,12,4,1.247,0,305000.0,0
TRAD-002492,61,Business Owner,438000.0,8,849,2,16600.0,1008000.0,48,3,1.03,0,542000.0,0
TRAD-002493,47,Salaried,120000.0,5,785,1,5900.0,191000.0,36,1,1.121,0,632000.0,0
TRAD-002494,39,Salaried,120000.0,1,854,1,8900.0,1376000.0,180,0,1.654,0,700000.0,0
TRAD-002495,30,Salaried,1153000.0,9,701,2,15500.0,1368000.0,84,4,0.331,0,626000.0,1
TRAD-002496,56,Salaried,1233000.0,7,680,2,15500.0,896000.0,60,1,0.296,0,753000.0,1
TRAD-002497,60,Salaried,676000.0,5,581,2,25400.0,478000.0,36,4,0.687,1,553000.0,0
TRAD-002498,22,Business Owner,419000.0,8,733,2,21200.0,1102000.0,60,2,1.133,0,153000.0,0
TRAD-002499,61,Self-Employed,566000.0,20,681,1,11200.0,323000.0,240,3,0.266,0,683000.0,1
TRAD-002500,51,Salaried,895000.0,24,678,1,10300.0,922000.0,240,1,0.19,0,0.0,1
TRAD-002501,25,Salaried,506000.0,15,854,0,0.0,801000.0,24,3,0.792,0,891000.0,1
TRAD-002502,54,Self-Employed,717000.0,1,688,2,28400.0,2609000.0,60,2,1.203,1,56000.0,0
TRAD-002503,25,Salaried,646000.0,22,826,1,7900.0,102000.0,120,1,0.163,0,522000.0,1
TRAD-002504,23,Salaried,491000.0,4,549,0,0.0,50000.0,36,3,0.034,1,661000.0,0
TRAD-002505,26,Salaried,503000.0,1,900,1,3800.0,486000.0,240,2,0.139,0,415000.0,1
TRAD-002506,41,Salaried,732000.0,17,665,2,0.0,50000.0,60,3,0.014,0,0.0,1
TRAD-002507,48,Salaried,376000.0,12,767,0,0.0,428000.0,48,0,0.285,0,63000.0,1
TRAD-002508,38,Self-Employed,776000.0,9,782,1,7700.0,57000.0,240,0,0.123,0,389000.0,1
TRAD-002509,26,Salaried,518000.0,29,653,1,10000.0,312000.0,84,3,0.318,0,459000.0,1
TRAD-002510,29,Self-Employed,686000.0,2,778,2,8200.0,208000.0,12,4,0.447,1,255000.0,0
TRAD-002511,58,Salaried,1038000.0,1,783,1,3900.0,1526000.0,12,0,1.515,0,319000.0,0
TRAD-002512,63,Business Owner,603000.0,17,632,1,6100.0,868000.0,240,0,0.193,0,0.0,1
TRAD-002513,54,Salaried,908000.0,12,633,0,0.0,1599000.0,84,1,0.252,0,744000.0,1
TRAD-002514,25,Salaried,148000.0,24,704,0,0.0,926000.0,180,0,0.417,0,206000.0,0
TRAD-002515,57,Salaried,518000.0,1,689,2,15300.0,1504000.0,240,1,0.5,0,497000.0,0
TRAD-002516,51,Salaried,658000.0,12,832,2,12000.0,704000.0,120,3,0.326,0,651000.0,1
TRAD-002517,44,Salaried,1189000.0,4,767,0,0.0,1936000.0,240,3,0.081,0,11000.0,1
TRAD-002518,27,Self-Employed,120000.0,1,693,0,0.0,1206000.0,240,3,0.502,0,332000.0,0
TRAD-002519,64,Salaried,623000.0,13,758,0,0.0,393000.0,48,2,0.158,1,369000.0,1
TRAD-002520,40,Salaried,1058000.0,22,506,1,11700.0,1302000.0,84,0,0.309,1,235000.0,0
TRAD-002521,22,Salaried,430000.0,4,642,1,8000.0,918000.0,180,2,0.366,0,532000.0,0
TRAD-002522,30,Self-Employed,590000.0,25,727,0,0.0,768000.0,240,4,0.065,0,133000.0,1
TRAD-002523,38,Business Owner,743000.0,15,806,2,17600.0,962000.0,180,1,0.371,1,314000.0,1
TRAD-002524,23,Self-Employed,702000.0,14,719,1,11600.0,1388000.0,180,2,0.33,0,207000.0,1
TRAD-002525,35,Self-Employed,1088000.0,27,839,2,10900.0,50000.0,36,1,0.136,0,881000.0,1
TRAD-002526,41,Self-Employed,776000.0,9,782,2,22000.0,672000.0,48,1,0.557,0,134000.0,1
TRAD-002527,62,Self-Employed,1022000.0,6,654,1,19000.0,1344000.0,180,2,0.311,0,486000.0,1
TRAD-002528,24,Salaried,549000.0,23,687,2,19500.0,1061000.0,24,0,1.393,0,749000.0,0
TRAD-002529,46,Self-Employed,443000.0,3,739,1,9100.0,168000.0,24,0,0.436,0,70000.0,0
TRAD-002530,61,Self-Employed,587000.0,26,657,1,8700.0,50000.0,180,0,0.184,0,324000.0,1
TRAD-002531,56,Salaried,325000.0,24,845,0,0.0,2006000.0,240,3,0.309,0,53000.0,1
TRAD-002532,61,Self-Employed,785000.0,29,595,1,2600.0,778000.0,48,4,0.288,0,0.0,1
TRAD-002533,28,Salaried,542000.0,13,730,2,31600.0,1884000.0,180,2,0.931,0,104000.0,0
TRAD-002534,56,Salaried,462000.0,18,770,0,0.0,1417000.0,48,3,0.767,0,157000.0,0
TRAD-002535,64,Salaried,790000.0,26,670,0,0.0,384000.0,60,4,0.097,0,172000.0,1
TRAD-002536,35,Self-Employed,330000.0,3,649,1,9100.0,50000.0,240,3,0.338,0,225000.0,0
TRAD-002537,42,Business Owner,866000.0,9,693,1,6800.0,600000.0,48,1,0.267,1,302000.0,1
TRAD-002538,44,Salaried,516000.0,14,777,0,0.0,876000.0,180,3,0.113,0,1000.0,1
TRAD-002539,42,Salaried,975000.0,18,653,1,9200.0,1193000.0,240,1,0.174,0,388000.0,1
TRAD-002540,33,Salaried,540000.0,20,598,0,0.0,178000.0,120,4,0.033,0,603000.0,1
TRAD-002541,63,Salaried,827000.0,27,809,1,4900.0,1016000.0,12,4,1.3,0,633000.0,1
TRAD-002542,63,Business Owner,700000.0,14,738,0,0.0,1015000.0,240,0,0.073,0,235000.0,1
TRAD-002543,37,Salaried,858000.0,5,796,1,13600.0,1541000.0,60,4,0.549,0,523000.0,1
TRAD-002544,56,Salaried,681000.0,5,772,3,20600.0,701000.0,36,1,0.706,0,130000.0,0
TRAD-002545,38,Salaried,184000.0,24,900,1,0.0,1188000.0,60,2,1.291,0,214000.0,0
TRAD-002546,55,Business Owner,932000.0,13,806,1,8400.0,1087000.0,48,3,0.4,0,400000.0,1
TRAD-002547,46,Salaried,625000.0,18,631,0,0.0,1469000.0,48,0,0.588,0,216000.0,1
TRAD-002548,41,Self-Employed,871000.0,16,745,2,24800.0,367000.0,120,0,0.384,0,0.0,1
TRAD-002549,26,Salaried,843000.0,24,647,0,0.0,50000.0,24,2,0.03,0,508000.0,1
TRAD-002550,49,Salaried,433000.0,6,657,1,8800.0,746000.0,84,2,0.49,0,93000.0,0
TRAD-002551,35,Self-Employed,394000.0,5,566,2,23400.0,750000.0,36,2,1.347,0,170000.0,0
TRAD-002552,30,Salaried,833000.0,22,673,1,2000.0,148000.0,180,4,0.041,0,565000.0,1
TRAD-002553,29,Self-Employed,565000.0,13,752,1,5600.0,50000.0,240,1,0.123,0,434000.0,1
TRAD-002554,64,Salaried,912000.0,24,694,0,0.0,526000.0,60,3,0.115,0,344000.0,1
TRAD-002555,25,Self-Employed,600000.0,3,596,0,0.0,825000.0,180,0,0.092,1,0.0,0
TRAD-002556,56,Self-Employed,937000.0,8,555,1,7200.0,962000.0,36,2,0.434,0,9000.0,0
TRAD-002557,59,Self-Employed,769000.0,28,900,3,45800.0,50000.0,180,2,0.719,0,399000.0,1
TRAD-002558,22,Salaried,731000.0,25,731,1,6000.0,50000.0,60,2,0.112,0,458000.0,1
TRAD-002559,46,Self-Employed,545000.0,1,622,0,0.0,1634000.0,60,0,0.6,0,363000.0,0
TRAD-002560,46,Business Owner,715000.0,24,744,2,24000.0,777000.0,12,0,1.49,0,182000.0,0
TRAD-002561,36,Salaried,984000.0,1,900,0,0.0,898000.0,84,4,0.13,0,173000.0,1
TRAD-002562,50,Salaried,635000.0,3,759,0,0.0,50000.0,180,4,0.005,0,354000.0,1
TRAD-002563,38,Business Owner,799000.0,26,435,1,11800.0,897000.0,60,0,0.402,0,0.0,0
TRAD-002564,40,Salaried,663000.0,3,900,0,0.0,656000.0,24,1,0.495,0,323000.0,1
TRAD-002565,39,Self-Employed,685000.0,9,524,1,8000.0,498000.0,120,4,0.213,0,0.0,0
TRAD-002566,56,Self-Employed,1133000.0,4,680,2,16200.0,50000.0,84,0,0.178,0,37000.0,1
TRAD-002567,48,Salaried,986000.0,17,592,1,7200.0,335000.0,180,2,0.11,0,345000.0,1
TRAD-002568,37,Self-Employed,672000.0,1,630,0,0.0,2182000.0,240,1,0.162,0,446000.0,1
TRAD-002569,61,Self-Employed,710000.0,8,727,1,1800.0,673000.0,36,4,0.346,0,385000.0,1
TRAD-002570,56,Salaried,453000.0,9,503,1,4100.0,1413000.0,36,3,1.148,0,21000.0,0
TRAD-002571,62,Business Owner,602000.0,19,691,1,8300.0,772000.0,240,3,0.23,0,0.0,1
TRAD-002572,53,Salaried,737000.0,14,809,2,100.0,697000.0,24,0,0.474,0,298000.0,1
TRAD-002573,38,Salaried,888000.0,5,620,1,1000.0,487000.0,240,0,0.041,0,0.0,1
TRAD-002574,55,Business Owner,860000.0,13,568,1,7700.0,1775000.0,24,3,1.139,0,536000.0,0
TRAD-002575,35,Salaried,339000.0,13,687,2,17000.0,1142000.0,48,1,1.444,0,30000.0,0
TRAD-002576,32,Business Owner,924000.0,10,668,3,23200.0,387000.0,24,2,0.511,0,859000.0,1
TRAD-002577,40,Salaried,625000.0,16,643,1,0.0,644000.0,240,0,0.052,1,60000.0,1
TRAD-002578,63,Salaried,374000.0,9,587,1,15200.0,1599000.0,60,0,1.343,0,416000.0,0
TRAD-002579,45,Salaried,1024000.0,10,749,2,6500.0,50000.0,180,3,0.079,0,116000.0,1
TRAD-002580,37,Self-Employed,1060000.0,23,757,0,0.0,1102000.0,12,0,1.04,0,258000.0,1
TRAD-002581,41,Self-Employed,724000.0,7,599,0,0.0,1249000.0,12,0,1.725,0,346000.0,0
TRAD-002582,33,Business Owner,848000.0,9,612,2,28400.0,413000.0,60,4,0.499,0,515000.0,1
TRAD-002583,49,Business Owner,865000.0,4,713,1,10700.0,1000000.0,12,3,1.305,0,555000.0,0
TRAD-002584,36,Self-Employed,1041000.0,20,608,2,14200.0,1227000.0,60,1,0.399,0,482000.0,1
TRAD-002585,45,Self-Employed,854000.0,21,717,1,6800.0,100000.0,120,4,0.107,0,559000.0,1
TRAD-002586,37,Salaried,278000.0,20,839,0,0.0,1447000.0,60,4,1.041,0,146000.0,1
TRAD-002587,35,Business Owner,1213000.0,5,694,0,0.0,1093000.0,180,2,0.06,0,462000.0,1
TRAD-002588,63,Self-Employed,948000.0,13,585,2,21000.0,801000.0,12,2,1.111,0,215000.0,0
TRAD-002589,36,Business Owner,507000.0,8,737,2,13600.0,968000.0,36,3,0.958,0,547000.0,0
TRAD-002590,24,Salaried,362000.0,22,683,0,0.0,1360000.0,24,0,1.878,0,329000.0,0
TRAD-002591,37,Salaried,791000.0,10,686,0,0.0,2405000.0,60,4,0.608,0,455000.0,1
TRAD-002592,44,Self-Employed,572000.0,12,745,0,0.0,1296000.0,48,0,0.566,0,373000.0,1
TRAD-002593,25,Salaried,742000.0,13,766,2,1600.0,1427000.0,60,3,0.411,0,490000.0,1
TRAD-002594,34,Salaried,858000.0,22,703,1,8000.0,1026000.0,24,2,0.71,1,98000.0,0
TRAD-002595,28,Business Owner,491000.0,21,694,0,0.0,2136000.0,60,0,0.87,1,0.0,0
TRAD-002596,43,Salaried,337000.0,24,896,0,0.0,50000.0,120,2,0.015,0,547000.0,1
TRAD-002597,52,Salaried,758000.0,12,814,0,0.0,50000.0,12,1,0.066,0,636000.0,1
TRAD-002598,63,Salaried,501000.0,24,779,0,0.0,999000.0,180,4,0.133,1,271000.0,1
TRAD-002599,38,Salaried,691000.0,26,712,0,0.0,1329000.0,24,2,0.962,0,503000.0,1
TRAD-002600,58,Self-Employed,274000.0,15,604,1,13700.0,50000.0,180,1,0.612,0,0.0,0
TRAD-002601,30,Business Owner,579000.0,20,807,1,7200.0,898000.0,180,1,0.253,0,145000.0,1
TRAD-002602,55,Business Owner,850000.0,27,714,1,18400.0,783000.0,60,0,0.444,0,320000.0,1
TRAD-002603,45,Self-Employed,820000.0,25,645,1,9100.0,1384000.0,12,2,1.821,0,0.0,0
TRAD-002604,54,Self-Employed,429000.0,8,677,1,10400.0,1179000.0,48,2,0.978,0,0.0,0
TRAD-002605,54,Salaried,323000.0,21,608,0,0.0,50000.0,84,4,0.022,0,339000.0,1
TRAD-002606,44,Business Owner,654000.0,13,800,2,20700.0,198000.0,48,3,0.456,0,149000.0,1
TRAD-002607,32,Salaried,807000.0,4,765,1,13400.0,376000.0,84,2,0.266,1,213000.0,0
TRAD-002608,44,Salaried,763000.0,11,717,1,13400.0,1380000.0,180,1,0.331,0,198000.0,1
TRAD-002609,57,Business Owner,507000.0,29,696,2,3900.0,1144000.0,240,1,0.205,1,0.0,0
TRAD-002610,63,Business Owner,733000.0,28,635,1,12400.0,497000.0,48,3,0.373,0,246000.0,1
TRAD-002611,61,Salaried,1071000.0,23,498,0,0.0,994000.0,240,0,0.046,1,297000.0,1
TRAD-002612,28,Self-Employed,707000.0,29,566,1,9100.0,212000.0,36,0,0.254,0,154000.0,1
TRAD-002613,47,Salaried,193000.0,17,629,0,0.0,2232000.0,240,4,0.578,0,175000.0,0
TRAD-002614,25,Salaried,707000.0,22,615,1,16000.0,1273000.0,24,0,1.172,0,249000.0,0
TRAD-002615,50,Salaried,1222000.0,4,727,0,0.0,1411000.0,60,1,0.231,1,505000.0,0
TRAD-002616,64,Salaried,290000.0,8,777,0,0.0,1795000.0,120,2,0.619,0,276000.0,1
TRAD-002617,23,Salaried,658000.0,5,688,1,4200.0,1561000.0,12,0,2.449,0,0.0,0
TRAD-002618,49,Salaried,587000.0,28,834,1,12000.0,920000.0,48,3,0.637,1,2000.0,0
TRAD-002619,62,Salaried,677000.0,18,626,1,14400.0,780000.0,36,2,0.639,0,533000.0,1
TRAD-002620,58,Salaried,704000.0,27,687,0,0.0,1737000.0,180,0,0.164,1,129000.0,1
TRAD-002621,38,Business Owner,969000.0,12,695,2,26700.0,917000.0,60,2,0.52,0,278000.0,1
TRAD-002622,25,Self-Employed,674000.0,12,804,0,0.0,413000.0,12,4,0.613,0,781000.0,1
TRAD-002623,61,Business Owner,1008000.0,20,710,1,1800.0,2178000.0,12,1,2.182,0,458000.0,0
TRAD-002624,61,Salaried,617000.0,17,713,0,0.0,292000.0,12,3,0.473,1,0.0,0
TRAD-002625,46,Self-Employed,552000.0,11,543,2,25300.0,50000.0,12,2,0.641,0,661000.0,0
TRAD-002626,64,Business Owner,463000.0,9,615,2,15200.0,1545000.0,60,2,1.061,0,337000.0,0
TRAD-002627,21,Salaried,141000.0,15,804,1,4800.0,425000.0,36,2,1.413,0,392000.0,0
TRAD-002628,48,Salaried,727000.0,2,503,1,15800.0,1183000.0,24,2,1.074,0,376000.0,0
TRAD-002629,22,Salaried,1225000.0,5,828,0,0.0,2081000.0,48,0,0.425,0,528000.0,1
TRAD-002630,62,Salaried,778000.0,1,747,2,27300.0,50000.0,48,2,0.437,0,280000.0,0
TRAD-002631,50,Salaried,842000.0,4,629,0,0.0,873000.0,84,2,0.148,1,0.0,0
TRAD-002632,61,Salaried,534000.0,5,621,0,0.0,1864000.0,60,3,0.698,1,381000.0,0
TRAD-002633,45,Salaried,582000.0,2,880,2,21100.0,1343000.0,240,3,0.55,0,0.0,1
TRAD-002634,24,Self-Employed,926000.0,1,834,0,0.0,783000.0,48,2,0.211,0,754000.0,1
TRAD-002635,22,Salaried,1212000.0,24,689,1,15000.0,2453000.0,48,1,0.654,1,209000.0,0
TRAD-002636,35,Salaried,1067000.0,5,713,0,0.0,838000.0,48,3,0.196,0,287000.0,1
TRAD-002637,53,Self-Employed,875000.0,16,639,1,11100.0,1158000.0,12,4,1.476,0,131000.0,0
TRAD-002638,27,Salaried,660000.0,2,713,2,7100.0,1972000.0,120,4,0.428,0,385000.0,0
TRAD-002639,58,Salaried,709000.0,28,636,1,3500.0,1538000.0,60,1,0.493,0,414000.0,1
TRAD-002640,31,Salaried,439000.0,7,693,1,6700.0,1759000.0,48,1,1.185,0,130000.0,0
TRAD-002641,42,Salaried,245000.0,22,872,3,31900.0,315000.0,48,2,1.884,0,413000.0,0
TRAD-002642,29,Salaried,334000.0,19,691,2,31400.0,1698000.0,60,3,2.145,0,317000.0,0
TRAD-002643,41,Salaried,664000.0,23,600,1,16400.0,1010000.0,240,3,0.372,0,276000.0,1
TRAD-002644,40,Salaried,568000.0,18,570,2,15200.0,415000.0,48,3,0.504,0,112000.0,0
TRAD-002645,21,Business Owner,239000.0,15,712,1,10200.0,1044000.0,48,2,1.604,0,879000.0,0
TRAD-002646,45,Business Owner,640000.0,23,628,1,12800.0,1024000.0,24,4,1.04,0,596000.0,0
TRAD-002647,55,Salaried,561000.0,24,723,2,24100.0,2114000.0,36,0,1.772,0,482000.0,0
TRAD-002648,62,Salaried,322000.0,11,546,0,0.0,1148000.0,120,1,0.357,0,582000.0,0
TRAD-002649,35,Salaried,546000.0,28,766,1,9300.0,392000.0,120,2,0.276,0,375000.0,1
TRAD-002650,59,Business Owner,560000.0,29,599,4,34200.0,243000.0,180,2,0.762,0,213000.0,0
TRAD-002651,59,Business Owner,477000.0,21,704,2,16300.0,869000.0,60,4,0.774,0,0.0,0
TRAD-002652,64,Salaried,909000.0,27,668,1,7600.0,50000.0,240,3,0.103,0,0.0,1
TRAD-002653,37,Salaried,120000.0,3,863,2,17000.0,435000.0,60,2,2.425,0,841000.0,0
TRAD-002654,58,Salaried,120000.0,16,716,1,7400.0,741000.0,24,2,3.0,0,590000.0,0
TRAD-002655,45,Business Owner,651000.0,19,885,1,4500.0,626000.0,24,0,0.564,0,351000.0,1
TRAD-002656,23,Business Owner,677000.0,27,753,0,0.0,1372000.0,60,1,0.405,0,0.0,1
TRAD-002657,32,Salaried,763000.0,3,835,0,0.0,420000.0,48,0,0.138,0,459000.0,1
TRAD-002658,50,Self-Employed,499000.0,24,680,1,16500.0,50000.0,12,0,0.497,0,230000.0,1
TRAD-002659,28,Salaried,393000.0,2,733,1,10500.0,50000.0,12,2,0.448,0,474000.0,0
TRAD-002660,40,Self-Employed,648000.0,10,816,0,0.0,888000.0,84,0,0.196,1,22000.0,1
TRAD-002661,55,Business Owner,526000.0,20,786,2,13000.0,519000.0,120,0,0.395,0,178000.0,1
TRAD-002662,27,Salaried,1084000.0,8,750,0,0.0,96000.0,24,4,0.044,0,521000.0,1
TRAD-002663,42,Salaried,559000.0,25,669,0,0.0,2173000.0,36,4,1.296,0,782000.0,0
TRAD-002664,30,Self-Employed,635000.0,27,685,2,16000.0,1439000.0,60,2,0.756,1,135000.0,0
TRAD-002665,44,Salaried,1343000.0,4,808,2,6200.0,862000.0,24,4,0.376,0,50000.0,1
TRAD-002666,31,Business Owner,595000.0,7,828,0,0.0,1052000.0,180,0,0.118,0,556000.0,1
TRAD-002667,63,Salaried,806000.0,2,644,2,18100.0,728000.0,84,4,0.399,0,0.0,0
TRAD-002668,24,Business Owner,831000.0,21,629,2,23900.0,85000.0,48,2,0.371,0,3000.0,1
TRAD-002669,63,Salaried,855000.0,26,614,0,0.0,1570000.0,84,1,0.262,0,366000.0,1
TRAD-002670,55,Salaried,731000.0,18,779,2,20100.0,1453000.0,24,3,1.324,0,821000.0,1
TRAD-002671,58,Salaried,704000.0,3,612,2,19800.0,50000.0,36,2,0.361,0,88000.0,0
TRAD-002672,58,Salaried,678000.0,5,778,1,7200.0,1047000.0,60,3,0.436,0,208000.0,0
TRAD-002673,29,Salaried,489000.0,1,752,0,0.0,1119000.0,240,1,0.114,0,328000.0,0
TRAD-002674,61,Self-Employed,741000.0,14,648,0,0.0,691000.0,180,2,0.062,0,182000.0,1
TRAD-002675,47,Salaried,1218000.0,21,849,0,0.0,2263000.0,84,0,0.265,0,0.0,1
TRAD-002676,63,Salaried,989000.0,4,561,3,40500.0,2193000.0,48,1,1.046,0,500000.0,0
TRAD-002677,59,Salaried,735000.0,25,858,0,0.0,655000.0,240,2,0.045,0,347000.0,1
TRAD-002678,46,Salaried,890000.0,7,730,1,4500.0,755000.0,24,4,0.485,0,392000.0,1
TRAD-002679,37,Business Owner,407000.0,15,503,0,0.0,679000.0,36,0,0.556,0,265000.0,0
TRAD-002680,26,Business Owner,577000.0,20,851,0,0.0,503000.0,48,2,0.218,0,678000.0,1
TRAD-002681,25,Salaried,915000.0,16,792,0,0.0,302000.0,60,0,0.066,0,174000.0,1
TRAD-002682,38,Self-Employed,1066000.0,14,659,0,0.0,1229000.0,120,2,0.115,0,31000.0,1
TRAD-002683,56,Self-Employed,434000.0,10,608,0,0.0,2175000.0,48,4,1.253,1,716000.0,0
TRAD-002684,43,Business Owner,515000.0,12,551,1,1900.0,1908000.0,240,1,0.23,0,0.0,0
TRAD-002685,42,Salaried,1261000.0,7,900,1,4600.0,1413000.0,48,3,0.324,0,262000.0,1
TRAD-002686,31,Salaried,677000.0,8,612,1,9600.0,50000.0,84,1,0.181,0,281000.0,1
TRAD-002687,45,Salaried,1161000.0,22,580,0,0.0,50000.0,12,4,0.043,0,271000.0,1
TRAD-002688,49,Business Owner,708000.0,26,725,0,0.0,1592000.0,24,3,1.124,0,0.0,0
TRAD-002689,64,Self-Employed,719000.0,25,544,2,23000.0,1953000.0,24,1,1.742,0,4000.0,0
TRAD-002690,53,Salaried,564000.0,9,607,2,7700.0,1260000.0,12,1,2.398,0,539000.0,0
TRAD-002691,47,Salaried,914000.0,9,795,1,9500.0,701000.0,180,4,0.176,1,646000.0,1
TRAD-002692,61,Self-Employed,1030000.0,1,744,2,8300.0,1779000.0,84,2,0.343,0,196000.0,0
TRAD-002693,39,Business Owner,360000.0,8,663,1,14500.0,1390000.0,180,1,0.741,0,67000.0,0
TRAD-002694,62,Salaried,551000.0,17,702,3,29500.0,1639000.0,36,2,1.634,0,0.0,0
TRAD-002695,37,Self-Employed,906000.0,8,658,1,6400.0,50000.0,12,0,0.14,0,535000.0,1
TRAD-002696,26,Salaried,614000.0,22,694,1,4000.0,1123000.0,36,0,0.688,0,550000.0,1
TRAD-002697,39,Salaried,512000.0,1,628,2,21100.0,2053000.0,12,2,3.0,0,0.0,0
TRAD-002698,26,Salaried,933000.0,12,645,2,28900.0,1243000.0,36,1,0.816,0,0.0,0
TRAD-002699,26,Self-Employed,959000.0,8,642,0,0.0,1516000.0,12,2,1.581,0,334000.0,0
TRAD-002700,59,Business Owner,524000.0,14,631,0,0.0,924000.0,24,1,0.882,0,367000.0,0
TRAD-002701,55,Salaried,709000.0,0,799,2,12000.0,969000.0,84,2,0.398,0,181000.0,0
TRAD-002702,30,Salaried,312000.0,12,773,0,0.0,1812000.0,240,3,0.29,0,292000.0,1
TRAD-002703,57,Salaried,399000.0,23,611,1,1400.0,465000.0,36,3,0.431,0,238000.0,1
TRAD-002704,24,Salaried,685000.0,25,587,1,14100.0,401000.0,240,1,0.276,0,307000.0,1
TRAD-002705,33,Salaried,659000.0,7,685,3,22500.0,589000.0,120,1,0.499,1,75000.0,0
TRAD-002706,52,Salaried,379000.0,12,900,2,17400.0,915000.0,24,3,1.758,0,297000.0,0
TRAD-002707,34,Salaried,450000.0,20,602,0,0.0,50000.0,12,4,0.111,0,131000.0,0
TRAD-002708,53,Salaried,352000.0,13,685,0,0.0,1375000.0,24,2,1.953,0,111000.0,0
TRAD-002709,59,Salaried,777000.0,16,708,1,6100.0,793000.0,120,0,0.196,0,0.0,1
TRAD-002710,23,Self-Employed,120000.0,10,690,4,52900.0,1455000.0,120,2,3.0,0,256000.0,0
TRAD-002711,22,Salaried,367000.0,25,656,0,0.0,50000.0,180,3,0.009,0,501000.0,1
TRAD-002712,62,Self-Employed,128000.0,18,810,0,0.0,1457000.0,60,4,2.277,0,219000.0,0
TRAD-002713,43,Business Owner,767000.0,28,743,1,11700.0,1769000.0,12,4,2.489,0,212000.0,0
TRAD-002714,43,Self-Employed,145000.0,23,780,1,7600.0,1185000.0,240,3,1.038,0,614000.0,0
TRAD-002715,41,Salaried,659000.0,11,756,0,0.0,920000.0,180,2,0.093,0,556000.0,1
TRAD-002716,40,Salaried,1109000.0,9,785,3,45300.0,1462000.0,120,0,0.622,0,734000.0,1
TRAD-002717,51,Self-Employed,1119000.0,2,851,0,0.0,1726000.0,240,4,0.077,1,864000.0,1
TRAD-002718,46,Salaried,144000.0,18,826,2,25400.0,1240000.0,36,2,3.0,0,315000.0,0
TRAD-002719,28,Salaried,734000.0,22,900,1,10800.0,1288000.0,60,3,0.528,0,11000.0,1
TRAD-002720,48,Salaried,373000.0,10,816,1,8200.0,1977000.0,60,3,1.324,0,170000.0,0
TRAD-002721,50,Salaried,316000.0,0,636,1,10500.0,1395000.0,36,0,1.87,0,443000.0,0
TRAD-002722,25,Salaried,618000.0,24,780,2,20000.0,380000.0,240,1,0.419,0,660000.0,1
TRAD-002723,37,Self-Employed,994000.0,6,767,0,0.0,1723000.0,84,3,0.248,0,38000.0,1
TRAD-002724,55,Salaried,818000.0,17,882,1,6600.0,820000.0,240,2,0.147,0,364000.0,1
TRAD-002725,48,Salaried,450000.0,1,608,2,9600.0,922000.0,36,3,0.939,0,102000.0,0
TRAD-002726,27,Business Owner,847000.0,1,753,1,7900.0,969000.0,60,2,0.341,1,263000.0,0
TRAD-002727,22,Salaried,120000.0,26,635,3,43100.0,1530000.0,240,0,3.0,0,260000.0,0
TRAD-002728,46,Self-Employed,439000.0,20,749,0,0.0,2037000.0,24,1,2.32,0,395000.0,0
TRAD-002729,41,Salaried,419000.0,0,680,1,3300.0,916000.0,60,2,0.532,0,808000.0,0
TRAD-002730,63,Salaried,672000.0,3,746,1,7900.0,2025000.0,180,1,0.342,0,419000.0,1
TRAD-002731,43,Business Owner,593000.0,14,566,0,0.0,1007000.0,180,0,0.113,0,193000.0,1
TRAD-002732,61,Salaried,610000.0,20,775,1,12000.0,1811000.0,120,0,0.533,0,151000.0,1
TRAD-002733,30,Salaried,601000.0,12,720,1,6400.0,1029000.0,84,1,0.372,0,252000.0,1
TRAD-002734,40,Business Owner,656000.0,26,714,0,0.0,580000.0,12,4,0.884,0,82000.0,0
TRAD-002735,27,Self-Employed,801000.0,19,885,0,0.0,2149000.0,36,4,0.894,0,335000.0,1
TRAD-002736,46,Self-Employed,692000.0,18,664,3,33800.0,518000.0,180,4,0.636,0,0.0,0
TRAD-002737,29,Salaried,570000.0,8,733,2,19900.0,474000.0,60,4,0.585,1,247000.0,0
TRAD-002738,42,Salaried,762000.0,20,710,1,5500.0,84000.0,48,4,0.114,0,267000.0,1
TRAD-002739,36,Self-Employed,881000.0,26,719,2,32000.0,1724000.0,180,3,0.566,1,10000.0,0
TRAD-002740,29,Salaried,494000.0,1,900,3,25800.0,1877000.0,48,0,1.577,0,204000.0,0
TRAD-002741,25,Salaried,633000.0,22,706,3,29300.0,1143000.0,48,1,1.007,0,580000.0,1
TRAD-002742,43,Self-Employed,975000.0,26,646,2,12700.0,260000.0,48,3,0.223,1,598000.0,1
TRAD-002743,62,Salaried,341000.0,12,878,1,13400.0,896000.0,48,1,1.128,0,167000.0,0
TRAD-002744,29,Salaried,1155000.0,22,671,1,11300.0,703000.0,60,1,0.239,0,431000.0,1
TRAD-002745,38,Salaried,275000.0,10,548,1,10300.0,230000.0,240,0,0.491,0,0.0,0
TRAD-002746,30,Salaried,553000.0,5,630,0,0.0,582000.0,240,1,0.053,0,226000.0,1
TRAD-002747,56,Self-Employed,384000.0,24,582,0,0.0,1229000.0,48,1,0.8,0,358000.0,0
TRAD-002748,39,Business Owner,1263000.0,9,529,0,0.0,507000.0,48,4,0.1,0,682000.0,1
TRAD-002749,63,Salaried,509000.0,22,666,0,0.0,1090000.0,180,3,0.143,0,598000.0,1
TRAD-002750,31,Salaried,510000.0,9,693,1,9100.0,50000.0,84,0,0.228,0,352000.0,1
TRAD-002751,24,Salaried,546000.0,11,812,0,0.0,1991000.0,24,2,1.823,0,72000.0,0
TRAD-002752,46,Salaried,677000.0,20,760,0,0.0,646000.0,60,4,0.191,0,640000.0,1
TRAD-002753,49,Salaried,558000.0,10,755,0,0.0,1466000.0,180,2,0.175,0,215000.0,1
TRAD-002754,64,Business Owner,613000.0,24,615,0,0.0,1023000.0,48,4,0.417,0,412000.0,1
TRAD-002755,59,Salaried,120000.0,1,784,2,8500.0,1162000.0,84,0,2.233,0,269000.0,0
TRAD-002756,59,Salaried,666000.0,0,832,1,7500.0,164000.0,120,1,0.16,0,798000.0,1
TRAD-002757,48,Business Owner,655000.0,2,737,2,13700.0,406000.0,24,4,0.561,0,147000.0,0
TRAD-002758,36,Salaried,941000.0,7,740,0,0.0,420000.0,240,3,0.022,1,529000.0,1
TRAD-002759,39,Business Owner,1017000.0,1,580,1,3600.0,916000.0,12,1,0.943,0,278000.0,0
TRAD-002760,26,Salaried,597000.0,11,800,0,0.0,1762000.0,24,4,1.476,0,442000.0,0
TRAD-002761,39,Salaried,879000.0,0,869,2,19500.0,1182000.0,36,1,0.714,1,705000.0,0
TRAD-002762,37,Business Owner,342000.0,22,731,1,14100.0,315000.0,12,3,1.416,1,0.0,0
TRAD-002763,22,Salaried,865000.0,4,644,0,0.0,957000.0,84,1,0.158,0,284000.0,1
TRAD-002764,29,Salaried,490000.0,29,685,2,31000.0,848000.0,60,1,1.105,0,76000.0,0
TRAD-002765,44,Salaried,318000.0,25,660,2,20800.0,672000.0,48,1,1.313,0,411000.0,0
TRAD-002766,37,Self-Employed,598000.0,20,666,1,8200.0,890000.0,240,1,0.239,0,473000.0,1
TRAD-002767,64,Self-Employed,1042000.0,23,762,1,12400.0,1396000.0,36,2,0.589,0,182000.0,1
TRAD-002768,42,Salaried,701000.0,23,727,1,3500.0,432000.0,180,4,0.101,0,169000.0,1
TRAD-002769,63,Self-Employed,1069000.0,25,795,1,2200.0,675000.0,84,3,0.115,0,351000.0,1
TRAD-002770,50,Self-Employed,440000.0,16,735,1,12900.0,1538000.0,120,0,0.701,0,0.0,0
TRAD-002771,22,Salaried,943000.0,18,618,1,9800.0,1205000.0,240,2,0.189,0,383000.0,1
TRAD-002772,29,Salaried,467000.0,14,652,2,25700.0,1731000.0,36,2,1.896,0,96000.0,0
TRAD-002773,52,Salaried,713000.0,18,647,0,0.0,1833000.0,24,0,1.285,1,483000.0,0
TRAD-002774,44,Salaried,711000.0,11,682,1,14100.0,50000.0,180,1,0.243,0,0.0,1
TRAD-002775,34,Salaried,835000.0,3,870,2,23400.0,1087000.0,84,4,0.522,0,158000.0,1
TRAD-002776,43,Salaried,720000.0,27,886,0,0.0,570000.0,24,1,0.396,0,112000.0,1
TRAD-002777,60,Salaried,443000.0,20,779,0,0.0,121000.0,240,3,0.014,1,225000.0,1
TRAD-002778,38,Salaried,896000.0,21,711,1,10400.0,387000.0,120,0,0.182,0,644000.0,1
TRAD-002779,22,Self-Employed,1135000.0,8,571,0,0.0,705000.0,60,4,0.124,0,511000.0,1
TRAD-002780,34,Salaried,487000.0,23,721,1,7500.0,709000.0,24,4,0.913,0,180000.0,0
TRAD-002781,62,Business Owner,136000.0,15,625,2,20600.0,506000.0,240,0,2.004,0,180000.0,0
TRAD-002782,54,Business Owner,790000.0,2,855,0,0.0,891000.0,60,3,0.226,0,521000.0,1
TRAD-002783,57,Self-Employed,557000.0,28,547,1,3100.0,2490000.0,84,4,0.705,0,9000.0,0
TRAD-002784,61,Business Owner,613000.0,29,737,1,10200.0,50000.0,12,4,0.281,0,306000.0,1
TRAD-002785,26,Business Owner,806000.0,26,617,2,24700.0,1639000.0,120,3,0.571,0,149000.0,1
TRAD-002786,33,Salaried,522000.0,14,699,1,13300.0,888000.0,180,3,0.419,0,257000.0,0
TRAD-002787,23,Self-Employed,575000.0,6,763,0,0.0,615000.0,180,2,0.071,0,502000.0,1
TRAD-002788,21,Salaried,622000.0,0,797,1,12300.0,50000.0,48,0,0.257,0,133000.0,1
TRAD-002789,57,Self-Employed,1062000.0,22,694,1,13000.0,1396000.0,24,0,0.804,0,544000.0,1
TRAD-002790,62,Salaried,658000.0,26,772,0,0.0,50000.0,48,1,0.019,0,850000.0,1
TRAD-002791,27,Salaried,304000.0,3,637,1,500.0,1438000.0,84,1,0.695,0,451000.0,0
TRAD-002792,52,Salaried,315000.0,20,723,0,0.0,2032000.0,36,4,2.15,0,279000.0,0
TRAD-002793,44,Business Owner,689000.0,0,795,1,5400.0,66000.0,84,4,0.108,0,589000.0,1
TRAD-002794,24,Salaried,334000.0,23,732,0,0.0,1659000.0,240,1,0.248,1,23000.0,0
TRAD-002795,61,Salaried,213000.0,0,650,2,9200.0,917000.0,24,1,2.671,0,680000.0,0
TRAD-002796,59,Salaried,828000.0,29,673,1,18900.0,50000.0,36,3,0.294,0,112000.0,1
TRAD-002797,45,Salaried,842000.0,5,796,1,10800.0,117000.0,60,3,0.182,0,842000.0,1
TRAD-002798,52,Business Owner,547000.0,12,596,0,0.0,1016000.0,24,4,0.929,0,121000.0,0
TRAD-002799,38,Self-Employed,732000.0,20,610,0,0.0,1161000.0,120,3,0.159,0,465000.0,1
TRAD-002800,55,Salaried,703000.0,25,757,2,18000.0,50000.0,12,3,0.378,1,0.0,0
TRAD-002801,40,Salaried,819000.0,10,658,0,0.0,921000.0,12,3,1.125,0,247000.0,0
TRAD-002802,64,Salaried,819000.0,29,562,0,0.0,1435000.0,48,4,0.438,0,30000.0,1
TRAD-002803,23,Salaried,120000.0,0,828,2,10600.0,1549000.0,48,1,3.0,0,0.0,0
TRAD-002804,28,Business Owner,583000.0,14,596,1,10300.0,632000.0,120,1,0.32,0,601000.0,1
TRAD-002805,63,Self-Employed,795000.0,29,681,1,6600.0,1185000.0,24,4,0.845,0,0.0,1
TRAD-002806,33,Salaried,535000.0,8,641,0,0.0,1597000.0,180,0,0.199,1,116000.0,0
TRAD-002807,34,Self-Employed,660000.0,16,672,2,18500.0,1454000.0,24,1,1.438,0,87000.0,0
TRAD-002808,55,Salaried,860000.0,13,616,2,11900.0,1479000.0,240,0,0.252,0,585000.0,1
TRAD-002809,29,Self-Employed,673000.0,11,768,1,11800.0,974000.0,60,4,0.5,0,554000.0,1
TRAD-002810,43,Salaried,1072000.0,23,711,1,10500.0,839000.0,120,4,0.196,0,618000.0,1
TRAD-002811,33,Self-Employed,966000.0,15,793,0,0.0,1077000.0,12,2,1.115,0,103000.0,1
TRAD-002812,29,Salaried,617000.0,21,642,0,0.0,404000.0,120,0,0.065,0,637000.0,1
TRAD-002813,63,Business Owner,595000.0,15,900,1,11500.0,1623000.0,48,1,0.914,0,101000.0,1
TRAD-002814,29,Salaried,120000.0,29,519,1,13800.0,50000.0,60,2,1.463,0,111000.0,0
TRAD-002815,25,Salaried,559000.0,14,549,2,23700.0,572000.0,12,1,1.532,1,125000.0,0
TRAD-002816,50,Salaried,271000.0,23,867,0,0.0,876000.0,84,3,0.462,0,134000.0,1
TRAD-002817,59,Salaried,712000.0,18,745,0,0.0,1205000.0,240,3,0.085,0,277000.0,1
TRAD-002818,26,Salaried,693000.0,24,732,2,19500.0,1327000.0,240,2,0.433,0,90000.0,1
TRAD-002819,52,Self-Employed,845000.0,26,741,1,10400.0,1868000.0,180,3,0.295,0,358000.0,1
TRAD-002820,44,Self-Employed,1041000.0,6,754,1,9200.0,951000.0,120,0,0.197,0,0.0,1
TRAD-002821,57,Salaried,643000.0,9,728,0,0.0,433000.0,24,0,0.337,0,357000.0,1
TRAD-002822,26,Self-Employed,1289000.0,9,608,0,0.0,806000.0,48,1,0.156,0,28000.0,1
TRAD-002823,63,Self-Employed,715000.0,14,778,2,10700.0,692000.0,12,0,1.147,0,133000.0,0
TRAD-002824,48,Salaried,283000.0,14,763,0,0.0,1238000.0,36,0,1.458,0,139000.0,0
TRAD-002825,58,Salaried,493000.0,0,836,1,15800.0,206000.0,36,3,0.524,0,536000.0,0
TRAD-002826,36,Salaried,546000.0,26,868,1,8000.0,786000.0,120,0,0.32,0,426000.0,1
TRAD-002827,62,Salaried,816000.0,25,731,1,10800.0,1955000.0,12,1,2.555,0,259000.0,0
TRAD-002828,48,Self-Employed,385000.0,18,583,4,36500.0,1017000.0,240,3,1.27,0,121000.0,0
TRAD-002829,26,Business Owner,567000.0,9,868,0,0.0,216000.0,120,1,0.038,0,496000.0,1
TRAD-002830,61,Self-Employed,605000.0,24,603,1,9400.0,679000.0,120,1,0.299,0,749000.0,1
TRAD-002831,56,Salaried,525000.0,8,732,2,13900.0,50000.0,84,3,0.331,0,293000.0,0
TRAD-002832,34,Self-Employed,877000.0,9,676,0,0.0,862000.0,36,0,0.328,0,0.0,1
TRAD-002833,45,Self-Employed,830000.0,29,659,0,0.0,1971000.0,60,1,0.475,0,124000.0,1
TRAD-002834,38,Salaried,977000.0,27,773,1,10800.0,129000.0,84,2,0.152,0,440000.0,1
TRAD-002835,44,Business Owner,557000.0,17,723,0,0.0,50000.0,180,0,0.006,0,189000.0,1
TRAD-002836,63,Salaried,987000.0,5,749,1,10600.0,475000.0,120,3,0.177,0,85000.0,1
TRAD-002837,60,Salaried,268000.0,3,623,1,12900.0,1499000.0,180,2,0.95,0,74000.0,0
TRAD-002838,30,Salaried,261000.0,28,683,0,0.0,2008000.0,60,1,1.539,1,323000.0,0
TRAD-002839,63,Salaried,310000.0,7,627,2,18700.0,1191000.0,48,2,1.684,0,0.0,0
TRAD-002840,40,Business Owner,653000.0,20,681,3,33100.0,64000.0,180,0,0.615,0,291000.0,0
TRAD-002841,52,Salaried,987000.0,10,689,0,0.0,886000.0,84,3,0.128,0,322000.0,1
TRAD-002842,54,Salaried,481000.0,14,875,1,19700.0,2063000.0,48,2,1.564,0,188000.0,0
TRAD-002843,42,Salaried,517000.0,29,675,0,0.0,698000.0,48,0,0.338,0,39000.0,1
TRAD-002844,41,Salaried,590000.0,17,498,0,0.0,991000.0,84,3,0.24,0,555000.0,1
TRAD-002845,41,Salaried,810000.0,12,833,1,4200.0,1056000.0,84,2,0.248,1,0.0,1
TRAD-002846,58,Salaried,516000.0,12,743,1,5400.0,50000.0,48,0,0.15,1,343000.0,0
TRAD-002847,37,Self-Employed,501000.0,6,688,0,0.0,1549000.0,24,1,1.546,0,482000.0,0
TRAD-002848,33,Salaried,273000.0,16,658,1,0.0,1455000.0,240,3,0.266,0,340000.0,1
TRAD-002849,36,Self-Employed,490000.0,17,610,0,0.0,50000.0,36,2,0.034,0,608000.0,1
TRAD-002850,29,Salaried,980000.0,2,884,3,35600.0,50000.0,24,1,0.461,0,16000.0,1
TRAD-002851,38,Self-Employed,675000.0,12,705,2,18600.0,270000.0,36,0,0.464,0,102000.0,1
TRAD-002852,26,Business Owner,443000.0,19,535,0,0.0,1386000.0,180,0,0.209,1,185000.0,0
TRAD-002853,24,Salaried,996000.0,1,731,2,5000.0,412000.0,24,1,0.267,1,1123000.0,0
TRAD-002854,52,Salaried,486000.0,29,815,0,0.0,1161000.0,120,1,0.239,0,427000.0,1
TRAD-002855,24,Business Owner,1048000.0,25,715,0,0.0,782000.0,48,3,0.187,0,474000.0,1
TRAD-002856,46,Salaried,1043000.0,19,614,1,8900.0,946000.0,84,2,0.232,0,463000.0,1
TRAD-002857,55,Self-Employed,666000.0,0,606,1,200.0,1222000.0,120,0,0.187,0,320000.0,1
TRAD-002858,52,Salaried,230000.0,15,613,1,7000.0,1077000.0,36,3,1.926,0,562000.0,0
TRAD-002859,40,Salaried,1291000.0,26,845,2,21500.0,888000.0,48,4,0.372,0,0.0,1
TRAD-002860,29,Salaried,758000.0,0,693,1,8900.0,1113000.0,180,4,0.239,0,369000.0,1
TRAD-002861,61,Business Owner,559000.0,23,541,3,29300.0,1041000.0,240,4,0.722,0,407000.0,0
TRAD-002862,57,Salaried,918000.0,25,736,3,35200.0,764000.0,180,2,0.516,0,555000.0,1
TRAD-002863,47,Self-Employed,847000.0,2,713,1,9600.0,620000.0,36,1,0.38,0,11000.0,1
TRAD-002864,24,Self-Employed,1017000.0,6,657,0,0.0,2122000.0,36,0,0.696,1,29000.0,0
TRAD-002865,22,Salaried,465000.0,21,603,1,5600.0,612000.0,240,3,0.21,0,45000.0,1
TRAD-002866,34,Salaried,739000.0,27,599,0,0.0,1789000.0,120,2,0.242,0,431000.0,1
TRAD-002867,27,Salaried,318000.0,23,803,1,10900.0,455000.0,24,3,1.127,0,434000.0,0
TRAD-002868,58,Salaried,837000.0,15,724,0,0.0,1427000.0,84,1,0.244,0,63000.0,1
TRAD-002869,30,Self-Employed,644000.0,18,745,0,0.0,2059000.0,36,0,1.066,0,779000.0,1
TRAD-002870,33,Salaried,729000.0,15,723,3,28600.0,681000.0,24,3,0.938,0,372000.0,0
TRAD-002871,63,Salaried,609000.0,17,731,1,7700.0,466000.0,24,1,0.534,0,331000.0,1
TRAD-002872,57,Self-Employed,580000.0,23,656,1,9800.0,621000.0,48,2,0.47,0,248000.0,1
TRAD-002873,30,Self-Employed,407000.0,1,680,0,0.0,887000.0,36,4,0.726,0,533000.0,0
TRAD-002874,37,Salaried,871000.0,6,811,1,10800.0,1109000.0,180,1,0.234,0,397000.0,1
TRAD-002875,43,Self-Employed,1067000.0,1,834,1,19400.0,874000.0,24,0,0.628,0,772000.0,1
TRAD-002876,50,Salaried,494000.0,23,584,1,5300.0,627000.0,24,3,0.763,1,0.0,0
TRAD-002877,62,Self-Employed,805000.0,21,680,3,65700.0,2170000.0,84,2,1.364,0,0.0,0
TRAD-002878,59,Salaried,771000.0,1,780,1,4000.0,770000.0,48,1,0.312,0,115000.0,1
TRAD-002879,63,Salaried,652000.0,3,879,2,21100.0,497000.0,24,2,0.769,0,438000.0,1
TRAD-002880,22,Salaried,223000.0,7,869,2,8400.0,1440000.0,12,4,3.0,0,193000.0,0
TRAD-002881,31,Self-Employed,286000.0,7,624,0,0.0,1450000.0,12,0,3.0,0,618000.0,0
TRAD-002882,45,Self-Employed,431000.0,15,821,2,25900.0,1818000.0,36,3,2.127,0,202000.0,0
TRAD-002883,23,Salaried,120000.0,14,706,0,0.0,2153000.0,36,2,3.0,1,570000.0,0
TRAD-002884,36,Business Owner,1044000.0,10,799,1,12900.0,1125000.0,84,4,0.302,0,92000.0,1
TRAD-002885,27,Business Owner,753000.0,4,775,1,7300.0,713000.0,120,4,0.211,1,596000.0,0
TRAD-002886,62,Salaried,642000.0,19,580,0,0.0,50000.0,24,0,0.039,0,642000.0,1
TRAD-002887,23,Self-Employed,120000.0,23,752,1,11500.0,290000.0,48,0,1.754,0,159000.0,0
TRAD-002888,27,Salaried,139000.0,19,796,1,9100.0,1036000.0,60,0,2.276,0,422000.0,0
TRAD-002889,29,Business Owner,649000.0,24,698,0,0.0,132000.0,24,0,0.102,0,367000.0,1
TRAD-002890,27,Salaried,1202000.0,27,677,1,7400.0,50000.0,60,1,0.082,1,429000.0,1
TRAD-002891,46,Salaried,454000.0,25,551,2,21300.0,943000.0,12,1,2.64,0,621000.0,0
TRAD-002892,37,Salaried,892000.0,19,765,1,5700.0,1405000.0,36,4,0.602,0,543000.0,1
TRAD-002893,61,Salaried,516000.0,1,720,1,10500.0,740000.0,120,3,0.388,0,429000.0,0
TRAD-002894,32,Self-Employed,665000.0,10,612,1,13800.0,1483000.0,36,1,0.992,0,466000.0,0
TRAD-002895,44,Salaried,990000.0,12,669,1,17200.0,1301000.0,120,2,0.34,0,0.0,1
TRAD-002896,50,Salaried,553000.0,21,715,1,14600.0,1647000.0,12,1,3.0,0,290000.0,0
TRAD-002897,48,Salaried,457000.0,25,647,0,0.0,2313000.0,60,2,1.012,0,25000.0,0
TRAD-002898,56,Business Owner,1047000.0,19,700,0,0.0,2599000.0,240,1,0.124,0,295000.0,1
TRAD-002899,29,Self-Employed,663000.0,10,534,0,0.0,1376000.0,60,3,0.415,0,579000.0,1
TRAD-002900,43,Salaried,956000.0,23,828,1,7100.0,601000.0,180,1,0.131,0,298000.0,1
TRAD-002901,56,Salaried,458000.0,20,702,0,0.0,940000.0,36,4,0.684,0,0.0,0
TRAD-002902,58,Salaried,1044000.0,23,596,2,15500.0,1923000.0,24,4,1.099,0,38000.0,0
TRAD-002903,48,Business Owner,727000.0,17,466,1,10500.0,319000.0,60,0,0.261,0,445000.0,1
TRAD-002904,49,Self-Employed,772000.0,19,798,2,10300.0,1841000.0,36,2,0.955,0,165000.0,1
TRAD-002905,59,Self-Employed,687000.0,10,753,3,43400.0,790000.0,120,4,0.873,0,496000.0,1
TRAD-002906,48,Business Owner,508000.0,11,720,2,15400.0,1048000.0,48,4,0.88,0,0.0,0
TRAD-002907,62,Salaried,650000.0,8,782,0,0.0,375000.0,120,1,0.058,0,395000.0,1
TRAD-002908,26,Self-Employed,526000.0,7,782,0,0.0,50000.0,12,2,0.095,0,408000.0,1
TRAD-002909,36,Salaried,919000.0,19,718,0,0.0,719000.0,48,0,0.196,0,497000.0,1
TRAD-002910,25,Salaried,593000.0,11,676,0,0.0,1747000.0,36,1,0.982,0,136000.0,1
TRAD-002911,24,Salaried,231000.0,4,660,2,13000.0,444000.0,120,1,0.868,0,495000.0,0
TRAD-002912,41,Salaried,180000.0,1,740,1,2700.0,1948000.0,24,1,3.0,0,677000.0,0
TRAD-002913,30,Business Owner,167000.0,25,833,2,9700.0,528000.0,60,1,1.329,0,0.0,0
TRAD-002914,38,Salaried,823000.0,13,690,1,12400.0,206000.0,48,3,0.243,0,313000.0,1
TRAD-002915,40,Business Owner,328000.0,17,840,2,24100.0,1065000.0,120,4,1.206,0,0.0,0
TRAD-002916,48,Self-Employed,734000.0,27,735,0,0.0,1341000.0,48,2,0.457,0,85000.0,1
TRAD-002917,62,Self-Employed,688000.0,3,736,1,6500.0,1022000.0,120,2,0.262,0,105000.0,1
TRAD-002918,58,Business Owner,632000.0,28,900,2,23400.0,998000.0,12,3,2.023,1,283000.0,0
TRAD-002919,37,Salaried,773000.0,21,857,1,14300.0,1942000.0,120,3,0.473,0,394000.0,1
TRAD-002920,35,Salaried,694000.0,19,859,1,8700.0,962000.0,84,2,0.348,0,526000.0,1
TRAD-002921,54,Salaried,120000.0,12,624,1,11200.0,594000.0,24,0,3.0,0,366000.0,0
TRAD-002922,26,Salaried,559000.0,21,900,2,25000.0,164000.0,12,2,0.83,0,468000.0,1
TRAD-002923,44,Business Owner,769000.0,6,692,2,35200.0,1728000.0,36,0,1.298,0,30000.0,0
TRAD-002924,39,Salaried,1109000.0,9,678,0,0.0,623000.0,240,3,0.028,0,564000.0,1
TRAD-002925,29,Salaried,1122000.0,28,495,2,12700.0,687000.0,36,4,0.34,0,0.0,0
TRAD-002926,48,Salaried,268000.0,8,731,0,0.0,1584000.0,60,3,1.182,1,682000.0,0
TRAD-002927,35,Salaried,552000.0,21,597,2,24600.0,2235000.0,60,4,1.345,0,637000.0,0
TRAD-002928,29,Self-Employed,211000.0,27,739,1,8000.0,1063000.0,36,2,2.134,0,488000.0,0
TRAD-002929,49,Salaried,1076000.0,17,590,1,10200.0,811000.0,60,2,0.264,0,857000.0,1
TRAD-002930,28,Self-Employed,934000.0,8,871,0,0.0,896000.0,24,2,0.48,0,0.0,1
TRAD-002931,50,Self-Employed,748000.0,25,752,2,18000.0,604000.0,120,1,0.37,0,495000.0,1
TRAD-002932,28,Self-Employed,697000.0,24,900,3,28300.0,669000.0,24,4,0.967,0,334000.0,1
TRAD-002933,40,Salaried,1037000.0,16,603,0,0.0,672000.0,84,0,0.093,0,361000.0,1
TRAD-002934,56,Self-Employed,989000.0,3,847,2,10200.0,1492000.0,36,4,0.627,1,9000.0,1
TRAD-002935,31,Salaried,974000.0,13,529,1,8400.0,843000.0,84,4,0.227,0,399000.0,1
TRAD-002936,54,Salaried,778000.0,12,720,1,4100.0,1784000.0,60,4,0.522,0,387000.0,1
TRAD-002937,52,Self-Employed,552000.0,5,640,0,0.0,824000.0,84,0,0.213,0,128000.0,1
TRAD-002938,60,Self-Employed,865000.0,12,657,2,16400.0,661000.0,84,4,0.337,0,283000.0,1
TRAD-002939,28,Salaried,878000.0,4,651,1,13300.0,1731000.0,36,1,0.839,0,0.0,0
TRAD-002940,52,Business Owner,597000.0,20,613,0,0.0,914000.0,84,1,0.219,1,201000.0,0
TRAD-002941,62,Salaried,552000.0,12,580,1,7200.0,818000.0,36,3,0.65,0,540000.0,0
TRAD-002942,54,Self-Employed,967000.0,21,658,0,0.0,922000.0,48,1,0.238,0,545000.0,1
TRAD-002943,29,Business Owner,1116000.0,13,711,1,15900.0,1853000.0,24,4,1.001,0,492000.0,1
TRAD-002944,57,Salaried,440000.0,21,811,0,0.0,1099000.0,60,2,0.5,0,540000.0,1
TRAD-002945,25,Business Owner,576000.0,21,728,2,13000.0,1712000.0,180,0,0.469,0,543000.0,1
TRAD-002946,46,Self-Employed,748000.0,4,811,0,0.0,747000.0,84,1,0.143,0,139000.0,1
TRAD-002947,42,Self-Employed,786000.0,13,560,0,0.0,1608000.0,12,3,2.046,0,385000.0,0
TRAD-002948,44,Self-Employed,504000.0,22,659,0,0.0,1054000.0,12,2,2.091,0,572000.0,0
TRAD-002949,43,Self-Employed,1177000.0,17,768,1,8800.0,1474000.0,36,1,0.507,1,0.0,1
TRAD-002950,22,Salaried,768000.0,6,733,0,0.0,1528000.0,84,1,0.284,0,0.0,1
TRAD-002951,43,Self-Employed,799000.0,24,618,2,18900.0,288000.0,36,3,0.404,0,0.0,1
TRAD-002952,62,Salaried,1142000.0,5,789,0,0.0,947000.0,240,1,0.041,0,0.0,1
TRAD-002953,40,Business Owner,524000.0,29,650,1,3800.0,1522000.0,84,0,0.502,0,37000.0,1
TRAD-002954,33,Salaried,625000.0,21,626,0,0.0,1626000.0,240,2,0.13,0,169000.0,1
TRAD-002955,64,Salaried,299000.0,9,746,0,0.0,1715000.0,240,4,0.287,1,678000.0,1
TRAD-002956,25,Business Owner,602000.0,5,701,1,6300.0,968000.0,12,1,1.734,0,191000.0,0
TRAD-002957,42,Salaried,233000.0,27,650,1,11000.0,1901000.0,180,3,1.11,0,0.0,0
TRAD-002958,43,Salaried,859000.0,15,647,1,13800.0,473000.0,12,2,0.743,0,342000.0,1
TRAD-002959,42,Self-Employed,768000.0,24,598,3,55200.0,50000.0,12,4,0.928,0,253000.0,0
TRAD-002960,61,Salaried,572000.0,24,662,1,7300.0,720000.0,60,3,0.405,0,104000.0,1
TRAD-002961,39,Salaried,622000.0,2,805,0,0.0,1677000.0,60,2,0.539,0,153000.0,0
TRAD-002962,63,Salaried,863000.0,20,723,1,11100.0,194000.0,84,1,0.186,0,567000.0,1
TRAD-002963,23,Salaried,332000.0,10,791,0,0.0,50000.0,12,4,0.151,0,0.0,1
TRAD-002964,53,Salaried,707000.0,27,749,1,15100.0,50000.0,12,0,0.327,0,0.0,1
TRAD-002965,47,Salaried,846000.0,6,642,1,4900.0,1378000.0,180,2,0.178,0,417000.0,1
TRAD-002966,31,Salaried,151000.0,1,543,1,8400.0,50000.0,84,1,0.715,0,147000.0,0
TRAD-002967,31,Salaried,842000.0,19,612,1,12400.0,1257000.0,48,2,0.55,0,688000.0,1
TRAD-002968,52,Salaried,181000.0,16,636,0,0.0,687000.0,24,4,1.898,0,261000.0,0
TRAD-002969,49,Self-Employed,617000.0,16,629,1,11400.0,399000.0,24,0,0.545,0,275000.0,1
TRAD-002970,47,Self-Employed,324000.0,7,793,1,7200.0,251000.0,36,0,0.525,0,497000.0,1
TRAD-002971,23,Salaried,1051000.0,14,792,1,11300.0,1034000.0,60,4,0.326,0,0.0,1
TRAD-002972,47,Salaried,326000.0,28,900,1,12700.0,410000.0,180,3,0.551,0,384000.0,1
TRAD-002973,64,Business Owner,188000.0,22,627,0,0.0,897000.0,48,2,1.193,0,209000.0,0
TRAD-002974,21,Self-Employed,687000.0,29,852,0,0.0,1161000.0,48,1,0.422,0,557000.0,1
TRAD-002975,41,Salaried,534000.0,9,851,2,25900.0,1298000.0,240,3,0.704,0,138000.0,0
TRAD-002976,42,Salaried,229000.0,26,678,0,0.0,1507000.0,12,1,3.0,0,344000.0,0
TRAD-002977,60,Salaried,797000.0,11,745,0,0.0,1007000.0,12,3,1.263,0,210000.0,1
TRAD-002978,33,Business Owner,120000.0,28,818,0,0.0,217000.0,240,2,0.09,0,403000.0,1
TRAD-002979,41,Business Owner,360000.0,25,694,1,12400.0,1203000.0,240,3,0.58,0,237000.0,1
TRAD-002980,52,Business Owner,489000.0,4,687,2,30600.0,1327000.0,48,3,1.429,0,366000.0,0
TRAD-002981,23,Salaried,875000.0,29,640,0,0.0,782000.0,36,2,0.298,1,738000.0,1
TRAD-002982,56,Salaried,1013000.0,18,476,0,0.0,713000.0,24,0,0.352,0,229000.0,1
TRAD-002983,57,Salaried,959000.0,23,707,0,0.0,2509000.0,24,3,1.308,0,401000.0,0
TRAD-002984,52,Salaried,607000.0,17,633,1,13500.0,60000.0,240,3,0.272,0,872000.0,1
TRAD-002985,49,Salaried,120000.0,6,598,0,0.0,1221000.0,120,2,1.018,0,397000.0,0
TRAD-002986,53,Self-Employed,759000.0,29,740,0,0.0,1580000.0,180,2,0.139,1,0.0,1
TRAD-002987,55,Salaried,1062000.0,3,562,1,5300.0,678000.0,60,3,0.188,1,133000.0,0
TRAD-002988,60,Business Owner,995000.0,24,777,1,12800.0,790000.0,84,1,0.268,0,0.0,1
TRAD-002989,39,Salaried,780000.0,6,746,0,0.0,639000.0,240,2,0.041,0,530000.0,1
TRAD-002990,41,Salaried,317000.0,23,662,1,6400.0,900000.0,48,0,0.952,0,277000.0,0
TRAD-002991,49,Business Owner,503000.0,12,694,1,13200.0,1485000.0,60,3,0.905,0,566000.0,0
TRAD-002992,29,Self-Employed,1191000.0,7,587,0,0.0,771000.0,36,0,0.216,1,453000.0,0
TRAD-002993,58,Salaried,253000.0,7,771,0,0.0,2922000.0,60,4,2.31,0,452000.0,0
TRAD-002994,54,Self-Employed,329000.0,9,718,0,0.0,606000.0,24,3,0.921,0,0.0,0
TRAD-002995,48,Salaried,914000.0,27,725,2,11900.0,1795000.0,24,2,1.138,0,426000.0,1
TRAD-002996,34,Salaried,529000.0,23,748,2,4600.0,1254000.0,48,2,0.697,0,642000.0,1
TRAD-002997,36,Salaried,319000.0,20,639,1,10500.0,971000.0,240,0,0.547,0,0.0,0
TRAD-002998,40,Salaried,1078000.0,18,556,1,8700.0,1856000.0,36,3,0.671,0,221000.0,1
TRAD-002999,50,Self-Employed,779000.0,12,791,0,0.0,50000.0,84,1,0.009,0,389000.0,1
TRAD-003000,55,Salaried,543000.0,27,765,1,9700.0,1176000.0,84,3,0.524,0,325000.0,1
TRAD-003001,50,Self-Employed,329000.0,8,649,0,0.0,434000.0,84,4,0.188,0,659000.0,1
TRAD-003002,61,Self-Employed,1223000.0,28,739,1,11000.0,617000.0,24,4,0.36,0,482000.0,1
TRAD-003003,63,Salaried,643000.0,11,820,0,0.0,586000.0,180,4,0.061,0,402000.0,1
TRAD-003004,52,Salaried,1041000.0,10,808,0,0.0,274000.0,180,3,0.018,0,504000.0,1
TRAD-003005,37,Salaried,900000.0,14,646,3,29400.0,50000.0,12,1,0.448,0,491000.0,1
TRAD-003006,47,Self-Employed,504000.0,22,559,0,0.0,1153000.0,48,1,0.572,0,310000.0,0
TRAD-003007,39,Self-Employed,506000.0,21,575,0,0.0,857000.0,180,4,0.113,0,211000.0,1
TRAD-003008,48,Self-Employed,1055000.0,23,670,2,20000.0,705000.0,36,4,0.45,0,548000.0,1
TRAD-003009,56,Salaried,1060000.0,2,839,0,0.0,1393000.0,60,1,0.263,0,114000.0,1
TRAD-003010,37,Salaried,124000.0,4,631,1,7600.0,1194000.0,180,3,1.377,0,282000.0,0
TRAD-003011,43,Salaried,804000.0,25,643,1,15600.0,727000.0,180,4,0.293,0,11000.0,1
TRAD-003012,23,Salaried,616000.0,29,641,2,4400.0,2883000.0,48,4,1.256,0,483000.0,0
TRAD-003013,53,Self-Employed,361000.0,3,649,1,11800.0,1562000.0,120,4,0.825,0,608000.0,0
TRAD-003014,42,Salaried,723000.0,27,699,0,0.0,2489000.0,240,1,0.172,0,66000.0,1
TRAD-003015,41,Salaried,272000.0,7,578,0,0.0,630000.0,60,2,0.463,0,262000.0,0
TRAD-003016,44,Salaried,519000.0,29,803,0,0.0,1062000.0,240,2,0.102,0,180000.0,1
TRAD-003017,30,Salaried,426000.0,29,686,1,12800.0,95000.0,120,4,0.383,0,569000.0,1
TRAD-003018,47,Self-Employed,510000.0,19,900,0,0.0,685000.0,84,4,0.192,0,654000.0,1
TRAD-003019,53,Salaried,630000.0,5,589,0,0.0,520000.0,120,2,0.083,0,180000.0,0
TRAD-003020,36,Business Owner,366000.0,23,851,3,31800.0,2847000.0,24,4,3.0,0,0.0,0
TRAD-003021,26,Business Owner,1090000.0,3,832,1,11700.0,450000.0,12,1,0.542,0,588000.0,1
TRAD-003022,38,Business Owner,788000.0,10,661,1,9000.0,748000.0,180,3,0.2,0,311000.0,1
TRAD-003023,29,Self-Employed,1152000.0,19,662,4,24100.0,50000.0,120,4,0.255,0,312000.0,1
TRAD-003024,37,Self-Employed,605000.0,2,612,0,0.0,1247000.0,240,4,0.103,0,541000.0,1
TRAD-003025,48,Self-Employed,496000.0,11,614,0,0.0,315000.0,60,0,0.127,0,209000.0,1
TRAD-003026,25,Salaried,1142000.0,23,700,0,0.0,1497000.0,48,0,0.328,0,142000.0,1
TRAD-003027,53,Salaried,488000.0,2,702,1,7100.0,50000.0,180,1,0.181,0,211000.0,1
TRAD-003028,30,Self-Employed,600000.0,11,548,2,0.0,821000.0,240,0,0.068,0,422000.0,1
TRAD-003029,60,Salaried,852000.0,0,900,0,0.0,50000.0,180,1,0.004,1,520000.0,1
TRAD-003030,53,Salaried,303000.0,19,675,1,13600.0,581000.0,180,4,0.666,0,708000.0,0
TRAD-003031,32,Business Owner,849000.0,2,706,2,18600.0,713000.0,24,3,0.683,0,401000.0,1
TRAD-003032,45,Salaried,813000.0,8,641,1,16300.0,511000.0,180,0,0.282,0,264000.0,1
TRAD-003033,25,Salaried,1005000.0,15,675,3,43200.0,575000.0,12,3,1.088,0,522000.0,1
TRAD-003034,25,Self-Employed,899000.0,6,666,0,0.0,1531000.0,120,4,0.17,0,57000.0,1
TRAD-003035,63,Salaried,1014000.0,6,700,1,8500.0,2313000.0,24,4,1.241,0,655000.0,0
TRAD-003036,56,Business Owner,619000.0,25,699,1,7600.0,1121000.0,12,4,1.958,0,353000.0,0
TRAD-003037,27,Salaried,408000.0,23,776,0,0.0,341000.0,120,4,0.084,0,243000.0,1
TRAD-003038,33,Business Owner,1241000.0,2,722,0,0.0,942000.0,48,3,0.19,0,58000.0,1
TRAD-003039,29,Self-Employed,223000.0,25,767,0,0.0,670000.0,180,4,0.2,0,457000.0,1
TRAD-003040,38,Salaried,251000.0,14,699,3,34500.0,1478000.0,36,3,3.0,0,230000.0,0
TRAD-003041,33,Salaried,808000.0,4,722,0,0.0,1087000.0,120,3,0.135,0,276000.0,1
TRAD-003042,35,Salaried,1105000.0,27,677,2,26800.0,50000.0,84,0,0.298,0,0.0,1
TRAD-003043,44,Salaried,703000.0,10,795,2,16200.0,1614000.0,180,4,0.43,0,191000.0,1
TRAD-003044,29,Salaried,930000.0,9,731,1,9100.0,1528000.0,180,0,0.227,0,158000.0,1
TRAD-003045,59,Business Owner,120000.0,4,685,2,10200.0,1872000.0,84,1,3.0,0,405000.0,0
TRAD-003046,53,Salaried,510000.0,26,682,2,15800.0,564000.0,48,3,0.648,0,233000.0,0
TRAD-003047,54,Business Owner,125000.0,8,690,2,35300.0,1096000.0,60,3,3.0,0,0.0,0
TRAD-003048,28,Salaried,869000.0,17,703,1,5400.0,130000.0,84,4,0.096,0,196000.0,1
TRAD-003049,52,Business Owner,217000.0,7,695,0,0.0,867000.0,240,0,0.2,0,0.0,0
TRAD-003050,57,Salaried,292000.0,26,647,1,7200.0,1158000.0,24,3,2.279,1,39000.0,0
TRAD-003051,28,Salaried,794000.0,23,773,2,300.0,487000.0,12,0,0.618,0,551000.0,1
TRAD-003052,54,Self-Employed,947000.0,15,779,1,11200.0,1123000.0,60,3,0.379,0,0.0,1
TRAD-003053,36,Salaried,605000.0,10,869,2,13600.0,1009000.0,48,1,0.687,0,374000.0,1
TRAD-003054,55,Business Owner,810000.0,19,643,1,10300.0,608000.0,240,2,0.19,0,173000.0,1
TRAD-003055,42,Salaried,801000.0,14,763,0,0.0,1808000.0,36,0,0.752,0,125000.0,1
TRAD-003056,56,Salaried,590000.0,28,519,0,0.0,748000.0,24,0,0.634,1,55000.0,0
TRAD-003057,27,Salaried,343000.0,20,779,3,30900.0,986000.0,24,4,2.518,0,380000.0,0
TRAD-003058,38,Self-Employed,808000.0,0,562,1,5500.0,50000.0,240,2,0.085,0,408000.0,0
TRAD-003059,33,Salaried,822000.0,24,606,0,0.0,1237000.0,84,2,0.215,0,0.0,1
TRAD-003060,31,Salaried,900000.0,5,732,0,0.0,590000.0,240,1,0.033,0,588000.0,1
TRAD-003061,34,Salaried,737000.0,9,641,1,1000.0,1522000.0,36,4,0.705,0,3000.0,0
TRAD-003062,37,Salaried,323000.0,13,628,1,12300.0,50000.0,12,3,0.612,1,397000.0,0
TRAD-003063,26,Salaried,843000.0,6,654,3,40600.0,1180000.0,60,2,0.858,0,5000.0,0
TRAD-003064,52,Business Owner,650000.0,28,769,1,14900.0,50000.0,24,0,0.314,1,185000.0,1
TRAD-003065,45,Salaried,515000.0,29,611,1,17700.0,1300000.0,24,3,1.675,0,0.0,0
TRAD-003066,57,Self-Employed,568000.0,4,695,1,12100.0,786000.0,180,1,0.348,0,168000.0,0
TRAD-003067,52,Salaried,457000.0,9,664,2,22100.0,1160000.0,48,1,1.215,0,250000.0,0
TRAD-003068,27,Salaried,899000.0,11,778,1,13400.0,510000.0,12,3,0.746,0,13000.0,1
TRAD-003069,24,Salaried,253000.0,20,781,0,0.0,283000.0,24,4,0.559,0,379000.0,1
TRAD-003070,39,Salaried,372000.0,17,526,0,0.0,618000.0,48,1,0.415,0,411000.0,0
TRAD-003071,42,Salaried,558000.0,20,799,0,0.0,1025000.0,240,0,0.092,0,977000.0,1
TRAD-003072,31,Salaried,1102000.0,0,642,0,0.0,1275000.0,84,2,0.165,1,532000.0,0
TRAD-003073,55,Salaried,945000.0,15,722,1,6400.0,1097000.0,60,3,0.313,0,594000.0,1
TRAD-003074,46,Business Owner,191000.0,6,611,1,10900.0,291000.0,84,3,0.902,0,0.0,0
TRAD-003075,53,Salaried,1028000.0,6,735,1,11300.0,2094000.0,180,4,0.268,0,0.0,1
TRAD-003076,25,Salaried,1028000.0,23,900,0,0.0,1116000.0,24,1,0.543,0,226000.0,1
TRAD-003077,56,Salaried,321000.0,4,712,3,11700.0,495000.0,60,3,0.746,0,747000.0,0
TRAD-003078,30,Salaried,120000.0,0,656,3,31100.0,1176000.0,48,3,3.0,0,919000.0,0
TRAD-003079,40,Self-Employed,630000.0,14,678,0,0.0,1066000.0,12,4,1.692,0,128000.0,0
TRAD-003080,40,Salaried,964000.0,22,560,0,0.0,786000.0,60,4,0.163,0,153000.0,1
TRAD-003081,57,Self-Employed,1096000.0,15,838,1,13500.0,710000.0,120,1,0.213,0,436000.0,1
TRAD-003082,33,Salaried,406000.0,4,730,0,0.0,1540000.0,84,1,0.542,1,251000.0,0
TRAD-003083,31,Salaried,1141000.0,23,600,2,32100.0,2023000.0,12,2,2.111,0,257000.0,0
TRAD-003084,35,Business Owner,120000.0,11,603,1,10400.0,50000.0,48,1,1.144,0,459000.0,0
TRAD-003085,36,Salaried,547000.0,21,701,1,2300.0,1700000.0,48,0,0.827,1,979000.0,0
TRAD-003086,28,Self-Employed,533000.0,6,789,0,0.0,913000.0,24,1,0.856,0,626000.0,1
TRAD-003087,28,Salaried,973000.0,27,591,1,15500.0,1054000.0,60,1,0.408,1,767000.0,1
TRAD-003088,31,Business Owner,1014000.0,8,806,2,11400.0,1779000.0,60,3,0.486,1,0.0,0
TRAD-003089,41,Salaried,917000.0,29,691,0,0.0,50000.0,180,0,0.004,0,569000.0,1
TRAD-003090,36,Salaried,272000.0,11,612,0,0.0,1430000.0,120,3,0.526,0,63000.0,0
TRAD-003091,38,Self-Employed,892000.0,21,656,0,0.0,1734000.0,240,3,0.097,0,719000.0,1
TRAD-003092,52,Salaried,793000.0,15,866,2,11300.0,452000.0,48,0,0.313,0,639000.0,1
TRAD-003093,31,Salaried,182000.0,2,568,0,0.0,50000.0,24,4,0.137,0,451000.0,1
TRAD-003094,61,Business Owner,120000.0,2,630,3,19600.0,1966000.0,60,3,3.0,0,114000.0,0
TRAD-003095,54,Self-Employed,941000.0,12,790,1,16000.0,50000.0,84,3,0.212,0,179000.0,1
TRAD-003096,28,Self-Employed,600000.0,5,721,1,8900.0,1172000.0,36,3,0.829,0,199000.0,0
TRAD-003097,34,Self-Employed,290000.0,18,625,1,12100.0,1565000.0,60,4,1.58,0,491000.0,0
TRAD-003098,29,Business Owner,592000.0,4,792,1,13400.0,1158000.0,240,2,0.369,0,401000.0,1
TRAD-003099,33,Business Owner,752000.0,17,796,1,4600.0,1267000.0,120,2,0.242,0,655000.0,1
TRAD-003100,37,Self-Employed,627000.0,6,731,1,5700.0,728000.0,84,3,0.275,0,703000.0,1
TRAD-003101,26,Salaried,215000.0,5,642,2,24100.0,1201000.0,240,0,1.624,0,89000.0,0
TRAD-003102,21,Salaried,1178000.0,11,656,0,0.0,439000.0,12,0,0.373,0,419000.0,1
TRAD-003103,40,Self-Employed,931000.0,17,727,0,0.0,524000.0,60,3,0.113,0,416000.0,1
TRAD-003104,51,Business Owner,556000.0,11,575,0,0.0,923000.0,36,1,0.553,0,276000.0,0
TRAD-003105,34,Salaried,567000.0,10,826,1,3200.0,50000.0,36,1,0.097,0,535000.0,1
TRAD-003106,58,Salaried,751000.0,10,862,0,0.0,1275000.0,180,0,0.113,0,423000.0,1
TRAD-003107,37,Salaried,334000.0,10,678,0,0.0,50000.0,180,2,0.01,0,156000.0,1
TRAD-003108,60,Salaried,740000.0,12,734,0,0.0,1136000.0,60,2,0.307,0,264000.0,1
TRAD-003109,31,Business Owner,277000.0,25,813,0,0.0,1197000.0,60,4,0.864,0,213000.0,1
TRAD-003110,44,Salaried,630000.0,17,886,1,7000.0,384000.0,84,2,0.22,0,118000.0,1
TRAD-003111,54,Self-Employed,323000.0,12,848,2,17900.0,98000.0,180,1,0.685,1,279000.0,0
TRAD-003112,23,Self-Employed,337000.0,22,535,2,19300.0,635000.0,12,3,2.572,0,0.0,0
TRAD-003113,61,Business Owner,1111000.0,15,670,0,0.0,1316000.0,84,1,0.169,0,418000.0,1
TRAD-003114,37,Salaried,667000.0,28,748,1,8900.0,1125000.0,12,0,1.847,0,651000.0,0
TRAD-003115,42,Business Owner,708000.0,16,653,1,13500.0,178000.0,240,0,0.241,0,313000.0,1
TRAD-003116,48,Self-Employed,120000.0,6,869,1,6600.0,969000.0,36,4,3.0,1,537000.0,0
TRAD-003117,49,Self-Employed,483000.0,16,855,0,0.0,1070000.0,12,3,2.215,1,339000.0,0
TRAD-003118,22,Salaried,779000.0,23,622,0,0.0,1043000.0,180,0,0.089,0,44000.0,1
TRAD-003119,59,Salaried,704000.0,6,685,1,10800.0,259000.0,120,1,0.221,0,802000.0,1
TRAD-003120,48,Self-Employed,120000.0,6,629,0,0.0,1001000.0,240,4,0.417,0,0.0,0
TRAD-003121,64,Salaried,708000.0,17,681,0,0.0,1497000.0,48,3,0.529,0,303000.0,1
TRAD-003122,41,Salaried,753000.0,26,679,2,20300.0,1249000.0,36,2,0.876,0,108000.0,1
TRAD-003123,47,Self-Employed,1009000.0,10,791,3,36000.0,1167000.0,120,1,0.544,0,695000.0,1
TRAD-003124,40,Self-Employed,467000.0,15,616,2,29000.0,1968000.0,240,1,0.956,1,354000.0,0
TRAD-003125,60,Salaried,120000.0,19,451,0,0.0,1009000.0,240,3,0.42,0,939000.0,1
TRAD-003126,57,Salaried,371000.0,19,548,0,0.0,353000.0,48,0,0.238,0,309000.0,0
TRAD-003127,60,Salaried,343000.0,4,602,2,40200.0,355000.0,84,4,1.554,0,110000.0,0
TRAD-003128,43,Business Owner,856000.0,11,638,3,37300.0,1014000.0,180,1,0.602,0,0.0,0
TRAD-003129,55,Business Owner,120000.0,29,718,0,0.0,50000.0,120,1,0.042,0,577000.0,1
TRAD-003130,36,Salaried,524000.0,26,597,1,12600.0,698000.0,84,1,0.479,0,91000.0,0
TRAD-003131,41,Salaried,1049000.0,23,585,0,0.0,1202000.0,24,3,0.573,0,195000.0,1
TRAD-003132,54,Salaried,652000.0,0,612,0,0.0,1661000.0,84,0,0.364,1,607000.0,0
TRAD-003133,24,Salaried,901000.0,12,594,0,0.0,50000.0,24,0,0.028,0,563000.0,1
TRAD-003134,52,Business Owner,190000.0,1,647,0,0.0,964000.0,60,1,1.015,0,148000.0,0
TRAD-003135,21,Salaried,201000.0,9,643,0,0.0,856000.0,84,0,0.608,1,186000.0,0
TRAD-003136,46,Salaried,1052000.0,25,765,1,9400.0,924000.0,12,1,0.986,0,0.0,1
TRAD-003137,41,Salaried,678000.0,11,606,1,7800.0,992000.0,48,2,0.504,0,0.0,0
TRAD-003138,41,Salaried,679000.0,5,666,3,7500.0,879000.0,36,3,0.564,0,491000.0,1
TRAD-003139,42,Business Owner,337000.0,21,648,1,12500.0,1805000.0,24,1,3.0,0,519000.0,0
TRAD-003140,42,Self-Employed,678000.0,22,777,1,2000.0,1709000.0,84,2,0.395,0,389000.0,1
TRAD-003141,38,Self-Employed,329000.0,19,685,0,0.0,2293000.0,120,4,0.697,0,347000.0,1
TRAD-003142,40,Salaried,982000.0,24,800,0,0.0,893000.0,240,2,0.045,0,123000.0,1
TRAD-003143,45,Business Owner,1414000.0,21,591,1,5500.0,633000.0,120,4,0.091,0,667000.0,1
TRAD-003144,54,Salaried,786000.0,19,695,1,9800.0,271000.0,24,1,0.322,0,0.0,1
TRAD-003145,45,Business Owner,472000.0,26,645,0,0.0,562000.0,12,4,1.191,0,183000.0,0
TRAD-003146,49,Business Owner,120000.0,9,584,0,0.0,1364000.0,180,2,0.758,0,340000.0,0
TRAD-003147,57,Salaried,178000.0,13,694,1,6800.0,1465000.0,12,0,3.0,0,300000.0,0
TRAD-003148,64,Business Owner,1085000.0,16,865,1,2000.0,1339000.0,48,4,0.331,0,299000.0,1
TRAD-003149,25,Salaried,362000.0,20,619,0,0.0,468000.0,48,3,0.323,0,170000.0,1
TRAD-003150,52,Self-Employed,546000.0,14,688,1,9300.0,472000.0,24,1,0.637,0,435000.0,1
TRAD-003151,30,Salaried,833000.0,13,575,0,0.0,2172000.0,84,3,0.372,0,0.0,1
TRAD-003152,29,Salaried,1065000.0,4,561,1,500.0,359000.0,120,4,0.039,0,264000.0,1
TRAD-003153,55,Salaried,594000.0,19,625,0,0.0,1821000.0,240,0,0.153,0,408000.0,1
TRAD-003154,24,Salaried,537000.0,3,657,0,0.0,1163000.0,60,0,0.433,0,217000.0,0
TRAD-003155,58,Salaried,670000.0,14,661,3,12400.0,424000.0,48,3,0.38,0,301000.0,1
TRAD-003156,54,Salaried,474000.0,12,679,3,27800.0,130000.0,24,1,0.841,0,354000.0,0
TRAD-003157,64,Self-Employed,489000.0,23,543,0,0.0,452000.0,12,4,0.924,0,0.0,0
TRAD-003158,50,Salaried,765000.0,14,641,2,17200.0,1171000.0,180,3,0.372,0,0.0,1
TRAD-003159,59,Salaried,702000.0,0,748,2,9300.0,309000.0,180,4,0.188,0,333000.0,1
TRAD-003160,26,Business Owner,1247000.0,15,571,1,8600.0,1910000.0,240,3,0.159,0,148000.0,1
TRAD-003161,60,Business Owner,773000.0,6,666,4,24400.0,765000.0,24,4,0.874,0,163000.0,0
TRAD-003162,28,Salaried,972000.0,11,728,1,11400.0,1355000.0,48,3,0.489,0,442000.0,1
TRAD-003163,34,Salaried,350000.0,8,626,0,0.0,1303000.0,84,0,0.532,0,53000.0,0
TRAD-003164,26,Self-Employed,797000.0,4,732,1,13000.0,1954000.0,180,1,0.359,0,0.0,1
TRAD-003165,38,Self-Employed,448000.0,28,555,1,8900.0,615000.0,48,4,0.582,1,714000.0,0
TRAD-003166,53,Salaried,761000.0,7,784,0,0.0,969000.0,24,1,0.637,0,602000.0,1
TRAD-003167,32,Self-Employed,843000.0,15,735,0,0.0,50000.0,240,4,0.003,0,599000.0,1
TRAD-003168,57,Salaried,664000.0,24,705,0,0.0,967000.0,12,4,1.456,0,20000.0,0
TRAD-003169,47,Salaried,1324000.0,10,807,1,4900.0,1641000.0,120,3,0.168,0,281000.0,1
TRAD-003170,48,Self-Employed,1050000.0,28,669,1,900.0,1043000.0,48,0,0.259,0,0.0,1
TRAD-003171,62,Self-Employed,980000.0,12,641,1,14500.0,2403000.0,12,0,2.63,0,285000.0,0
TRAD-003172,40,Business Owner,864000.0,28,830,4,24600.0,1238000.0,60,3,0.628,0,213000.0,1
TRAD-003173,36,Salaried,1144000.0,13,875,0,0.0,549000.0,48,2,0.12,0,30000.0,1
TRAD-003174,64,Salaried,248000.0,0,634,1,4900.0,1196000.0,48,2,1.443,0,426000.0,0
TRAD-003175,45,Salaried,1034000.0,26,689,2,36900.0,50000.0,24,0,0.452,0,235000.0,1
TRAD-003176,48,Salaried,372000.0,25,799,1,16300.0,381000.0,120,2,0.628,0,731000.0,1
TRAD-003177,34,Salaried,492000.0,28,693,2,30400.0,109000.0,36,0,0.815,1,321000.0,0
TRAD-003178,30,Salaried,807000.0,3,756,1,9400.0,910000.0,24,0,0.704,0,0.0,0
TRAD-003179,28,Salaried,995000.0,25,774,2,25800.0,861000.0,48,4,0.527,0,0.0,1
TRAD-003180,30,Self-Employed,327000.0,10,647,1,8800.0,1683000.0,24,3,2.896,0,824000.0,0
TRAD-003181,29,Salaried,506000.0,25,740,2,27000.0,836000.0,60,4,0.971,1,210000.0,0
TRAD-003182,53,Salaried,677000.0,28,699,0,0.0,248000.0,60,4,0.073,0,360000.0,1
TRAD-003183,23,Self-Employed,598000.0,5,584,1,15300.0,1914000.0,180,4,0.52,1,302000.0,0
TRAD-003184,48,Salaried,889000.0,11,606,0,0.0,50000.0,240,2,0.003,0,654000.0,1
TRAD-003185,62,Business Owner,1612000.0,8,638,1,7600.0,925000.0,12,1,0.63,0,0.0,1
TRAD-003186,54,Salaried,767000.0,9,788,1,7100.0,1041000.0,12,3,1.468,0,632000.0,0
TRAD-003187,38,Salaried,444000.0,17,791,1,9800.0,893000.0,48,3,0.768,0,615000.0,1
TRAD-003188,23,Business Owner,287000.0,12,771,0,0.0,1225000.0,12,2,3.0,0,302000.0,0
TRAD-003189,57,Self-Employed,559000.0,19,742,1,10900.0,972000.0,180,2,0.35,0,403000.0,1
TRAD-003190,21,Self-Employed,387000.0,20,739,1,7100.0,1225000.0,180,1,0.431,0,207000.0,1
TRAD-003191,50,Self-Employed,781000.0,6,726,1,12200.0,509000.0,48,2,0.35,0,0.0,1
TRAD-003192,50,Salaried,777000.0,1,739,0,0.0,50000.0,240,4,0.003,0,445000.0,1
TRAD-003193,29,Self-Employed,520000.0,22,745,1,9300.0,870000.0,60,2,0.549,1,362000.0,0
TRAD-003194,53,Business Owner,1206000.0,5,567,2,35700.0,233000.0,60,2,0.394,0,367000.0,1
TRAD-003195,28,Business Owner,444000.0,5,625,1,13500.0,426000.0,180,4,0.429,1,421000.0,0
TRAD-003196,30,Salaried,617000.0,18,602,2,35100.0,1655000.0,60,4,1.219,0,149000.0,0
TRAD-003197,56,Salaried,829000.0,7,805,0,0.0,1913000.0,120,3,0.231,0,673000.0,1
TRAD-003198,64,Self-Employed,900000.0,5,857,1,2400.0,1643000.0,36,0,0.641,0,302000.0,1
TRAD-003199,32,Salaried,1008000.0,9,494,2,12400.0,1522000.0,60,4,0.45,0,435000.0,0
TRAD-003200,61,Salaried,770000.0,15,849,3,19800.0,939000.0,180,0,0.39,0,232000.0,1
TRAD-003201,61,Salaried,944000.0,25,708,1,5200.0,1560000.0,240,0,0.149,0,563000.0,1
TRAD-003202,54,Salaried,464000.0,29,796,3,600.0,1131000.0,24,1,1.234,1,326000.0,0
TRAD-003203,27,Salaried,907000.0,21,748,2,26200.0,2166000.0,12,2,2.735,1,279000.0,0
TRAD-003204,34,Salaried,903000.0,26,837,0,0.0,303000.0,84,0,0.048,0,602000.0,1
TRAD-003205,50,Salaried,1074000.0,15,720,0,0.0,1337000.0,12,2,1.245,0,0.0,1
TRAD-003206,64,Salaried,183000.0,12,570,1,17700.0,78000.0,120,4,1.203,0,230000.0,0
TRAD-003207,56,Business Owner,396000.0,24,690,0,0.0,1341000.0,48,3,0.847,0,147000.0,1
TRAD-003208,39,Salaried,880000.0,9,749,2,21100.0,50000.0,180,4,0.292,0,393000.0,1
TRAD-003209,31,Salaried,120000.0,24,679,2,14800.0,111000.0,24,4,1.942,0,379000.0,0
TRAD-003210,63,Salaried,788000.0,29,762,1,12300.0,66000.0,12,4,0.271,0,297000.0,1
TRAD-003211,33,Salaried,947000.0,11,694,3,12700.0,1064000.0,24,0,0.723,0,121000.0,1
TRAD-003212,36,Business Owner,489000.0,19,643,0,0.0,1130000.0,12,3,2.311,1,294000.0,0
TRAD-003213,63,Business Owner,530000.0,23,597,0,0.0,2493000.0,24,0,2.352,0,381000.0,0
TRAD-003214,45,Salaried,349000.0,23,663,0,0.0,841000.0,120,3,0.241,0,255000.0,1
TRAD-003215,32,Salaried,504000.0,6,719,0,0.0,1402000.0,120,4,0.278,0,577000.0,0
TRAD-003216,21,Salaried,512000.0,28,514,1,14000.0,1005000.0,84,0,0.609,0,453000.0,0
TRAD-003217,39,Salaried,459000.0,15,626,3,11400.0,1348000.0,48,2,1.032,0,305000.0,0
TRAD-003218,64,Salaried,443000.0,1,510,0,0.0,993000.0,36,0,0.747,0,0.0,0
TRAD-003219,40,Salaried,574000.0,3,641,0,0.0,1615000.0,180,2,0.188,0,245000.0,1
TRAD-003220,51,Salaried,571000.0,21,814,1,9500.0,216000.0,180,2,0.225,0,458000.0,1
TRAD-003221,32,Self-Employed,1175000.0,12,587,1,19100.0,50000.0,36,4,0.209,0,230000.0,1
TRAD-003222,55,Salaried,540000.0,3,767,0,0.0,1171000.0,240,1,0.108,0,376000.0,1
TRAD-003223,55,Salaried,746000.0,15,900,0,0.0,50000.0,84,3,0.01,0,244000.0,1
TRAD-003224,47,Salaried,488000.0,17,838,1,11400.0,1753000.0,48,3,1.178,0,358000.0,1
TRAD-003225,54,Salaried,485000.0,2,713,1,9800.0,544000.0,24,3,0.803,0,650000.0,0
TRAD-003226,46,Salaried,173000.0,10,782,0,0.0,225000.0,84,4,0.186,0,497000.0,1
TRAD-003227,37,Salaried,210000.0,13,570,0,0.0,2655000.0,12,0,3.0,0,0.0,0
TRAD-003228,53,Salaried,312000.0,23,551,3,21800.0,888000.0,36,0,1.787,0,0.0,0
TRAD-003229,57,Salaried,701000.0,19,703,1,9900.0,763000.0,120,3,0.278,1,411000.0,1
TRAD-003230,58,Business Owner,951000.0,2,738,2,14000.0,1386000.0,60,0,0.468,0,592000.0,0
TRAD-003231,30,Business Owner,150000.0,18,804,0,0.0,1430000.0,24,2,3.0,0,0.0,0
TRAD-003232,50,Salaried,496000.0,27,646,1,13600.0,1640000.0,24,2,1.982,0,248000.0,0
TRAD-003233,21,Salaried,267000.0,1,718,0,0.0,50000.0,120,3,0.019,1,893000.0,0
TRAD-003234,46,Self-Employed,576000.0,29,715,0,0.0,1248000.0,180,0,0.144,0,233000.0,1
TRAD-003235,46,Self-Employed,951000.0,2,688,0,0.0,709000.0,120,2,0.075,0,931000.0,1
TRAD-003236,36,Salaried,525000.0,18,693,1,6100.0,301000.0,24,3,0.426,1,94000.0,0
TRAD-003237,64,Salaried,637000.0,10,619,1,4800.0,931000.0,120,0,0.237,0,138000.0,1
TRAD-003238,59,Salaried,1057000.0,21,727,1,12800.0,50000.0,36,1,0.161,0,124000.0,1
TRAD-003239,22,Self-Employed,778000.0,25,719,1,13800.0,1500000.0,84,1,0.488,0,0.0,1
TRAD-003240,30,Salaried,437000.0,25,658,2,18200.0,711000.0,84,1,0.732,0,0.0,0
TRAD-003241,30,Salaried,694000.0,26,763,0,0.0,590000.0,180,2,0.057,0,245000.0,1
TRAD-003242,60,Salaried,418000.0,24,798,0,0.0,811000.0,180,0,0.129,0,336000.0,1
TRAD-003243,43,Salaried,768000.0,9,764,2,24400.0,791000.0,12,2,1.411,0,121000.0,0
TRAD-003244,53,Salaried,794000.0,13,601,1,6300.0,1641000.0,12,0,2.162,0,181000.0,0
TRAD-003245,56,Self-Employed,267000.0,21,709,3,13600.0,188000.0,240,0,0.646,0,662000.0,0
TRAD-003246,54,Salaried,699000.0,5,613,1,9100.0,652000.0,36,2,0.467,0,543000.0,1
TRAD-003247,24,Salaried,617000.0,17,709,1,7700.0,759000.0,12,4,1.38,1,235000.0,0
TRAD-003248,27,Salaried,803000.0,15,614,1,2900.0,208000.0,24,3,0.173,0,407000.0,1
TRAD-003249,38,Business Owner,883000.0,29,821,0,0.0,1004000.0,60,1,0.227,1,0.0,1
TRAD-003250,35,Salaried,784000.0,1,774,1,10300.0,429000.0,180,1,0.194,1,367000.0,0
TRAD-003251,53,Salaried,565000.0,2,810,1,6400.0,50000.0,240,2,0.14,0,284000.0,1
TRAD-003252,27,Salaried,911000.0,0,800,3,33100.0,1242000.0,84,0,0.631,0,206000.0,0
TRAD-003253,37,Business Owner,406000.0,16,674,1,9600.0,1906000.0,36,3,1.849,0,308000.0,0
TRAD-003254,31,Self-Employed,280000.0,16,660,1,13200.0,931000.0,120,0,0.898,0,268000.0,0
TRAD-003255,29,Business Owner,120000.0,17,865,0,0.0,833000.0,180,3,0.463,0,0.0,1
TRAD-003256,28,Self-Employed,630000.0,7,684,1,9900.0,819000.0,48,1,0.514,0,720000.0,1
TRAD-003257,29,Salaried,420000.0,9,571,0,0.0,565000.0,84,1,0.192,1,538000.0,0
TRAD-003258,45,Salaried,761000.0,12,796,0,0.0,1661000.0,60,2,0.437,0,203000.0,1
TRAD-003259,39,Salaried,120000.0,1,714,0,0.0,961000.0,180,0,0.534,0,0.0,0
TRAD-003260,40,Self-Employed,469000.0,22,843,2,4700.0,50000.0,84,1,0.135,1,0.0,1
TRAD-003261,42,Self-Employed,782000.0,1,723,2,11300.0,1679000.0,12,1,2.32,0,801000.0,0
TRAD-003262,53,Salaried,362000.0,20,698,1,2200.0,1520000.0,180,4,0.353,0,257000.0,0
TRAD-003263,58,Business Owner,765000.0,13,845,0,0.0,1291000.0,84,0,0.241,0,491000.0,1
TRAD-003264,44,Salaried,494000.0,29,554,3,25100.0,50000.0,48,0,0.635,1,63000.0,0
TRAD-003265,49,Salaried,641000.0,20,644,1,12300.0,898000.0,24,1,0.931,0,223000.0,0
TRAD-003266,53,Salaried,817000.0,14,616,1,8400.0,1481000.0,120,2,0.305,0,236000.0,1
TRAD-003267,51,Business Owner,917000.0,21,491,2,13200.0,1147000.0,12,3,1.424,0,360000.0,0
TRAD-003268,26,Business Owner,676000.0,3,783,2,5600.0,1033000.0,24,2,0.863,0,322000.0,0
TRAD-003269,64,Salaried,422000.0,5,647,0,0.0,1482000.0,120,2,0.351,0,69000.0,0
TRAD-003270,28,Business Owner,522000.0,14,786,1,10200.0,991000.0,36,2,0.867,0,67000.0,1
TRAD-003271,39,Business Owner,828000.0,25,737,0,0.0,1682000.0,120,0,0.203,0,280000.0,1
TRAD-003272,49,Business Owner,364000.0,24,758,2,14600.0,1005000.0,36,0,1.402,0,0.0,0
TRAD-003273,38,Business Owner,600000.0,11,657,1,13800.0,953000.0,120,3,0.435,0,94000.0,0
TRAD-003274,31,Salaried,542000.0,8,627,1,5200.0,1480000.0,120,4,0.388,0,261000.0,1
TRAD-003275,61,Self-Employed,621000.0,28,709,0,0.0,641000.0,120,0,0.103,1,399000.0,1
TRAD-003276,24,Self-Employed,367000.0,16,787,2,15600.0,187000.0,120,4,0.561,0,676000.0,1
TRAD-003277,31,Self-Employed,131000.0,3,695,2,30200.0,902000.0,180,4,3.0,0,181000.0,0
TRAD-003278,64,Salaried,796000.0,6,633,1,9500.0,1284000.0,48,3,0.546,0,309000.0,0
TRAD-003279,53,Self-Employed,920000.0,25,586,1,1800.0,1501000.0,60,2,0.35,0,0.0,1
TRAD-003280,24,Business Owner,148000.0,26,719,1,12800.0,1505000.0,12,1,3.0,0,384000.0,0
TRAD-003281,54,Salaried,753000.0,27,647,1,16400.0,855000.0,48,2,0.545,0,73000.0,1
TRAD-003282,63,Business Owner,953000.0,0,693,1,8000.0,789000.0,60,0,0.266,0,223000.0,1
TRAD-003283,25,Salaried,817000.0,24,677,0,0.0,515000.0,120,1,0.063,0,419000.0,1
TRAD-003284,39,Salaried,533000.0,3,658,0,0.0,1062000.0,240,1,0.1,0,429000.0,1
TRAD-003285,41,Salaried,386000.0,24,728,2,33700.0,50000.0,84,2,1.066,0,0.0,0
TRAD-003286,26,Self-Employed,673000.0,26,753,1,12400.0,915000.0,24,1,0.901,0,500000.0,1
TRAD-003287,29,Self-Employed,719000.0,10,887,1,2500.0,2752000.0,24,2,1.955,0,290000.0,0
TRAD-003288,28,Salaried,677000.0,5,772,3,36100.0,50000.0,60,3,0.655,0,617000.0,1
TRAD-003289,29,Self-Employed,600000.0,21,851,2,21200.0,1002000.0,48,4,0.842,0,665000.0,1
TRAD-003290,38,Salaried,347000.0,2,622,0,0.0,1146000.0,240,4,0.165,0,702000.0,1
TRAD-003291,41,Salaried,768000.0,17,548,1,14200.0,1229000.0,24,0,1.022,0,0.0,0
TRAD-003292,31,Business Owner,782000.0,9,699,1,10800.0,272000.0,84,2,0.215,0,401000.0,1
TRAD-003293,33,Self-Employed,706000.0,12,782,1,14300.0,1235000.0,180,2,0.36,0,0.0,1
TRAD-003294,29,Self-Employed,681000.0,24,767,0,0.0,553000.0,48,2,0.203,0,625000.0,1
TRAD-003295,56,Self-Employed,1120000.0,29,815,0,0.0,50000.0,36,3,0.015,0,661000.0,1
TRAD-003296,30,Business Owner,475000.0,12,459,2,10800.0,1519000.0,24,1,1.872,0,545000.0,0
TRAD-003297,60,Salaried,1009000.0,8,819,2,20000.0,1332000.0,84,2,0.426,0,194000.0,1
TRAD-003298,44,Salaried,444000.0,25,732,1,14900.0,272000.0,84,4,0.49,0,436000.0,1
TRAD-003299,56,Salaried,961000.0,12,553,1,3300.0,547000.0,120,2,0.098,0,162000.0,0
TRAD-003300,49,Self-Employed,995000.0,5,769,2,7000.0,523000.0,180,2,0.119,0,303000.0,1
TRAD-003301,32,Self-Employed,568000.0,27,716,1,12800.0,50000.0,240,4,0.275,0,277000.0,1
TRAD-003302,47,Self-Employed,1115000.0,29,736,1,8900.0,1396000.0,24,0,0.722,1,0.0,1
TRAD-003303,33,Salaried,781000.0,8,795,2,27400.0,1420000.0,48,1,0.876,0,98000.0,1
TRAD-003304,26,Salaried,404000.0,4,741,1,5800.0,684000.0,36,2,0.737,0,868000.0,0
TRAD-003305,32,Self-Employed,545000.0,4,560,1,9200.0,882000.0,180,0,0.31,0,278000.0,0
TRAD-003306,33,Business Owner,967000.0,17,686,0,0.0,975000.0,24,2,0.504,0,340000.0,1
TRAD-003307,26,Salaried,908000.0,9,546,0,0.0,1059000.0,84,4,0.167,0,298000.0,1
TRAD-003308,22,Salaried,354000.0,18,762,0,0.0,50000.0,36,3,0.047,0,197000.0,1
TRAD-003309,62,Salaried,611000.0,22,833,0,0.0,1217000.0,12,0,1.992,0,309000.0,0
TRAD-003310,43,Salaried,707000.0,0,582,0,0.0,136000.0,84,4,0.027,0,198000.0,1
TRAD-003311,38,Salaried,508000.0,25,636,1,3600.0,1343000.0,48,3,0.746,0,0.0,0
TRAD-003312,61,Salaried,1310000.0,0,616,1,10300.0,208000.0,120,4,0.11,0,497000.0,1
TRAD-003313,30,Self-Employed,715000.0,3,657,2,21400.0,55000.0,48,0,0.378,0,703000.0,0
TRAD-003314,38,Salaried,633000.0,21,739,0,0.0,882000.0,24,4,0.697,0,9000.0,0
TRAD-003315,58,Salaried,983000.0,18,658,1,12700.0,867000.0,24,0,0.596,1,197000.0,0
TRAD-003316,48,Salaried,548000.0,29,762,0,0.0,967000.0,24,0,0.882,0,675000.0,1
TRAD-003317,38,Business Owner,932000.0,17,801,1,2100.0,320000.0,48,1,0.113,0,107000.0,1
TRAD-003318,32,Salaried,183000.0,12,805,2,21700.0,1032000.0,36,4,3.0,0,397000.0,0
TRAD-003319,22,Salaried,523000.0,20,594,2,4900.0,1093000.0,24,4,1.157,0,1382000.0,1
TRAD-003320,24,Salaried,944000.0,22,832,2,27700.0,1658000.0,36,3,0.938,0,458000.0,1
TRAD-003321,28,Self-Employed,1090000.0,20,839,0,0.0,1020000.0,180,0,0.062,0,317000.0,1
TRAD-003322,55,Business Owner,433000.0,11,848,0,0.0,510000.0,180,4,0.079,0,520000.0,1
TRAD-003323,49,Salaried,401000.0,28,685,1,6400.0,50000.0,48,1,0.223,0,494000.0,1
TRAD-003324,40,Salaried,809000.0,9,629,1,7000.0,50000.0,60,3,0.116,0,134000.0,1
TRAD-003325,55,Salaried,476000.0,10,606,2,11600.0,1110000.0,24,1,1.458,0,0.0,0
TRAD-003326,28,Self-Employed,575000.0,8,595,0,0.0,1416000.0,48,2,0.616,0,448000.0,1
TRAD-003327,30,Business Owner,895000.0,8,701,2,13000.0,321000.0,84,0,0.226,0,486000.0,1
TRAD-003328,38,Salaried,498000.0,6,781,2,24100.0,1066000.0,12,4,2.721,0,226000.0,0
TRAD-003329,61,Salaried,120000.0,17,824,0,0.0,787000.0,180,0,0.437,0,711000.0,1
TRAD-003330,48,Self-Employed,286000.0,21,654,2,16100.0,1367000.0,240,4,0.915,0,661000.0,0
TRAD-003331,58,Self-Employed,653000.0,12,696,0,0.0,1463000.0,240,4,0.112,1,494000.0,1
TRAD-003332,31,Salaried,128000.0,27,690,1,9600.0,50000.0,24,0,1.095,0,230000.0,0
TRAD-003333,58,Salaried,567000.0,14,640,1,5300.0,1571000.0,240,3,0.251,0,0.0,1
TRAD-003334,24,Salaried,260000.0,14,770,1,11800.0,1064000.0,24,1,2.591,0,256000.0,0
TRAD-003335,31,Self-Employed,1109000.0,2,734,0,0.0,555000.0,180,1,0.033,0,0.0,1
TRAD-003336,44,Self-Employed,1256000.0,27,713,0,0.0,573000.0,24,1,0.228,1,0.0,1
TRAD-003337,23,Self-Employed,354000.0,4,734,1,8900.0,921000.0,48,1,0.952,0,462000.0,0
TRAD-003338,58,Business Owner,722000.0,4,758,2,22700.0,573000.0,240,4,0.417,0,593000.0,1
TRAD-003339,59,Salaried,381000.0,28,758,1,7400.0,291000.0,60,0,0.386,1,0.0,0
TRAD-003340,44,Salaried,563000.0,15,620,2,11700.0,440000.0,24,1,0.64,0,236000.0,0
TRAD-003341,34,Salaried,1155000.0,2,785,1,10700.0,224000.0,48,1,0.16,0,296000.0,1
TRAD-003342,25,Business Owner,519000.0,13,724,2,14100.0,1775000.0,36,2,1.466,0,227000.0,0
TRAD-003343,48,Self-Employed,570000.0,17,659,1,14800.0,936000.0,240,1,0.394,0,0.0,0
TRAD-003344,44,Salaried,386000.0,0,722,1,9300.0,2364000.0,48,3,1.82,1,633000.0,0
TRAD-003345,54,Salaried,971000.0,22,733,1,3500.0,1141000.0,12,4,1.218,0,0.0,1
TRAD-003346,47,Self-Employed,120000.0,20,803,0,0.0,1283000.0,24,3,3.0,0,0.0,0
TRAD-003347,26,Self-Employed,526000.0,0,601,1,5000.0,210000.0,60,1,0.194,0,0.0,1
TRAD-003348,26,Self-Employed,637000.0,18,826,0,0.0,758000.0,12,4,1.19,0,420000.0,1
TRAD-003349,55,Salaried,465000.0,6,702,0,0.0,947000.0,36,2,0.679,0,233000.0,0
TRAD-003350,27,Business Owner,892000.0,22,652,3,26300.0,486000.0,84,1,0.432,0,107000.0,1
TRAD-003351,62,Self-Employed,987000.0,11,649,0,0.0,598000.0,180,3,0.04,0,432000.0,1
TRAD-003352,25,Self-Employed,255000.0,6,605,0,0.0,1173000.0,12,4,3.0,1,383000.0,0
TRAD-003353,53,Self-Employed,1236000.0,15,535,0,0.0,1186000.0,48,1,0.24,0,0.0,1
TRAD-003354,63,Business Owner,251000.0,13,764,2,22200.0,50000.0,48,1,1.111,0,429000.0,0
TRAD-003355,40,Business Owner,1011000.0,10,888,0,0.0,1084000.0,180,3,0.071,0,595000.0,1
TRAD-003356,23,Self-Employed,692000.0,26,546,1,8200.0,1259000.0,180,2,0.263,0,269000.0,0
TRAD-003357,59,Salaried,509000.0,19,610,1,6500.0,516000.0,240,3,0.204,0,241000.0,1
TRAD-003358,29,Salaried,535000.0,14,771,0,0.0,450000.0,84,2,0.12,1,773000.0,1
TRAD-003359,44,Business Owner,641000.0,6,696,1,15200.0,1187000.0,24,0,1.21,0,123000.0,0
TRAD-003360,64,Self-Employed,708000.0,17,779,1,13400.0,50000.0,240,1,0.231,0,259000.0,1
TRAD-003361,53,Salaried,392000.0,0,690,2,30700.0,901000.0,120,4,1.17,0,383000.0,0
TRAD-003362,23,Salaried,584000.0,26,645,0,0.0,1962000.0,84,4,0.48,0,312000.0,1
TRAD-003363,57,Business Owner,434000.0,0,679,1,5100.0,50000.0,48,1,0.17,0,232000.0,0
TRAD-003364,28,Business Owner,310000.0,20,474,1,5500.0,1435000.0,180,3,0.522,0,322000.0,0
TRAD-003365,53,Business Owner,421000.0,10,591,1,14500.0,1254000.0,48,0,1.158,0,692000.0,0
TRAD-003366,48,Salaried,328000.0,21,790,0,0.0,50000.0,36,1,0.051,0,502000.0,1
TRAD-003367,33,Self-Employed,532000.0,10,813,2,30000.0,1238000.0,36,3,1.452,0,281000.0,0
TRAD-003368,39,Business Owner,771000.0,0,834,0,0.0,1551000.0,84,0,0.287,0,84000.0,1
TRAD-003369,26,Salaried,684000.0,28,742,0,0.0,135000.0,84,3,0.028,0,117000.0,1
TRAD-003370,64,Salaried,1203000.0,22,486,0,0.0,440000.0,36,4,0.122,0,538000.0,1
TRAD-003371,31,Business Owner,120000.0,1,640,1,11900.0,917000.0,48,0,3.0,1,0.0,0
TRAD-003372,34,Salaried,781000.0,0,826,3,55600.0,1535000.0,36,2,1.509,0,901000.0,0
TRAD-003373,43,Self-Employed,652000.0,15,854,1,7700.0,548000.0,120,1,0.226,0,292000.0,1
TRAD-003374,50,Self-Employed,878000.0,28,829,0,0.0,873000.0,48,3,0.249,1,0.0,1
TRAD-003375,43,Self-Employed,851000.0,17,678,0,0.0,468000.0,180,4,0.037,0,345000.0,1
TRAD-003376,43,Salaried,604000.0,0,576,2,10000.0,916000.0,36,0,0.704,0,100000.0,0
TRAD-003377,46,Self-Employed,698000.0,20,696,1,7700.0,1580000.0,48,3,0.698,0,195000.0,1
TRAD-003378,58,Salaried,442000.0,12,701,1,6800.0,969000.0,12,0,2.377,0,0.0,0
TRAD-003379,38,Business Owner,822000.0,19,849,2,8000.0,668000.0,12,2,0.929,0,240000.0,1
TRAD-003380,57,Salaried,124000.0,10,722,3,24500.0,879000.0,12,2,3.0,0,0.0,0
TRAD-003381,55,Self-Employed,868000.0,0,702,0,0.0,380000.0,12,2,0.438,0,150000.0,0
TRAD-003382,63,Self-Employed,644000.0,0,707,3,16200.0,254000.0,240,3,0.322,1,93000.0,0
TRAD-003383,61,Salaried,514000.0,18,738,1,8400.0,1682000.0,36,3,1.287,0,174000.0,0
TRAD-003384,56,Salaried,585000.0,19,760,0,0.0,1965000.0,60,1,0.672,0,109000.0,1
TRAD-003385,31,Self-Employed,605000.0,9,631,0,0.0,50000.0,240,3,0.004,0,308000.0,1
TRAD-003386,55,Salaried,1013000.0,2,600,0,0.0,1278000.0,60,2,0.252,0,522000.0,1
TRAD-003387,53,Salaried,1555000.0,23,830,1,6300.0,1458000.0,48,0,0.283,1,390000.0,1
TRAD-003388,33,Salaried,992000.0,4,544,2,19600.0,112000.0,120,3,0.248,0,625000.0,1
TRAD-003389,50,Business Owner,492000.0,5,856,1,14100.0,593000.0,120,1,0.464,0,175000.0,1
TRAD-003390,32,Self-Employed,826000.0,13,518,0,0.0,525000.0,12,0,0.636,0,381000.0,1
TRAD-003391,44,Salaried,839000.0,21,644,1,10900.0,2136000.0,240,2,0.283,0,391000.0,1
TRAD-003392,56,Business Owner,391000.0,29,792,0,0.0,1974000.0,24,2,2.524,0,588000.0,0
TRAD-003393,29,Salaried,297000.0,18,700,1,5900.0,301000.0,48,3,0.492,1,117000.0,0
TRAD-003394,35,Salaried,632000.0,28,575,0,0.0,50000.0,240,2,0.004,0,497000.0,1
TRAD-003395,55,Salaried,876000.0,19,741,2,33100.0,1402000.0,84,3,0.682,0,86000.0,1
TRAD-003396,40,Salaried,199000.0,25,706,1,7500.0,1254000.0,84,1,1.352,0,158000.0,0
TRAD-003397,63,Salaried,448000.0,5,679,1,10300.0,1709000.0,180,3,0.53,0,210000.0,0
TRAD-003398,21,Self-Employed,810000.0,1,641,0,0.0,212000.0,60,4,0.052,0,413000.0,1
TRAD-003399,52,Salaried,662000.0,20,697,2,8700.0,1370000.0,84,2,0.453,0,28000.0,1
TRAD-003400,56,Self-Employed,1047000.0,29,645,0,0.0,424000.0,60,3,0.081,0,63000.0,1
TRAD-003401,61,Salaried,255000.0,22,900,0,0.0,1305000.0,24,1,2.559,0,139000.0,0
TRAD-003402,27,Salaried,1309000.0,10,677,1,8000.0,876000.0,36,3,0.296,0,312000.0,1
TRAD-003403,64,Salaried,219000.0,14,664,1,3100.0,2135000.0,120,4,1.145,0,66000.0,0
TRAD-003404,38,Self-Employed,120000.0,3,649,0,0.0,1191000.0,36,4,3.0,0,366000.0,0
TRAD-003405,36,Self-Employed,634000.0,10,869,2,30400.0,696000.0,240,4,0.63,0,211000.0,0
TRAD-003406,36,Salaried,332000.0,20,544,2,11200.0,990000.0,240,1,0.554,0,464000.0,0
TRAD-003407,49,Salaried,639000.0,4,734,2,25200.0,835000.0,120,4,0.604,0,316000.0,0
TRAD-003408,50,Salaried,629000.0,14,677,1,0.0,150000.0,12,1,0.238,0,738000.0,1
TRAD-003409,41,Business Owner,595000.0,8,565,1,5800.0,2151000.0,120,4,0.478,0,330000.0,0
TRAD-003410,24,Salaried,414000.0,14,622,1,1400.0,1939000.0,240,0,0.275,0,0.0,0
TRAD-003411,64,Self-Employed,771000.0,22,730,1,13900.0,785000.0,120,4,0.318,1,247000.0,1
TRAD-003412,30,Salaried,561000.0,26,618,1,12500.0,1355000.0,84,1,0.612,0,305000.0,1
TRAD-003413,25,Salaried,959000.0,12,725,1,4900.0,2233000.0,84,1,0.394,0,73000.0,1
TRAD-003414,47,Self-Employed,599000.0,24,864,0,0.0,1704000.0,60,2,0.569,1,679000.0,1
TRAD-003415,39,Salaried,380000.0,21,716,1,13800.0,700000.0,36,2,1.05,0,223000.0,0
TRAD-003416,48,Salaried,177000.0,27,562,2,28900.0,843000.0,60,0,2.912,0,139000.0,0
TRAD-003417,59,Business Owner,602000.0,22,620,2,14800.0,50000.0,240,2,0.299,0,345000.0,1
TRAD-003418,25,Salaried,295000.0,16,673,1,200.0,1404000.0,12,4,3.0,0,73000.0,0
TRAD-003419,33,Salaried,272000.0,20,667,0,0.0,1708000.0,24,2,3.0,0,542000.0,0
TRAD-003420,43,Salaried,798000.0,9,714,1,12100.0,1712000.0,180,2,0.325,0,491000.0,1
TRAD-003421,55,Salaried,152000.0,20,730,3,52200.0,1356000.0,180,4,3.0,0,333000.0,0
TRAD-003422,47,Self-Employed,1045000.0,21,864,2,17600.0,1129000.0,60,0,0.418,0,448000.0,1
TRAD-003423,37,Salaried,695000.0,18,700,2,13100.0,251000.0,48,1,0.316,0,175000.0,1
TRAD-003424,47,Business Owner,638000.0,3,591,1,18600.0,1108000.0,12,4,2.087,0,0.0,0
TRAD-003425,64,Self-Employed,360000.0,15,810,0,0.0,489000.0,120,0,0.136,0,219000.0,1
TRAD-003426,42,Business Owner,864000.0,21,820,1,4100.0,1241000.0,60,1,0.344,0,175000.0,1
TRAD-003427,59,Business Owner,649000.0,5,722,0,0.0,403000.0,180,1,0.041,0,0.0,1
TRAD-003428,55,Business Owner,458000.0,23,677,2,26000.0,1237000.0,48,4,1.356,0,36000.0,0
TRAD-003429,34,Self-Employed,706000.0,25,759,3,26200.0,1760000.0,180,0,0.612,0,0.0,1
TRAD-003430,31,Salaried,179000.0,16,680,0,0.0,1145000.0,240,1,0.32,0,37000.0,1
TRAD-003431,54,Salaried,192000.0,28,505,1,2600.0,1113000.0,24,2,3.0,0,633000.0,0
TRAD-003432,30,Self-Employed,336000.0,25,754,2,6500.0,1493000.0,120,0,0.676,0,428000.0,1
TRAD-003433,35,Salaried,748000.0,13,785,3,18200.0,2051000.0,84,0,0.684,0,541000.0,1
TRAD-003434,31,Self-Employed,649000.0,26,837,0,0.0,830000.0,48,1,0.32,0,427000.0,1
TRAD-003435,47,Salaried,944000.0,27,631,1,10300.0,1239000.0,24,0,0.787,0,571000.0,1
TRAD-003436,33,Business Owner,392000.0,3,721,0,0.0,1882000.0,24,4,2.401,0,307000.0,0
TRAD-003437,49,Salaried,811000.0,29,724,2,37700.0,1335000.0,24,2,1.381,0,679000.0,0
TRAD-003438,62,Business Owner,618000.0,0,708,1,6000.0,50000.0,36,0,0.143,1,0.0,0
TRAD-003439,57,Salaried,386000.0,14,711,0,0.0,435000.0,60,3,0.225,0,283000.0,1
TRAD-003440,62,Salaried,758000.0,28,704,0,0.0,1388000.0,60,3,0.366,1,44000.0,0
TRAD-003441,22,Business Owner,632000.0,21,720,1,13300.0,640000.0,240,3,0.303,0,610000.0,1
TRAD-003442,41,Business Owner,474000.0,8,770,0,0.0,1836000.0,120,2,0.387,0,405000.0,1
TRAD-003443,30,Self-Employed,662000.0,19,816,1,7200.0,2108000.0,240,0,0.29,0,597000.0,1
TRAD-003444,61,Business Owner,614000.0,6,628,1,17300.0,516000.0,120,3,0.422,0,0.0,0
TRAD-003445,52,Salaried,607000.0,7,684,1,6200.0,229000.0,84,4,0.176,0,149000.0,1
TRAD-003446,35,Business Owner,534000.0,27,660,1,13100.0,665000.0,180,1,0.377,0,0.0,1
TRAD-003447,45,Salaried,285000.0,1,646,0,0.0,628000.0,120,0,0.22,0,390000.0,0
TRAD-003448,47,Salaried,671000.0,28,546,0,0.0,1898000.0,180,1,0.189,0,193000.0,1
TRAD-003449,42,Salaried,425000.0,13,702,0,0.0,227000.0,36,3,0.178,0,489000.0,1
TRAD-003450,41,Salaried,364000.0,1,746,1,0.0,1383000.0,120,3,0.38,0,308000.0,1
TRAD-003451,23,Self-Employed,583000.0,23,685,0,0.0,1802000.0,36,4,1.03,0,0.0,0
TRAD-003452,40,Self-Employed,856000.0,1,699,0,0.0,1432000.0,36,2,0.558,0,0.0,0
TRAD-003453,36,Salaried,702000.0,9,740,1,11300.0,1184000.0,120,4,0.362,0,321000.0,1
TRAD-003454,57,Business Owner,501000.0,7,834,1,12000.0,795000.0,60,1,0.605,0,416000.0,1
TRAD-003455,59,Salaried,490000.0,23,660,0,0.0,2102000.0,180,2,0.286,0,0.0,1
TRAD-003456,54,Salaried,828000.0,11,589,0,0.0,741000.0,120,3,0.089,0,279000.0,1
TRAD-003457,22,Self-Employed,120000.0,19,691,0,0.0,1516000.0,120,1,1.263,1,46000.0,0
TRAD-003458,58,Salaried,873000.0,2,879,1,7500.0,797000.0,24,1,0.56,1,22000.0,0
TRAD-003459,38,Salaried,125000.0,20,590,0,0.0,50000.0,12,4,0.4,0,136000.0,0
TRAD-003460,39,Self-Employed,254000.0,21,762,2,9100.0,725000.0,36,2,1.381,1,331000.0,0
TRAD-003461,62,Salaried,506000.0,8,810,1,8200.0,798000.0,48,3,0.589,0,123000.0,1
TRAD-003462,59,Salaried,1258000.0,26,475,0,0.0,807000.0,180,3,0.043,0,0.0,1
TRAD-003463,23,Self-Employed,1120000.0,14,739,0,0.0,471000.0,12,3,0.421,0,329000.0,1
TRAD-003464,36,Salaried,848000.0,20,757,1,2000.0,1307000.0,60,4,0.337,1,212000.0,0
TRAD-003465,53,Business Owner,750000.0,5,675,2,7800.0,1379000.0,180,1,0.247,0,65000.0,1
TRAD-003466,44,Self-Employed,129000.0,27,639,0,0.0,701000.0,48,1,1.359,0,223000.0,0
TRAD-003467,32,Salaried,694000.0,7,644,0,0.0,696000.0,36,4,0.334,0,213000.0,0
TRAD-003468,44,Salaried,496000.0,18,669,1,10400.0,217000.0,24,2,0.47,0,311000.0,1
TRAD-003469,59,Salaried,421000.0,2,671,1,0.0,1065000.0,48,4,0.632,0,238000.0,0
TRAD-003470,30,Self-Employed,693000.0,1,653,2,19900.0,1796000.0,84,4,0.715,0,341000.0,0
TRAD-003471,53,Salaried,518000.0,3,667,1,8500.0,1796000.0,84,3,0.692,0,288000.0,0
TRAD-003472,53,Business Owner,893000.0,28,813,0,0.0,511000.0,180,3,0.038,0,505000.0,1
TRAD-003473,59,Salaried,120000.0,6,585,0,0.0,2194000.0,12,4,3.0,0,696000.0,0
TRAD-003474,34,Self-Employed,671000.0,26,534,1,13200.0,665000.0,36,1,0.566,0,296000.0,1
TRAD-003475,30,Salaried,404000.0,17,815,0,0.0,240000.0,48,2,0.149,0,145000.0,1
TRAD-003476,45,Salaried,535000.0,2,682,0,0.0,50000.0,48,2,0.023,0,0.0,1
TRAD-003477,44,Salaried,735000.0,13,663,0,0.0,200000.0,120,0,0.027,0,462000.0,1
TRAD-003478,39,Self-Employed,337000.0,14,689,1,5700.0,1117000.0,12,2,3.0,1,74000.0,0
TRAD-003479,55,Business Owner,696000.0,8,720,1,13000.0,733000.0,36,3,0.575,0,887000.0,1
TRAD-003480,56,Salaried,591000.0,18,650,1,10600.0,489000.0,12,2,1.043,0,995000.0,1
TRAD-003481,31,Salaried,465000.0,25,748,5,40000.0,349000.0,84,3,1.139,0,247000.0,0
TRAD-003482,56,Salaried,518000.0,26,609,2,36900.0,194000.0,240,0,0.874,0,0.0,0
TRAD-003483,31,Salaried,607000.0,15,671,0,0.0,322000.0,240,2,0.027,0,463000.0,1
TRAD-003484,38,Business Owner,435000.0,26,490,2,4500.0,1560000.0,12,4,3.0,0,825000.0,0
TRAD-003485,22,Business Owner,652000.0,27,811,0,0.0,2072000.0,24,1,1.589,0,0.0,0
TRAD-003486,35,Business Owner,572000.0,2,683,0,0.0,2112000.0,84,2,0.527,0,775000.0,0
TRAD-003487,63,Salaried,479000.0,19,764,0,0.0,1347000.0,36,3,0.937,0,0.0,0
TRAD-003488,40,Salaried,1095000.0,23,745,1,9300.0,580000.0,36,3,0.278,0,0.0,1
TRAD-003489,52,Self-Employed,766000.0,0,752,1,13900.0,466000.0,120,0,0.279,0,377000.0,0
TRAD-003490,25,Salaried,543000.0,18,699,1,11600.0,1391000.0,36,0,1.11,0,554000.0,1
TRAD-003491,48,Self-Employed,691000.0,27,737,0,0.0,740000.0,84,3,0.153,0,283000.0,1
TRAD-003492,37,Salaried,362000.0,8,609,1,12000.0,1168000.0,12,2,3.0,0,412000.0,0
TRAD-003493,53,Salaried,528000.0,25,589,2,18200.0,2155000.0,240,4,0.618,0,576000.0,1
TRAD-003494,61,Business Owner,560000.0,28,690,0,0.0,1041000.0,12,4,1.859,0,605000.0,0
TRAD-003495,44,Salaried,301000.0,19,635,0,0.0,2381000.0,12,0,3.0,0,144000.0,0
TRAD-003496,25,Business Owner,758000.0,18,835,0,0.0,168000.0,48,1,0.055,0,84000.0,1
TRAD-003497,41,Salaried,508000.0,16,736,3,21200.0,1191000.0,180,4,0.657,0,563000.0,1
TRAD-003498,26,Salaried,550000.0,12,632,2,29900.0,1104000.0,84,1,0.939,1,414000.0,0
TRAD-003499,40,Salaried,491000.0,13,674,0,0.0,260000.0,60,0,0.106,0,447000.0,1
TRAD-003500,23,Salaried,1479000.0,15,713,0,0.0,1421000.0,36,0,0.32,0,135000.0,1
TRAD-003501,49,Salaried,464000.0,14,694,0,0.0,1895000.0,36,2,1.361,0,460000.0,0
TRAD-003502,34,Salaried,120000.0,24,726,1,8400.0,2332000.0,84,1,3.0,0,26000.0,0
TRAD-003503,29,Self-Employed,202000.0,23,707,1,1700.0,1167000.0,60,4,1.256,1,362000.0,0
TRAD-003504,21,Business Owner,863000.0,10,568,1,17500.0,50000.0,84,4,0.252,0,328000.0,1
TRAD-003505,60,Salaried,1024000.0,15,496,0,0.0,1210000.0,48,0,0.295,0,330000.0,1
TRAD-003506,57,Salaried,459000.0,6,665,1,0.0,1382000.0,36,4,1.004,0,495000.0,0
TRAD-003507,56,Salaried,1008000.0,5,753,2,25900.0,747000.0,24,0,0.679,0,45000.0,0
TRAD-003508,23,Self-Employed,858000.0,11,666,0,0.0,1040000.0,36,3,0.404,1,469000.0,0
TRAD-003509,36,Self-Employed,597000.0,1,817,0,0.0,586000.0,24,4,0.491,0,305000.0,1
TRAD-003510,63,Salaried,577000.0,25,696,0,0.0,813000.0,60,1,0.282,0,102000.0,1
TRAD-003511,46,Salaried,701000.0,3,829,2,0.0,1561000.0,36,0,0.742,0,0.0,1
TRAD-003512,26,Salaried,896000.0,9,809,2,12300.0,1803000.0,180,0,0.299,0,772000.0,1
TRAD-003513,27,Salaried,761000.0,7,800,0,0.0,74000.0,60,1,0.019,0,283000.0,1
TRAD-003514,32,Salaried,460000.0,6,586,2,24800.0,568000.0,36,4,1.059,0,211000.0,0
TRAD-003515,63,Business Owner,601000.0,11,702,1,18000.0,50000.0,12,2,0.443,0,14000.0,0
TRAD-003516,28,Salaried,1205000.0,21,816,1,8000.0,2095000.0,24,2,0.949,1,572000.0,1
TRAD-003517,60,Salaried,720000.0,26,726,0,0.0,1466000.0,12,0,2.036,0,553000.0,0
TRAD-003518,50,Salaried,893000.0,5,753,1,20000.0,50000.0,36,3,0.287,0,505000.0,1
TRAD-003519,61,Self-Employed,801000.0,7,568,2,18000.0,858000.0,36,0,0.627,0,285000.0,0
TRAD-003520,57,Salaried,727000.0,14,882,0,0.0,716000.0,12,3,0.985,0,488000.0,1
TRAD-003521,35,Salaried,680000.0,9,625,0,0.0,409000.0,120,4,0.06,0,94000.0,1
TRAD-003522,57,Salaried,901000.0,23,511,2,33700.0,1574000.0,60,3,0.798,0,354000.0,0
TRAD-003523,28,Self-Employed,851000.0,6,667,2,12300.0,1559000.0,240,2,0.265,1,286000.0,0
TRAD-003524,33,Salaried,724000.0,12,467,0,0.0,1075000.0,180,3,0.099,0,367000.0,1
TRAD-003525,30,Business Owner,456000.0,16,597,1,10000.0,483000.0,12,1,1.322,0,0.0,0
TRAD-003526,26,Salaried,758000.0,11,900,2,18700.0,488000.0,120,3,0.36,0,767000.0,1
TRAD-003527,24,Salaried,631000.0,18,664,1,7300.0,929000.0,240,3,0.212,1,705000.0,0
TRAD-003528,29,Business Owner,564000.0,23,564,1,10000.0,603000.0,180,0,0.284,0,12000.0,1
TRAD-003529,26,Business Owner,1400000.0,15,702,3,48100.0,896000.0,120,1,0.476,0,444000.0,1
TRAD-003530,37,Salaried,219000.0,13,615,0,0.0,1263000.0,24,3,2.884,0,0.0,0
TRAD-003531,24,Business Owner,918000.0,28,782,1,8300.0,50000.0,240,2,0.111,0,321000.0,1
TRAD-003532,23,Salaried,408000.0,29,615,0,0.0,407000.0,180,1,0.067,0,0.0,1
TRAD-003533,64,Salaried,687000.0,29,726,3,17300.0,878000.0,60,4,0.558,0,227000.0,1
TRAD-003534,24,Business Owner,1369000.0,0,591,1,19700.0,1917000.0,240,4,0.243,0,178000.0,1
TRAD-003535,24,Self-Employed,381000.0,25,900,1,9500.0,1449000.0,60,3,1.06,0,589000.0,1
TRAD-003536,22,Salaried,447000.0,26,748,1,13500.0,898000.0,60,2,0.764,0,717000.0,1
TRAD-003537,26,Self-Employed,645000.0,24,686,2,23600.0,1162000.0,180,2,0.559,1,723000.0,0
TRAD-003538,44,Salaried,413000.0,22,672,0,0.0,834000.0,120,4,0.202,0,590000.0,1
TRAD-003539,57,Salaried,898000.0,10,647,1,8000.0,1600000.0,60,2,0.463,0,321000.0,1
TRAD-003540,53,Business Owner,500000.0,21,628,0,0.0,1182000.0,180,4,0.158,0,397000.0,1
TRAD-003541,46,Salaried,833000.0,17,625,0,0.0,1731000.0,240,4,0.104,1,396000.0,1
TRAD-003542,24,Self-Employed,278000.0,24,859,3,37800.0,50000.0,84,4,1.657,0,5000.0,0
TRAD-003543,55,Self-Employed,144000.0,10,648,0,0.0,376000.0,240,3,0.131,0,586000.0,1
TRAD-003544,22,Self-Employed,586000.0,22,498,0,0.0,1078000.0,48,1,0.46,0,473000.0,0
TRAD-003545,48,Salaried,211000.0,23,589,3,33200.0,1221000.0,60,1,3.0,1,484000.0,0
TRAD-003546,39,Business Owner,1075000.0,25,788,0,0.0,2460000.0,84,4,0.327,0,0.0,1
TRAD-003547,59,Self-Employed,222000.0,5,676,1,10000.0,50000.0,84,2,0.573,0,413000.0,0
TRAD-003548,34,Self-Employed,359000.0,25,687,0,0.0,879000.0,24,1,1.224,0,551000.0,1
TRAD-003549,49,Salaried,766000.0,6,811,0,0.0,849000.0,60,0,0.222,0,296000.0,1
TRAD-003550,40,Salaried,486000.0,28,626,0,0.0,1055000.0,24,3,1.085,0,175000.0,0
TRAD-003551,43,Salaried,225000.0,1,760,0,0.0,2027000.0,120,4,0.901,0,0.0,0
TRAD-003552,62,Salaried,1221000.0,6,637,3,22300.0,1470000.0,180,1,0.299,0,0.0,1
TRAD-003553,52,Salaried,370000.0,18,755,1,10100.0,50000.0,120,3,0.341,0,339000.0,1
TRAD-003554,39,Self-Employed,595000.0,16,663,0,0.0,1897000.0,180,1,0.213,0,241000.0,1
TRAD-003555,40,Business Owner,591000.0,20,677,0,0.0,1879000.0,84,1,0.454,0,238000.0,1
TRAD-003556,52,Salaried,849000.0,12,778,0,0.0,1071000.0,48,2,0.315,0,682000.0,1
TRAD-003557,36,Salaried,779000.0,0,771,2,19600.0,50000.0,12,1,0.366,0,0.0,1
TRAD-003558,28,Self-Employed,418000.0,18,684,1,9900.0,801000.0,12,4,2.2,0,214000.0,0
TRAD-003559,41,Salaried,559000.0,15,655,0,0.0,1205000.0,240,4,0.108,0,724000.0,1
TRAD-003560,24,Business Owner,586000.0,15,852,2,15700.0,1548000.0,180,1,0.498,1,222000.0,0
TRAD-003561,28,Salaried,860000.0,11,756,0,0.0,50000.0,48,1,0.015,0,317000.0,1
TRAD-003562,39,Salaried,323000.0,26,663,1,8500.0,400000.0,240,0,0.378,0,256000.0,1
TRAD-003563,56,Salaried,1215000.0,23,638,0,0.0,1614000.0,36,3,0.443,0,476000.0,1
TRAD-003564,55,Business Owner,437000.0,5,797,0,0.0,1876000.0,120,3,0.429,1,0.0,0
TRAD-003565,32,Salaried,648000.0,1,711,0,0.0,1180000.0,24,4,0.91,0,249000.0,0
TRAD-003566,39,Self-Employed,325000.0,5,684,0,0.0,1647000.0,120,2,0.507,0,314000.0,0
TRAD-003567,27,Salaried,287000.0,1,711,0,0.0,1196000.0,12,4,3.0,0,50000.0,0
TRAD-003568,54,Salaried,405000.0,21,732,1,8100.0,1526000.0,120,0,0.617,0,386000.0,1
TRAD-003569,31,Business Owner,378000.0,18,695,0,0.0,994000.0,60,1,0.526,0,497000.0,1
TRAD-003570,56,Salaried,534000.0,13,814,2,13800.0,1212000.0,84,2,0.634,0,413000.0,1
TRAD-003571,58,Salaried,376000.0,17,820,0,0.0,106000.0,12,3,0.282,0,745000.0,1
TRAD-003572,51,Salaried,845000.0,24,751,0,0.0,1369000.0,48,1,0.405,0,192000.0,1
TRAD-003573,35,Business Owner,431000.0,24,831,1,9700.0,86000.0,24,1,0.37,0,425000.0,1
TRAD-003574,62,Salaried,400000.0,13,701,0,0.0,1369000.0,84,0,0.489,0,419000.0,1
TRAD-003575,51,Salaried,540000.0,17,766,2,38800.0,615000.0,12,4,2.001,0,241000.0,0
TRAD-003576,49,Business Owner,928000.0,17,795,0,0.0,1140000.0,240,2,0.061,0,583000.0,1
TRAD-003577,58,Self-Employed,710000.0,28,797,1,12300.0,281000.0,24,0,0.406,0,372000.0,1
TRAD-003578,59,Business Owner,622000.0,22,787,0,0.0,573000.0,60,1,0.184,0,0.0,1
TRAD-003579,24,Self-Employed,249000.0,9,760,3,26700.0,1139000.0,240,2,1.515,0,488000.0,0
TRAD-003580,59,Self-Employed,330000.0,26,886,1,11100.0,1390000.0,48,2,1.457,0,175000.0,1
TRAD-003581,54,Salaried,292000.0,11,649,1,14400.0,1611000.0,60,2,1.695,0,219000.0,0
TRAD-003582,30,Salaried,1016000.0,22,685,0,0.0,152000.0,240,0,0.007,1,238000.0,1
TRAD-003583,34,Self-Employed,799000.0,29,680,0,0.0,50000.0,12,4,0.063,0,484000.0,1
TRAD-003584,54,Self-Employed,409000.0,24,665,2,22200.0,266000.0,84,4,0.744,0,570000.0,1
TRAD-003585,30,Business Owner,492000.0,3,511,1,16700.0,207000.0,84,1,0.467,0,260000.0,0
TRAD-003586,40,Self-Employed,419000.0,6,831,0,0.0,1918000.0,120,1,0.458,1,246000.0,0
TRAD-003587,51,Salaried,402000.0,23,603,0,0.0,1771000.0,84,0,0.629,0,0.0,0
TRAD-003588,49,Salaried,779000.0,3,716,2,9200.0,252000.0,60,0,0.206,0,123000.0,1
TRAD-003589,61,Self-Employed,569000.0,0,565,0,0.0,2012000.0,60,4,0.707,0,63000.0,0
TRAD-003590,25,Salaried,1233000.0,7,759,1,5500.0,1732000.0,36,0,0.522,0,378000.0,1
TRAD-003591,33,Self-Employed,1000000.0,14,625,3,16800.0,50000.0,48,1,0.214,1,273000.0,0
TRAD-003592,64,Self-Employed,1017000.0,3,592,1,8900.0,230000.0,240,4,0.116,0,73000.0,1
TRAD-003593,46,Salaried,838000.0,4,718,0,0.0,50000.0,84,1,0.009,0,338000.0,1
TRAD-003594,31,Self-Employed,532000.0,10,633,0,0.0,844000.0,120,3,0.159,0,283000.0,1
TRAD-003595,33,Self-Employed,817000.0,17,645,0,0.0,911000.0,24,0,0.558,0,0.0,1
TRAD-003596,35,Business Owner,552000.0,16,716,1,13000.0,910000.0,48,4,0.695,0,577000.0,1
TRAD-003597,45,Salaried,1106000.0,23,776,0,0.0,50000.0,24,4,0.023,0,553000.0,1
TRAD-003598,33,Self-Employed,763000.0,29,622,0,0.0,50000.0,240,4,0.003,1,241000.0,1
TRAD-003599,48,Salaried,723000.0,0,606,0,0.0,1069000.0,240,3,0.074,0,388000.0,1
TRAD-003600,40,Salaried,686000.0,20,702,1,7600.0,1304000.0,48,4,0.608,0,219000.0,1
TRAD-003601,47,Salaried,1137000.0,4,751,1,14200.0,50000.0,48,3,0.161,0,0.0,1
TRAD-003602,27,Business Owner,249000.0,10,839,2,20200.0,67000.0,120,1,1.0,0,841000.0,0
TRAD-003603,48,Business Owner,1165000.0,10,598,2,24400.0,1565000.0,24,4,0.923,0,487000.0,1
TRAD-003604,61,Salaried,598000.0,21,670,0,0.0,104000.0,84,1,0.025,0,535000.0,1
TRAD-003605,26,Self-Employed,256000.0,7,812,3,25500.0,890000.0,24,4,2.934,0,229000.0,0
TRAD-003606,35,Salaried,439000.0,26,887,0,0.0,50000.0,60,4,0.023,0,581000.0,1
TRAD-003607,51,Self-Employed,188000.0,11,606,2,16900.0,1440000.0,120,2,1.845,0,0.0,0
TRAD-003608,48,Salaried,833000.0,24,630,0,0.0,50000.0,120,1,0.006,0,239000.0,1
TRAD-003609,50,Self-Employed,359000.0,28,736,3,1300.0,702000.0,24,0,1.021,0,485000.0,0
TRAD-003610,45,Salaried,697000.0,15,645,0,0.0,1511000.0,36,2,0.723,0,143000.0,1
TRAD-003611,51,Self-Employed,968000.0,3,628,0,0.0,1297000.0,48,3,0.335,0,528000.0,1
TRAD-003612,47,Salaried,462000.0,21,723,1,13300.0,598000.0,120,2,0.475,0,376000.0,1
TRAD-003613,24,Self-Employed,575000.0,12,847,0,0.0,446000.0,36,3,0.259,1,352000.0,1
TRAD-003614,54,Self-Employed,285000.0,10,576,0,0.0,749000.0,60,0,0.526,0,120000.0,1
TRAD-003615,40,Salaried,541000.0,13,842,0,0.0,62000.0,36,0,0.038,1,401000.0,1
TRAD-003616,23,Salaried,1371000.0,8,645,1,8300.0,835000.0,48,1,0.225,0,783000.0,1
TRAD-003617,38,Business Owner,868000.0,8,733,1,5100.0,846000.0,60,4,0.265,1,344000.0,1
TRAD-003618,40,Self-Employed,576000.0,29,851,0,0.0,628000.0,24,2,0.545,0,439000.0,1
TRAD-003619,24,Salaried,479000.0,8,731,2,5600.0,1550000.0,12,1,3.0,0,476000.0,0
TRAD-003620,64,Salaried,638000.0,13,672,1,14500.0,204000.0,24,3,0.433,0,14000.0,1
TRAD-003621,30,Salaried,686000.0,21,768,2,32900.0,50000.0,60,2,0.59,0,267000.0,1
TRAD-003622,35,Self-Employed,533000.0,6,684,1,12000.0,559000.0,24,0,0.795,1,259000.0,0
TRAD-003623,40,Self-Employed,798000.0,18,750,0,0.0,981000.0,12,2,1.229,0,0.0,0
TRAD-003624,57,Salaried,383000.0,26,681,1,3400.0,831000.0,180,3,0.251,0,497000.0,1
TRAD-003625,53,Self-Employed,382000.0,24,782,0,0.0,802000.0,240,4,0.105,1,67000.0,0
TRAD-003626,54,Self-Employed,754000.0,0,568,2,22900.0,168000.0,60,1,0.409,0,470000.0,0
TRAD-003627,31,Self-Employed,323000.0,12,604,0,0.0,261000.0,84,0,0.115,0,110000.0,1
TRAD-003628,58,Salaried,854000.0,0,566,1,11800.0,583000.0,24,4,0.507,0,811000.0,1
TRAD-003629,57,Salaried,646000.0,18,695,1,13800.0,531000.0,12,1,1.078,0,230000.0,0
TRAD-003630,41,Salaried,138000.0,9,555,0,0.0,1614000.0,12,0,3.0,0,780000.0,0
TRAD-003631,45,Salaried,681000.0,26,634,0,0.0,1072000.0,24,2,0.787,0,257000.0,1
TRAD-003632,22,Salaried,178000.0,5,595,0,0.0,554000.0,24,0,1.556,0,287000.0,0
TRAD-003633,54,Salaried,844000.0,25,841,1,900.0,1612000.0,120,4,0.204,1,692000.0,1
TRAD-003634,63,Salaried,580000.0,10,606,0,0.0,1190000.0,120,3,0.205,0,71000.0,0
TRAD-003635,41,Self-Employed,1168000.0,27,578,2,19600.0,50000.0,120,2,0.206,0,312000.0,1
TRAD-003636,44,Salaried,950000.0,5,724,1,11200.0,50000.0,36,2,0.159,0,435000.0,1
TRAD-003637,42,Self-Employed,353000.0,8,860,3,24800.0,50000.0,48,1,0.878,0,401000.0,1
TRAD-003638,24,Salaried,120000.0,10,689,1,7000.0,1287000.0,48,2,3.0,0,311000.0,0
TRAD-003639,48,Self-Employed,439000.0,29,696,2,35600.0,1479000.0,24,4,2.658,0,276000.0,0
TRAD-003640,52,Salaried,308000.0,22,823,3,20500.0,50000.0,60,3,0.831,0,512000.0,1
TRAD-003641,61,Self-Employed,1161000.0,24,783,1,4900.0,1328000.0,60,3,0.279,0,344000.0,1
TRAD-003642,61,Self-Employed,647000.0,16,740,1,15800.0,1303000.0,24,4,1.3,0,542000.0,0
TRAD-003643,42,Salaried,911000.0,23,645,1,12400.0,1807000.0,36,0,0.825,0,398000.0,1
TRAD-003644,63,Self-Employed,570000.0,18,743,1,13400.0,1518000.0,60,4,0.815,0,463000.0,1
TRAD-003645,44,Salaried,600000.0,20,571,2,19600.0,1779000.0,12,0,3.0,0,583000.0,0
TRAD-003646,49,Self-Employed,641000.0,25,641,2,7000.0,1217000.0,84,1,0.402,0,222000.0,1
TRAD-003647,47,Salaried,960000.0,29,836,0,0.0,1196000.0,48,3,0.311,1,577000.0,1
TRAD-003648,64,Salaried,737000.0,17,824,0,0.0,681000.0,120,0,0.092,0,261000.0,1
TRAD-003649,53,Salaried,354000.0,13,742,0,0.0,1433000.0,120,2,0.405,0,0.0,1
TRAD-003650,26,Business Owner,1104000.0,19,517,1,11600.0,50000.0,48,1,0.137,0,218000.0,1
TRAD-003651,24,Salaried,568000.0,22,585,2,26600.0,810000.0,48,0,0.918,0,119000.0,0
TRAD-003652,39,Self-Employed,522000.0,29,635,3,25900.0,1251000.0,60,0,1.075,0,394000.0,0
TRAD-003653,43,Salaried,120000.0,20,684,0,0.0,1815000.0,12,2,3.0,1,229000.0,0
TRAD-003654,50,Salaried,828000.0,28,581,3,16200.0,589000.0,24,0,0.59,1,332000.0,0
TRAD-003655,42,Salaried,678000.0,21,677,1,12900.0,1528000.0,24,4,1.355,0,554000.0,0
TRAD-003656,43,Business Owner,678000.0,28,868,2,23400.0,772000.0,36,2,0.794,0,671000.0,1
TRAD-003657,61,Self-Employed,537000.0,22,738,0,0.0,1542000.0,84,3,0.41,0,373000.0,1
TRAD-003658,35,Salaried,489000.0,26,721,0,0.0,379000.0,36,1,0.258,0,571000.0,1
TRAD-003659,42,Self-Employed,547000.0,5,603,0,0.0,1372000.0,60,2,0.502,0,256000.0,0
TRAD-003660,45,Salaried,780000.0,29,544,0,0.0,838000.0,120,0,0.107,0,0.0,0
TRAD-003661,41,Salaried,829000.0,10,583,0,0.0,130000.0,120,0,0.016,0,5000.0,1
TRAD-003662,63,Salaried,585000.0,23,540,0,0.0,800000.0,60,3,0.274,0,251000.0,1
TRAD-003663,63,Salaried,916000.0,11,707,2,22400.0,1759000.0,84,1,0.568,0,499000.0,1
TRAD-003664,43,Salaried,628000.0,13,736,0,0.0,238000.0,48,4,0.095,0,252000.0,1
TRAD-003665,40,Self-Employed,509000.0,22,608,1,5000.0,50000.0,60,4,0.138,0,596000.0,1
TRAD-003666,46,Salaried,706000.0,16,714,0,0.0,1159000.0,180,0,0.109,0,758000.0,1
TRAD-003667,28,Business Owner,269000.0,21,840,2,24600.0,50000.0,60,3,1.135,0,78000.0,0
TRAD-003668,39,Self-Employed,715000.0,2,886,1,17600.0,1916000.0,48,3,0.965,0,831000.0,0
TRAD-003669,30,Business Owner,218000.0,25,773,0,0.0,1900000.0,240,1,0.436,0,0.0,1
TRAD-003670,27,Self-Employed,362000.0,12,683,0,0.0,1575000.0,240,4,0.218,0,762000.0,1
TRAD-003671,25,Business Owner,120000.0,23,770,2,34300.0,893000.0,180,3,3.0,0,292000.0,0
TRAD-003672,46,Salaried,601000.0,8,828,2,26400.0,1982000.0,180,1,0.747,0,242000.0,1
TRAD-003673,21,Salaried,1101000.0,17,509,1,1000.0,1775000.0,48,0,0.414,0,298000.0,1
TRAD-003674,49,Salaried,617000.0,17,841,2,9800.0,554000.0,240,2,0.235,0,100000.0,1
TRAD-003675,40,Business Owner,830000.0,4,648,0,0.0,1835000.0,84,1,0.316,0,675000.0,1
TRAD-003676,37,Salaried,1309000.0,14,649,1,12400.0,307000.0,240,2,0.125,0,127000.0,1
TRAD-003677,54,Self-Employed,763000.0,19,666,0,0.0,772000.0,12,1,1.012,0,159000.0,0
TRAD-003678,44,Self-Employed,436000.0,25,730,1,8500.0,50000.0,12,1,0.349,0,0.0,1
TRAD-003679,53,Salaried,474000.0,26,594,0,0.0,995000.0,12,4,2.099,0,117000.0,0
TRAD-003680,52,Business Owner,650000.0,11,673,1,0.0,709000.0,240,4,0.055,0,125000.0,1
TRAD-003681,22,Salaried,473000.0,19,750,0,0.0,606000.0,36,3,0.427,0,108000.0,1
TRAD-003682,30,Salaried,494000.0,5,721,1,12500.0,792000.0,12,1,1.907,0,256000.0,0
TRAD-003683,46,Self-Employed,926000.0,26,736,0,0.0,523000.0,120,2,0.056,0,21000.0,1
TRAD-003684,63,Salaried,937000.0,26,669,1,4400.0,927000.0,180,1,0.122,0,699000.0,1
TRAD-003685,27,Salaried,189000.0,29,766,2,11100.0,1734000.0,240,2,1.163,1,262000.0,0
TRAD-003686,25,Salaried,421000.0,14,800,0,0.0,210000.0,84,2,0.071,0,394000.0,1
TRAD-003687,62,Salaried,520000.0,10,795,0,0.0,1461000.0,120,4,0.281,0,515000.0,1
TRAD-003688,63,Self-Employed,818000.0,22,741,1,9900.0,1040000.0,84,3,0.327,0,806000.0,1
TRAD-003689,28,Business Owner,970000.0,21,789,3,12400.0,1143000.0,120,0,0.271,0,527000.0,1
TRAD-003690,38,Salaried,1407000.0,6,783,2,25800.0,880000.0,60,4,0.345,0,238000.0,1
TRAD-003691,48,Salaried,520000.0,16,900,1,9400.0,434000.0,12,0,1.052,1,32000.0,0
TRAD-003692,29,Salaried,534000.0,19,816,1,10000.0,1189000.0,24,0,1.338,0,385000.0,0
TRAD-003693,35,Business Owner,815000.0,13,692,0,0.0,1237000.0,240,4,0.076,0,566000.0,1
TRAD-003694,38,Self-Employed,459000.0,11,613,1,12000.0,380000.0,12,1,1.142,1,335000.0,0
TRAD-003695,49,Salaried,611000.0,7,675,0,0.0,50000.0,12,4,0.082,0,316000.0,1
TRAD-003696,34,Salaried,534000.0,12,668,0,0.0,955000.0,180,0,0.119,0,353000.0,1
TRAD-003697,39,Business Owner,120000.0,7,749,1,12000.0,1391000.0,240,1,1.78,0,0.0,0
TRAD-003698,33,Business Owner,685000.0,9,633,1,12100.0,1553000.0,60,4,0.665,0,337000.0,0
TRAD-003699,54,Salaried,599000.0,5,813,1,10700.0,1682000.0,24,0,1.618,0,483000.0,0
TRAD-003700,27,Business Owner,1006000.0,11,568,0,0.0,1141000.0,84,2,0.162,0,289000.0,1
TRAD-003701,31,Salaried,652000.0,18,545,6,36600.0,729000.0,12,3,1.792,0,581000.0,0
TRAD-003702,31,Salaried,299000.0,11,687,1,7300.0,899000.0,48,1,1.045,0,589000.0,0
TRAD-003703,60,Self-Employed,578000.0,4,620,0,0.0,92000.0,84,0,0.023,0,174000.0,0
TRAD-003704,62,Salaried,120000.0,24,580,1,11900.0,456000.0,180,4,1.443,0,410000.0,0
TRAD-003705,43,Salaried,311000.0,12,639,1,7900.0,865000.0,24,3,1.695,0,311000.0,0
TRAD-003706,27,Business Owner,828000.0,17,628,2,12400.0,727000.0,84,4,0.305,1,0.0,0
TRAD-003707,54,Business Owner,581000.0,15,701,0,0.0,960000.0,12,3,1.652,1,253000.0,0
TRAD-003708,42,Salaried,908000.0,15,641,2,32500.0,50000.0,60,3,0.441,0,42000.0,0
TRAD-003709,58,Self-Employed,120000.0,13,649,0,0.0,152000.0,120,3,0.127,0,333000.0,1
TRAD-003710,36,Self-Employed,582000.0,22,700,0,0.0,1404000.0,12,3,2.412,0,471000.0,0
TRAD-003711,64,Self-Employed,517000.0,25,796,1,16500.0,358000.0,120,2,0.452,0,246000.0,1
TRAD-003712,56,Business Owner,918000.0,27,840,1,10900.0,460000.0,240,4,0.168,1,75000.0,1
TRAD-003713,30,Self-Employed,838000.0,13,714,1,10700.0,962000.0,36,4,0.536,0,358000.0,1
TRAD-003714,52,Salaried,830000.0,10,721,1,9400.0,295000.0,120,1,0.171,0,911000.0,1
TRAD-003715,33,Salaried,1082000.0,2,683,1,5800.0,1619000.0,60,4,0.364,0,0.0,1
TRAD-003716,36,Business Owner,547000.0,13,746,0,0.0,83000.0,240,1,0.008,0,358000.0,1
TRAD-003717,32,Business Owner,1024000.0,29,737,1,11700.0,901000.0,84,3,0.263,0,164000.0,1
TRAD-003718,51,Salaried,358000.0,7,826,1,7200.0,413000.0,180,4,0.318,0,193000.0,1
TRAD-003719,32,Salaried,347000.0,25,521,0,0.0,1002000.0,24,2,1.444,0,274000.0,0
TRAD-003720,49,Self-Employed,861000.0,22,678,0,0.0,577000.0,36,0,0.223,1,214000.0,1
TRAD-003721,46,Salaried,229000.0,19,732,1,4800.0,885000.0,48,4,1.218,0,450000.0,0
TRAD-003722,54,Salaried,810000.0,16,698,1,15500.0,1694000.0,240,3,0.334,0,240000.0,1
TRAD-003723,64,Business Owner,678000.0,22,611,0,0.0,453000.0,84,2,0.095,0,0.0,1
TRAD-003724,21,Business Owner,950000.0,2,577,1,10300.0,448000.0,24,4,0.366,0,620000.0,0
TRAD-003725,64,Business Owner,633000.0,3,777,3,33700.0,695000.0,180,0,0.712,0,582000.0,0
TRAD-003726,25,Self-Employed,666000.0,5,628,1,1800.0,1858000.0,84,2,0.431,1,148000.0,0
TRAD-003727,44,Salaried,793000.0,22,533,1,7000.0,842000.0,48,0,0.371,1,312000.0,0
TRAD-003728,35,Business Owner,464000.0,12,781,0,0.0,1702000.0,48,0,0.917,0,604000.0,1
TRAD-003729,49,Salaried,452000.0,6,744,1,9500.0,785000.0,120,1,0.426,0,558000.0,1
TRAD-003730,52,Salaried,783000.0,1,689,1,10300.0,1673000.0,180,2,0.3,0,639000.0,1
TRAD-003731,58,Business Owner,642000.0,14,613,0,0.0,1165000.0,60,0,0.363,0,394000.0,1
TRAD-003732,38,Self-Employed,536000.0,11,689,1,13700.0,1260000.0,180,2,0.463,0,492000.0,1
TRAD-003733,62,Business Owner,627000.0,5,815,1,3000.0,50000.0,120,3,0.065,0,652000.0,1
TRAD-003734,35,Salaried,1096000.0,0,547,0,0.0,50000.0,12,0,0.046,0,214000.0,1
TRAD-003735,29,Business Owner,526000.0,22,551,0,0.0,1596000.0,180,0,0.202,0,410000.0,1
TRAD-003736,37,Self-Employed,518000.0,23,640,1,10100.0,1588000.0,84,3,0.672,0,0.0,1
TRAD-003737,44,Self-Employed,172000.0,7,697,1,3700.0,2474000.0,60,2,3.0,0,0.0,0
TRAD-003738,50,Business Owner,638000.0,14,653,2,27600.0,50000.0,84,0,0.53,0,425000.0,1
TRAD-003739,57,Salaried,834000.0,7,761,0,0.0,1216000.0,12,4,1.458,0,463000.0,0
TRAD-003740,30,Self-Employed,884000.0,12,803,0,0.0,235000.0,240,2,0.013,0,203000.0,1
TRAD-003741,34,Self-Employed,680000.0,3,726,0,0.0,419000.0,180,0,0.041,0,148000.0,1
TRAD-003742,62,Self-Employed,918000.0,28,753,1,9600.0,574000.0,240,1,0.157,1,211000.0,1
TRAD-003743,40,Business Owner,855000.0,21,726,0,0.0,1149000.0,84,2,0.192,1,348000.0,0
TRAD-003744,31,Self-Employed,962000.0,27,701,0,0.0,468000.0,36,1,0.162,0,0.0,1
TRAD-003745,64,Salaried,926000.0,8,577,1,14400.0,922000.0,84,4,0.329,0,416000.0,1
TRAD-003746,40,Salaried,1090000.0,26,602,0,0.0,1441000.0,36,3,0.441,0,308000.0,1
TRAD-003747,64,Business Owner,602000.0,15,572,0,0.0,1633000.0,60,0,0.543,0,362000.0,1
TRAD-003748,61,Business Owner,278000.0,5,686,0,0.0,1350000.0,180,1,0.324,0,269000.0,1
TRAD-003749,60,Business Owner,836000.0,9,722,1,10100.0,1194000.0,24,1,0.859,0,0.0,1
TRAD-003750,46,Salaried,869000.0,24,562,2,25400.0,808000.0,60,0,0.537,1,25000.0,0
TRAD-003751,56,Salaried,1090000.0,23,707,0,0.0,530000.0,60,0,0.097,0,681000.0,1
TRAD-003752,63,Self-Employed,1009000.0,21,617,1,12600.0,1250000.0,240,0,0.212,0,139000.0,1
TRAD-003753,32,Self-Employed,1195000.0,6,598,0,0.0,217000.0,60,3,0.036,1,502000.0,1
TRAD-003754,22,Salaried,824000.0,19,641,1,6400.0,977000.0,48,1,0.39,0,29000.0,1
TRAD-003755,35,Self-Employed,714000.0,28,594,0,0.0,201000.0,48,2,0.07,0,296000.0,1
TRAD-003756,49,Salaried,262000.0,1,758,1,0.0,873000.0,36,0,1.111,0,190000.0,0
TRAD-003757,45,Salaried,736000.0,9,684,1,9700.0,215000.0,24,4,0.304,0,228000.0,1
TRAD-003758,24,Salaried,495000.0,2,777,1,7400.0,640000.0,120,4,0.309,0,215000.0,1
TRAD-003759,45,Salaried,709000.0,3,658,1,7700.0,461000.0,120,3,0.195,0,661000.0,0
TRAD-003760,28,Salaried,665000.0,29,661,2,26200.0,382000.0,24,1,0.76,0,782000.0,1
TRAD-003761,43,Business Owner,782000.0,7,878,0,0.0,843000.0,60,3,0.216,0,359000.0,1
TRAD-003762,46,Self-Employed,623000.0,5,546,0,0.0,50000.0,120,1,0.008,0,197000.0,0
TRAD-003763,49,Business Owner,912000.0,2,822,2,13400.0,50000.0,120,4,0.182,0,0.0,1
TRAD-003764,39,Salaried,120000.0,29,857,0,0.0,1422000.0,12,3,3.0,0,0.0,0
TRAD-003765,38,Salaried,703000.0,14,773,0,0.0,996000.0,12,0,1.417,0,662000.0,0
TRAD-003766,50,Salaried,987000.0,23,669,0,0.0,430000.0,12,0,0.436,0,0.0,1
TRAD-003767,53,Self-Employed,1174000.0,7,836,0,0.0,1533000.0,60,3,0.261,0,190000.0,1
TRAD-003768,56,Salaried,855000.0,19,669,1,6600.0,485000.0,240,3,0.121,0,339000.0,1
TRAD-003769,35,Self-Employed,1122000.0,26,633,2,9500.0,523000.0,12,3,0.568,0,0.0,1
TRAD-003770,39,Business Owner,697000.0,20,663,1,15100.0,391000.0,120,1,0.316,0,0.0,1
TRAD-003771,35,Business Owner,651000.0,15,646,0,0.0,2139000.0,120,3,0.329,0,0.0,1
TRAD-003772,44,Salaried,798000.0,6,610,2,26100.0,1053000.0,240,1,0.458,0,134000.0,1
TRAD-003773,26,Salaried,649000.0,7,805,1,6700.0,1027000.0,84,3,0.35,0,365000.0,1
TRAD-003774,39,Salaried,431000.0,17,627,0,0.0,1203000.0,240,1,0.14,0,557000.0,1
TRAD-003775,29,Salaried,506000.0,13,697,1,13300.0,50000.0,60,0,0.335,1,134000.0,0
TRAD-003776,44,Self-Employed,339000.0,1,563,0,0.0,514000.0,36,4,0.505,0,185000.0,0
TRAD-003777,58,Salaried,798000.0,5,703,0,0.0,1196000.0,240,4,0.075,0,270000.0,1
TRAD-003778,64,Self-Employed,653000.0,12,590,0,0.0,897000.0,60,3,0.275,0,99000.0,1
TRAD-003779,40,Salaried,549000.0,5,588,1,10200.0,2334000.0,36,3,1.64,0,404000.0,0
TRAD-003780,23,Business Owner,491000.0,16,690,0,0.0,552000.0,84,3,0.161,0,412000.0,1
TRAD-003781,31,Business Owner,791000.0,9,800,1,2200.0,1513000.0,48,3,0.512,0,0.0,1
TRAD-003782,25,Salaried,869000.0,8,742,0,0.0,1424000.0,120,2,0.164,0,460000.0,1
TRAD-003783,54,Business Owner,333000.0,3,748,3,38900.0,993000.0,120,4,1.7,0,332000.0,0
TRAD-003784,64,Salaried,289000.0,15,688,2,17700.0,1111000.0,12,3,3.0,0,365000.0,0
TRAD-003785,45,Self-Employed,917000.0,5,668,1,12200.0,711000.0,60,2,0.315,0,595000.0,1
TRAD-003786,28,Business Owner,265000.0,18,775,0,0.0,50000.0,180,2,0.013,0,0.0,1
TRAD-003787,21,Business Owner,803000.0,28,646,0,0.0,1127000.0,84,4,0.2,0,0.0,1
TRAD-003788,63,Business Owner,1103000.0,27,779,0,0.0,1178000.0,120,2,0.107,0,282000.0,1
TRAD-003789,34,Salaried,1103000.0,20,817,0,0.0,1281000.0,240,0,0.058,1,0.0,1
TRAD-003790,25,Business Owner,857000.0,24,620,0,0.0,941000.0,48,4,0.275,0,247000.0,1
TRAD-003791,28,Self-Employed,848000.0,27,634,1,3600.0,1531000.0,120,0,0.231,0,512000.0,1
TRAD-003792,32,Salaried,1281000.0,20,648,1,10600.0,337000.0,12,1,0.362,1,399000.0,0
TRAD-003793,49,Salaried,120000.0,7,561,0,0.0,1854000.0,24,1,3.0,0,320000.0,0
TRAD-003794,60,Self-Employed,520000.0,15,655,2,8100.0,258000.0,120,0,0.237,0,242000.0,1
TRAD-003795,33,Self-Employed,888000.0,25,824,1,3800.0,830000.0,24,1,0.519,0,193000.0,1
TRAD-003796,51,Salaried,556000.0,20,601,1,13800.0,1343000.0,180,0,0.459,0,179000.0,0
TRAD-003797,23,Business Owner,997000.0,10,826,2,7500.0,565000.0,180,2,0.128,1,357000.0,1
TRAD-003798,21,Self-Employed,639000.0,5,659,3,37100.0,1387000.0,240,4,0.805,0,0.0,0
TRAD-003799,23,Salaried,687000.0,4,900,0,0.0,677000.0,12,1,0.985,1,666000.0,0
TRAD-003800,61,Salaried,573000.0,11,635,3,22000.0,977000.0,36,1,1.029,0,116000.0,0
TRAD-003801,46,Self-Employed,504000.0,24,686,3,44600.0,782000.0,60,3,1.372,0,439000.0,0
TRAD-003802,56,Self-Employed,497000.0,16,614,0,0.0,525000.0,12,3,1.056,0,320000.0,1
TRAD-003803,21,Self-Employed,726000.0,1,635,2,20200.0,2363000.0,240,4,0.497,0,12000.0,0
TRAD-003804,21,Salaried,433000.0,27,827,0,0.0,354000.0,240,2,0.041,0,623000.0,1
TRAD-003805,58,Self-Employed,917000.0,12,745,1,11800.0,50000.0,120,3,0.16,0,570000.0,1
TRAD-003806,25,Self-Employed,833000.0,11,798,1,4700.0,378000.0,36,4,0.219,0,0.0,1
TRAD-003807,27,Business Owner,958000.0,24,575,2,16200.0,985000.0,24,2,0.717,0,282000.0,0
TRAD-003808,43,Salaried,334000.0,11,762,0,0.0,655000.0,180,4,0.131,0,352000.0,1
TRAD-003809,47,Self-Employed,174000.0,18,608,0,0.0,1562000.0,120,4,0.898,0,0.0,0
TRAD-003810,31,Salaried,649000.0,27,573,0,0.0,1538000.0,240,0,0.118,0,0.0,1
TRAD-003811,40,Salaried,1462000.0,15,723,1,3300.0,693000.0,48,3,0.146,0,92000.0,1
TRAD-003812,50,Self-Employed,1005000.0,18,722,0,0.0,50000.0,24,3,0.025,0,0.0,1
TRAD-003813,40,Self-Employed,495000.0,10,705,1,11900.0,66000.0,240,4,0.295,0,39000.0,1
TRAD-003814,37,Salaried,769000.0,26,768,0,0.0,879000.0,12,2,1.143,0,0.0,0
TRAD-003815,24,Self-Employed,854000.0,2,783,1,15000.0,50000.0,84,1,0.219,0,269000.0,1
TRAD-003816,40,Salaried,267000.0,8,840,0,0.0,661000.0,60,2,0.495,0,77000.0,1
TRAD-003817,56,Salaried,1033000.0,29,587,4,21700.0,1824000.0,60,3,0.605,0,578000.0,0
TRAD-003818,48,Salaried,603000.0,14,843,1,3400.0,1123000.0,48,4,0.533,0,345000.0,1
TRAD-003819,60,Salaried,625000.0,5,879,0,0.0,930000.0,12,0,1.488,0,499000.0,1
TRAD-003820,26,Self-Employed,657000.0,12,665,0,0.0,223000.0,84,0,0.048,0,0.0,1
TRAD-003821,21,Business Owner,970000.0,7,541,1,8300.0,1018000.0,36,1,0.453,1,143000.0,0
TRAD-003822,45,Self-Employed,439000.0,15,569,0,0.0,732000.0,24,2,0.834,0,334000.0,0
TRAD-003823,28,Salaried,172000.0,7,656,0,0.0,1055000.0,48,0,1.533,0,413000.0,0
TRAD-003824,47,Salaried,740000.0,11,891,1,10600.0,1373000.0,36,4,0.79,0,138000.0,1
TRAD-003825,60,Salaried,120000.0,27,702,1,8400.0,1484000.0,120,3,2.077,0,175000.0,0
TRAD-003826,35,Self-Employed,566000.0,2,641,1,3400.0,984000.0,48,4,0.507,0,202000.0,0
TRAD-003827,45,Salaried,982000.0,22,635,0,0.0,1233000.0,60,0,0.251,0,226000.0,1
TRAD-003828,50,Salaried,812000.0,2,574,2,20000.0,567000.0,60,1,0.435,1,841000.0,0
TRAD-003829,27,Self-Employed,942000.0,13,783,2,26900.0,1636000.0,180,2,0.458,0,378000.0,1
TRAD-003830,60,Self-Employed,824000.0,20,691,1,600.0,323000.0,12,3,0.401,0,310000.0,1
TRAD-003831,29,Salaried,1325000.0,28,899,1,9200.0,765000.0,12,3,0.661,1,0.0,1
TRAD-003832,56,Salaried,485000.0,7,760,2,12300.0,1704000.0,180,2,0.539,0,0.0,1
TRAD-003833,50,Self-Employed,761000.0,1,779,0,0.0,587000.0,36,1,0.257,1,247000.0,0
TRAD-003834,27,Salaried,527000.0,22,677,1,12800.0,50000.0,120,1,0.301,0,583000.0,1
TRAD-003835,52,Salaried,918000.0,26,596,1,10500.0,633000.0,84,1,0.236,0,250000.0,1
TRAD-003836,29,Business Owner,633000.0,16,617,3,27200.0,1805000.0,120,3,0.801,0,261000.0,0
TRAD-003837,47,Salaried,1131000.0,1,570,4,36200.0,50000.0,84,4,0.39,0,114000.0,0
TRAD-003838,63,Salaried,501000.0,15,786,2,5500.0,967000.0,36,2,0.775,0,0.0,0
TRAD-003839,62,Salaried,1044000.0,11,663,0,0.0,488000.0,60,4,0.093,0,409000.0,1
TRAD-003840,59,Salaried,816000.0,13,790,0,0.0,791000.0,36,1,0.323,0,236000.0,1
TRAD-003841,42,Salaried,641000.0,1,713,0,0.0,673000.0,48,4,0.262,0,412000.0,1
TRAD-003842,45,Salaried,802000.0,9,672,1,13600.0,1524000.0,60,0,0.584,0,339000.0,1
TRAD-003843,34,Self-Employed,723000.0,29,589,1,12300.0,935000.0,12,3,1.497,0,59000.0,0
TRAD-003844,61,Salaried,750000.0,1,729,0,0.0,1557000.0,12,4,2.076,0,356000.0,0
TRAD-003845,41,Business Owner,592000.0,27,679,0,0.0,1735000.0,120,1,0.293,0,0.0,1
TRAD-003846,54,Business Owner,454000.0,15,786,0,0.0,919000.0,12,3,2.024,1,354000.0,0
TRAD-003847,36,Salaried,556000.0,17,632,1,8400.0,666000.0,240,0,0.241,0,284000.0,1
TRAD-003848,53,Salaried,179000.0,28,759,1,11600.0,1145000.0,84,4,1.691,0,685000.0,0
TRAD-003849,30,Self-Employed,886000.0,6,856,0,0.0,1271000.0,180,2,0.096,0,83000.0,1
TRAD-003850,53,Business Owner,304000.0,29,726,1,14000.0,150000.0,60,2,0.651,0,0.0,1
TRAD-003851,23,Business Owner,589000.0,8,775,2,14000.0,1053000.0,120,4,0.464,0,197000.0,1
TRAD-003852,25,Salaried,831000.0,10,754,0,0.0,735000.0,24,4,0.442,0,452000.0,1
TRAD-003853,36,Salaried,885000.0,13,880,2,17400.0,627000.0,84,1,0.337,0,0.0,1
TRAD-003854,42,Salaried,153000.0,18,735,1,8800.0,451000.0,36,4,1.673,0,519000.0,0
TRAD-003855,52,Business Owner,624000.0,9,766,0,0.0,493000.0,120,1,0.079,1,248000.0,0
TRAD-003856,36,Self-Employed,779000.0,23,697,1,9600.0,1716000.0,48,4,0.699,0,15000.0,1
TRAD-003857,21,Salaried,665000.0,0,626,0,0.0,663000.0,120,3,0.1,0,208000.0,0
TRAD-003858,35,Self-Employed,1026000.0,19,585,0,0.0,1643000.0,240,2,0.08,0,115000.0,1
TRAD-003859,40,Salaried,420000.0,19,820,2,7600.0,985000.0,12,2,2.562,0,0.0,0
TRAD-003860,44,Self-Employed,120000.0,16,604,1,12600.0,164000.0,12,1,2.627,0,0.0,0
TRAD-003861,49,Salaried,877000.0,18,771,1,11800.0,1024000.0,48,2,0.453,0,483000.0,1
TRAD-003862,31,Self-Employed,500000.0,22,740,1,10200.0,128000.0,60,2,0.296,0,160000.0,1
TRAD-003863,47,Self-Employed,158000.0,27,787,3,18800.0,1295000.0,180,4,1.974,0,202000.0,0
TRAD-003864,48,Self-Employed,606000.0,6,651,0,0.0,765000.0,48,2,0.316,0,511000.0,1
TRAD-003865,55,Salaried,995000.0,14,625,1,4200.0,1456000.0,180,2,0.148,0,314000.0,1
TRAD-003866,43,Business Owner,296000.0,16,736,2,16900.0,1832000.0,120,3,1.304,0,0.0,0
TRAD-003867,56,Self-Employed,1304000.0,10,672,0,0.0,50000.0,120,4,0.004,0,468000.0,1
TRAD-003868,30,Salaried,415000.0,29,583,0,0.0,600000.0,240,4,0.072,0,671000.0,1
TRAD-003869,52,Salaried,674000.0,15,884,2,9800.0,114000.0,36,1,0.231,0,426000.0,1
TRAD-003870,23,Self-Employed,309000.0,17,625,2,24000.0,2303000.0,120,4,1.677,0,84000.0,0
TRAD-003871,25,Salaried,662000.0,5,606,0,0.0,614000.0,180,2,0.062,0,0.0,0
TRAD-003872,59,Salaried,613000.0,12,677,0,0.0,50000.0,240,0,0.004,0,75000.0,1
TRAD-003873,41,Salaried,233000.0,18,819,1,13400.0,2356000.0,36,0,3.0,0,326000.0,0
TRAD-003874,48,Salaried,1441000.0,12,494,1,5200.0,428000.0,180,1,0.063,0,657000.0,1
TRAD-003875,47,Salaried,511000.0,23,811,1,8900.0,50000.0,36,1,0.242,1,110000.0,0
TRAD-003876,51,Self-Employed,512000.0,4,613,1,6500.0,147000.0,240,2,0.167,0,138000.0,0
TRAD-003877,31,Salaried,921000.0,4,725,2,23900.0,993000.0,60,0,0.527,0,555000.0,1
TRAD-003878,28,Self-Employed,1158000.0,10,636,1,11600.0,930000.0,180,0,0.174,0,191000.0,1
TRAD-003879,22,Salaried,965000.0,9,889,0,0.0,357000.0,84,0,0.053,0,728000.0,1
TRAD-003880,59,Salaried,314000.0,24,712,2,18700.0,585000.0,12,4,2.578,0,263000.0,0
TRAD-003881,30,Salaried,710000.0,26,633,2,0.0,935000.0,48,1,0.329,0,592000.0,1
TRAD-003882,46,Self-Employed,123000.0,14,671,0,0.0,1761000.0,84,3,2.045,0,396000.0,0
TRAD-003883,41,Business Owner,902000.0,15,709,0,0.0,1117000.0,84,2,0.177,1,477000.0,1
TRAD-003884,28,Salaried,192000.0,8,717,1,7700.0,534000.0,60,1,1.038,0,256000.0,0
TRAD-003885,39,Salaried,425000.0,15,742,0,0.0,752000.0,120,1,0.177,0,272000.0,1
TRAD-003886,24,Salaried,649000.0,21,700,1,10800.0,1400000.0,84,0,0.508,0,405000.0,1
TRAD-003887,28,Salaried,775000.0,21,569,0,0.0,1992000.0,24,0,1.285,0,500000.0,0
TRAD-003888,27,Business Owner,577000.0,29,668,3,18300.0,182000.0,12,3,0.696,0,432000.0,1
TRAD-003889,57,Salaried,1075000.0,17,758,2,16000.0,1624000.0,36,2,0.682,0,0.0,1
TRAD-003890,45,Business Owner,853000.0,10,636,0,0.0,697000.0,24,4,0.409,0,364000.0,1
TRAD-003891,61,Self-Employed,831000.0,2,764,0,0.0,50000.0,120,0,0.006,0,136000.0,1
TRAD-003892,40,Salaried,306000.0,20,703,1,9200.0,50000.0,240,4,0.369,0,164000.0,1
TRAD-003893,29,Business Owner,1126000.0,24,679,1,4300.0,1767000.0,240,0,0.124,1,414000.0,1
TRAD-003894,47,Salaried,425000.0,16,813,1,9000.0,1845000.0,84,3,0.874,0,724000.0,1
TRAD-003895,61,Self-Employed,1137000.0,27,535,2,12100.0,530000.0,180,4,0.159,1,242000.0,1
TRAD-003896,44,Salaried,1216000.0,9,636,1,14800.0,762000.0,84,0,0.236,0,793000.0,1
TRAD-003897,21,Business Owner,794000.0,1,817,0,0.0,50000.0,24,2,0.031,0,26000.0,1
TRAD-003898,34,Salaried,939000.0,18,874,0,0.0,1395000.0,84,4,0.212,0,608000.0,1
TRAD-003899,61,Salaried,120000.0,3,900,0,0.0,882000.0,84,4,1.05,1,408000.0,0
TRAD-003900,43,Business Owner,595000.0,2,705,0,0.0,50000.0,60,1,0.017,0,352000.0,1
TRAD-003901,62,Salaried,959000.0,21,744,1,8300.0,1033000.0,180,0,0.176,0,646000.0,1
TRAD-003902,43,Salaried,909000.0,13,778,0,0.0,50000.0,240,1,0.003,0,141000.0,1
TRAD-003903,21,Self-Employed,308000.0,18,821,2,29800.0,1262000.0,36,2,2.527,0,619000.0,0
TRAD-003904,59,Salaried,568000.0,22,730,0,0.0,196000.0,12,1,0.345,0,248000.0,1
TRAD-003905,54,Business Owner,120000.0,11,788,0,0.0,1119000.0,84,0,1.332,0,139000.0,0
TRAD-003906,52,Self-Employed,766000.0,18,744,2,28800.0,476000.0,12,2,1.073,1,0.0,0
TRAD-003907,63,Self-Employed,123000.0,16,750,0,0.0,50000.0,48,2,0.102,0,696000.0,1
TRAD-003908,29,Salaried,967000.0,17,613,1,7200.0,1548000.0,240,1,0.169,0,585000.0,1
TRAD-003909,60,Salaried,981000.0,21,669,0,0.0,1583000.0,84,4,0.231,0,180000.0,1
TRAD-003910,31,Business Owner,517000.0,11,650,0,0.0,561000.0,240,1,0.054,0,436000.0,1
TRAD-003911,63,Salaried,796000.0,15,587,0,0.0,1078000.0,12,4,1.354,0,332000.0,0
TRAD-003912,29,Salaried,589000.0,17,543,2,22300.0,1185000.0,120,0,0.656,0,212000.0,0
TRAD-003913,45,Salaried,718000.0,4,660,2,9800.0,1206000.0,36,2,0.724,0,541000.0,0
TRAD-003914,55,Salaried,329000.0,6,675,2,15300.0,2022000.0,12,4,3.0,0,144000.0,0
TRAD-003915,24,Self-Employed,824000.0,2,710,0,0.0,1171000.0,36,1,0.474,0,0.0,0
TRAD-003916,23,Self-Employed,190000.0,5,753,2,7100.0,668000.0,240,3,0.624,0,365000.0,0
TRAD-003917,58,Self-Employed,138000.0,13,718,1,11600.0,1178000.0,48,3,3.0,0,317000.0,0
TRAD-003918,23,Business Owner,616000.0,28,676,0,0.0,621000.0,240,1,0.05,0,152000.0,1
TRAD-003919,48,Salaried,591000.0,27,613,1,14200.0,207000.0,24,3,0.463,1,77000.0,0
TRAD-003920,62,Salaried,726000.0,22,783,0,0.0,1693000.0,84,3,0.333,0,0.0,1
TRAD-003921,48,Salaried,468000.0,16,690,1,7400.0,1247000.0,48,2,0.856,0,209000.0,0
TRAD-003922,42,Self-Employed,1178000.0,6,659,0,0.0,50000.0,36,1,0.014,0,81000.0,1
TRAD-003923,39,Salaried,695000.0,10,682,0,0.0,456000.0,60,2,0.131,0,541000.0,1
TRAD-003924,49,Self-Employed,715000.0,22,630,0,0.0,1392000.0,84,0,0.278,0,429000.0,1
TRAD-003925,46,Salaried,705000.0,27,650,0,0.0,50000.0,12,2,0.071,0,179000.0,1
TRAD-003926,43,Business Owner,931000.0,28,647,0,0.0,411000.0,84,1,0.063,0,431000.0,1
TRAD-003927,27,Business Owner,811000.0,11,673,0,0.0,2630000.0,36,1,1.081,0,273000.0,0
TRAD-003928,50,Business Owner,774000.0,14,762,0,0.0,685000.0,180,1,0.059,0,233000.0,1
TRAD-003929,53,Salaried,856000.0,15,739,1,5100.0,1604000.0,24,2,1.008,0,286000.0,1
TRAD-003930,52,Business Owner,139000.0,1,847,0,0.0,1875000.0,36,0,3.0,0,743000.0,0
TRAD-003931,24,Salaried,150000.0,3,815,1,11100.0,309000.0,240,0,0.991,0,461000.0,0
TRAD-003932,51,Salaried,629000.0,1,886,0,0.0,1073000.0,36,1,0.569,0,225000.0,1
TRAD-003933,53,Salaried,595000.0,22,753,2,22800.0,2238000.0,24,2,2.341,0,523000.0,0
TRAD-003934,29,Salaried,812000.0,6,752,2,25200.0,1199000.0,60,1,0.668,1,514000.0,0
TRAD-003935,58,Self-Employed,656000.0,21,654,0,0.0,2438000.0,84,2,0.531,0,365000.0,1
TRAD-003936,44,Salaried,813000.0,11,778,1,5500.0,486000.0,84,0,0.167,1,218000.0,1
TRAD-003937,41,Salaried,301000.0,23,638,1,12700.0,2068000.0,48,2,2.224,0,201000.0,0
TRAD-003938,52,Self-Employed,647000.0,3,560,0,0.0,911000.0,12,2,1.408,0,31000.0,0
TRAD-003939,43,Business Owner,275000.0,9,845,1,6600.0,687000.0,36,1,1.121,0,345000.0,0
TRAD-003940,44,Self-Employed,758000.0,6,581,1,8400.0,1316000.0,12,0,1.869,0,148000.0,0
TRAD-003941,34,Self-Employed,124000.0,13,742,0,0.0,828000.0,180,3,0.445,0,191000.0,0
TRAD-003942,61,Salaried,748000.0,16,616,1,6300.0,845000.0,36,1,0.478,0,456000.0,1
TRAD-003943,63,Business Owner,239000.0,5,807,1,10200.0,1215000.0,84,2,1.238,0,722000.0,0
TRAD-003944,26,Salaried,543000.0,20,820,0,0.0,50000.0,36,3,0.031,0,394000.0,1
TRAD-003945,53,Salaried,901000.0,28,750,0,0.0,381000.0,84,0,0.06,0,274000.0,1
TRAD-003946,22,Salaried,714000.0,1,818,1,9300.0,1370000.0,12,3,2.075,0,295000.0,0
TRAD-003947,37,Self-Employed,189000.0,2,701,0,0.0,1544000.0,12,1,3.0,0,584000.0,0
TRAD-003948,63,Salaried,462000.0,28,900,1,6800.0,1132000.0,36,2,0.993,0,397000.0,1
TRAD-003949,28,Self-Employed,230000.0,19,771,1,7000.0,1079000.0,36,0,1.929,0,348000.0,0
TRAD-003950,37,Salaried,175000.0,27,614,0,0.0,1162000.0,36,2,2.213,0,366000.0,0
TRAD-003951,30,Salaried,683000.0,21,707,1,10000.0,1523000.0,36,1,0.919,0,0.0,1
TRAD-003952,53,Salaried,807000.0,21,686,1,11700.0,50000.0,120,0,0.18,0,398000.0,1
TRAD-003953,41,Salaried,773000.0,4,676,2,17400.0,569000.0,48,2,0.454,0,81000.0,1
TRAD-003954,47,Salaried,819000.0,15,543,1,5500.0,852000.0,24,3,0.601,0,399000.0,1
TRAD-003955,62,Self-Employed,647000.0,10,737,0,0.0,1027000.0,240,1,0.079,0,116000.0,1
TRAD-003956,43,Salaried,573000.0,25,568,2,28700.0,50000.0,84,3,0.614,0,448000.0,0
TRAD-003957,53,Salaried,350000.0,1,460,1,12600.0,83000.0,48,1,0.491,0,262000.0,0
TRAD-003958,25,Self-Employed,527000.0,0,667,0,0.0,889000.0,60,4,0.337,0,14000.0,0
TRAD-003959,30,Salaried,280000.0,16,628,0,0.0,1559000.0,36,1,1.856,0,227000.0,0
TRAD-003960,62,Salaried,413000.0,29,618,1,19800.0,628000.0,48,3,0.955,0,851000.0,0
TRAD-003961,58,Salaried,675000.0,29,405,0,0.0,467000.0,12,1,0.692,0,0.0,0
TRAD-003962,49,Salaried,617000.0,17,619,1,8000.0,1244000.0,180,2,0.29,0,342000.0,1
TRAD-003963,37,Salaried,1508000.0,12,684,1,11800.0,687000.0,48,0,0.208,0,47000.0,1
TRAD-003964,29,Self-Employed,273000.0,8,640,1,5300.0,1473000.0,120,0,0.773,0,644000.0,0
TRAD-003965,58,Salaried,615000.0,29,737,1,12400.0,756000.0,12,4,1.471,0,504000.0,1
TRAD-003966,55,Self-Employed,251000.0,5,832,2,18800.0,175000.0,12,0,1.596,0,346000.0,0
TRAD-003967,31,Salaried,541000.0,3,749,1,10500.0,1823000.0,48,2,1.075,0,529000.0,0
TRAD-003968,46,Self-Employed,553000.0,15,798,0,0.0,1704000.0,12,2,3.0,0,361000.0,0
TRAD-003969,48,Self-Employed,887000.0,11,805,1,5800.0,279000.0,240,3,0.094,0,302000.0,1
TRAD-003970,42,Salaried,524000.0,14,603,0,0.0,1157000.0,12,0,2.208,0,150000.0,0
TRAD-003971,61,Salaried,596000.0,27,742,1,14900.0,688000.0,84,0,0.465,0,210000.0,1
TRAD-003972,26,Salaried,530000.0,8,795,1,12800.0,1302000.0,48,1,0.904,0,184000.0,1
TRAD-003973,32,Business Owner,258000.0,26,659,0,0.0,331000.0,24,4,0.641,0,303000.0,0
TRAD-003974,25,Business Owner,467000.0,6,625,1,10400.0,1467000.0,24,1,1.838,0,0.0,0
TRAD-003975,51,Salaried,543000.0,9,750,2,0.0,1677000.0,36,2,1.029,0,557000.0,0
TRAD-003976,49,Self-Employed,671000.0,0,559,0,0.0,284000.0,12,2,0.423,0,787000.0,1
TRAD-003977,64,Salaried,807000.0,20,597,3,23900.0,944000.0,84,2,0.522,1,192000.0,0
TRAD-003978,44,Salaried,584000.0,25,637,1,4700.0,1690000.0,36,4,1.061,0,594000.0,0
TRAD-003979,27,Self-Employed,579000.0,26,743,0,0.0,249000.0,12,3,0.43,0,266000.0,1
TRAD-003980,40,Salaried,168000.0,5,721,1,5100.0,465000.0,24,2,1.748,0,149000.0,0
TRAD-003981,24,Salaried,801000.0,23,798,2,18400.0,1330000.0,240,1,0.359,0,205000.0,1
TRAD-003982,50,Business Owner,455000.0,4,612,1,9200.0,796000.0,36,1,0.826,0,321000.0,0
TRAD-003983,50,Salaried,859000.0,18,607,4,50500.0,50000.0,84,4,0.714,0,120000.0,0
TRAD-003984,58,Self-Employed,1019000.0,21,750,0,0.0,692000.0,48,0,0.17,0,452000.0,1
TRAD-003985,35,Salaried,597000.0,4,624,0,0.0,2035000.0,60,0,0.682,1,170000.0,0
TRAD-003986,34,Salaried,363000.0,3,643,1,8300.0,2241000.0,180,1,0.686,0,32000.0,0
TRAD-003987,24,Salaried,645000.0,2,524,1,16200.0,486000.0,120,4,0.377,0,295000.0,0
TRAD-003988,39,Business Owner,748000.0,21,728,0,0.0,306000.0,60,3,0.082,0,127000.0,1
TRAD-003989,41,Salaried,562000.0,18,846,1,700.0,602000.0,24,4,0.551,1,218000.0,0
TRAD-003990,54,Salaried,492000.0,3,602,1,5500.0,2071000.0,180,3,0.415,0,286000.0,1
TRAD-003991,54,Self-Employed,808000.0,15,797,1,12200.0,1447000.0,12,2,1.972,0,0.0,0
TRAD-003992,27,Business Owner,789000.0,23,694,1,9700.0,1852000.0,84,0,0.483,1,665000.0,0
TRAD-003993,33,Business Owner,553000.0,7,532,2,9000.0,1549000.0,84,4,0.595,0,503000.0,0
TRAD-003994,43,Self-Employed,187000.0,18,615,0,0.0,50000.0,240,3,0.013,0,142000.0,1
TRAD-003995,35,Salaried,778000.0,8,609,0,0.0,283000.0,24,0,0.182,0,295000.0,1
TRAD-003996,22,Self-Employed,435000.0,7,670,0,0.0,447000.0,36,4,0.343,0,459000.0,1
TRAD-003997,58,Business Owner,710000.0,11,740,0,0.0,561000.0,12,3,0.79,0,352000.0,1
TRAD-003998,53,Business Owner,692000.0,10,876,2,16900.0,459000.0,36,3,0.514,0,770000.0,1
TRAD-003999,43,Business Owner,121000.0,14,564,2,32200.0,535000.0,240,1,3.0,0,240000.0,0
